1670188011.016841,10.10.1.100:47918,18200.0,0.751,,,12,
1670188011.093553,10.10.1.100:47918,960.9,26.606,,,18,
1670188011.169752,10.10.1.100:47918,958.0,77.744,,,24,
1670188011.245882,10.10.1.100:47918,958.0,117.97,,,31,
1670188011.321654,10.10.1.100:47918,958.0,151.368,,,37,
1670188011.397698,10.10.1.100:47918,958.0,185.718,,,2,1
1670188011.473868,10.10.1.100:47918,958.0,220.734,,,2,1
1670188011.550156,10.10.1.100:47918,958.0,274.525,,,2,1
1670188011.627728,10.10.1.100:47918,958.0,319.341,,,2,1
1670188011.706596,10.10.1.100:47918,958.0,364.092,,,2,1
1670188011.835648,10.10.1.100:47918,956.2,407.343,,,2,1
1670188011.974221,10.10.1.100:47918,954.5,146.395,,,3,1
1670188012.109342,10.10.1.100:47918,954.2,78.539,,,4,1
1670188012.184970,10.10.1.100:47918,955.9,66.853,,,5,1
1670188012.261514,10.10.1.100:47918,957.4,68.682,,,6,1
1670188012.337435,10.10.1.100:47918,956.7,69.987,,,6,1
1670188012.413622,10.10.1.100:47918,636.3,70.883,,,5,3
1670188012.490232,10.10.1.100:47918,955.9,71.505,,,4,3
1670188012.567018,10.10.1.100:47918,955.9,67.012,,,5,3
1670188012.645267,10.10.1.100:47918,958.9,68.857,,,6,3
1670188012.720735,10.10.1.100:47918,636.7,70.09,,,5,3
1670188012.826491,10.10.1.100:47918,948.4,71.156,,,4,3
1670188012.962583,10.10.1.100:47918,955.0,66.904,,,5,3
1670188013.096666,10.10.1.100:47918,637.3,70.128,,,6,3
1670188013.218482,10.10.1.100:47918,957.2,71.352,,,5,3
1670188013.362565,10.10.1.100:47918,639.2,72.019,,,6,3
1670188013.500861,10.10.1.100:47918,954.6,72.332,,,4,3
1670188013.641520,10.10.1.100:47918,956.0,68.616,,,5,3
1670188013.775663,10.10.1.100:47918,954.5,70.817,,,5,3
1670188013.927272,10.10.1.100:47918,938.2,71.823,,,6,3
1670188014.064403,10.10.1.100:47918,158.2,72.597,,,5,3
1670188014.066783,10.10.1.100:56730,933.7,72.491,,,10,
1670188014.260162,10.10.1.100:47918,158.2,67.37,,,5,3
1670188014.265097,10.10.1.100:56730,947.4,76.634,,,10,
1670188014.424403,10.10.1.100:47918,232.5,71.903,,,5,3
1670188014.429456,10.10.1.100:56732,946.0,48.911,,,11,
1670188014.572417,10.10.1.100:47918,586.6,72.28,,,5,3
1670188014.577380,10.10.1.100:56732,298.2,93.683,,,18,
1670188014.717440,10.10.1.100:47918,691.4,113.078,,,4,3
1670188014.722496,10.10.1.100:56732,298.2,164.546,,,18,
1670188014.859439,10.10.1.100:47918,782.5,113.078,,,4,3
1670188014.864125,10.10.1.100:56732,174.0,236.005,,,18,
1670188015.001290,10.10.1.100:47918,782.4,148.991,,,3,3
1670188015.006100,10.10.1.100:56732,174.0,256.131,,,18,
1670188015.145543,10.10.1.100:47918,782.1,148.991,,,3,3
1670188015.150277,10.10.1.100:56732,117.9,264.116,,,18,
1670188015.268661,10.10.1.100:47918,782.1,180.612,,,4,3
1670188015.271402,10.10.1.100:56732,117.9,265.477,,,18,
1670188015.350023,10.10.1.100:47918,782.1,180.612,,,4,3
1670188015.352864,10.10.1.100:56732,156.4,261.826,,,18,
1670188015.432185,10.10.1.100:47918,822.1,201.789,,,5,3
1670188015.434932,10.10.1.100:56732,152.5,259.95,,,20,
1670188015.545782,10.10.1.100:47918,783.7,214.552,,,5,3
1670188015.550563,10.10.1.100:56732,173.8,262.011,,,20,
1670188015.682218,10.10.1.100:47918,781.2,221.05,,,4,3
1670188015.687087,10.10.1.100:56732,190.6,263.902,,,18,
1670188015.832418,10.10.1.100:47918,421.7,234.324,,,4,3
1670188015.837319,10.10.1.100:56732,186.3,241.478,,,18,
1670188015.946141,10.10.1.100:47918,717.2,223.967,,,3,3
1670188015.950911,10.10.1.100:56732,181.0,220.099,,,18,
1670188016.085542,10.10.1.100:47918,789.2,224.485,,,3,3
1670188016.090277,10.10.1.100:56732,168.7,208.817,,,18,
1670188016.230164,10.10.1.100:47918,785.6,222.174,,,2,2
1670188016.234443,10.10.1.100:56732,98.2,211.628,,,20,
1670188016.363444,10.10.1.100:47918,831.1,224.964,,,2,2
1670188016.367637,10.10.1.100:56732,99.8,209.098,,,20,
1670188016.501213,10.10.1.100:47918,839.6,225.327,,,2,2
1670188016.506104,10.10.1.100:56732,98.2,205.504,,,20,
1670188016.629752,10.10.1.100:47918,849.2,226.154,,,3,2
1670188016.632549,10.10.1.100:56732,94.9,205.294,,,20,
1670188016.711874,10.10.1.100:47918,853.5,228.394,,,3,2
1670188016.714574,10.10.1.100:56732,149.8,206.206,,,20,
1670188016.821434,10.10.1.100:47918,783.9,224.672,,,3,2
1670188016.826130,10.10.1.100:56732,135.8,210.405,,,20,
1670188016.963923,10.10.1.100:47918,804.2,228.575,,,3,2
1670188016.968750,10.10.1.100:56732,151.1,213.355,,,20,
1670188017.110342,10.10.1.100:47918,804.3,228.759,,,4,2
1670188017.115159,10.10.1.100:56732,95.6,226.715,,,20,
1670188017.254962,10.10.1.100:47918,819.6,234.064,,,4,2
1670188017.259785,10.10.1.100:56732,173.8,233.811,,,20,
1670188017.380633,10.10.1.100:47918,797.1,238.136,,,4,2
1670188017.383313,10.10.1.100:56732,174.0,259.683,,,20,
1670188017.461825,10.10.1.100:47918,819.1,241.658,,,5,2
1670188017.464494,10.10.1.100:56732,159.6,263.827,,,20,
1670188017.544328,10.10.1.100:47918,798.2,247.732,,,5,2
1670188017.547083,10.10.1.100:56732,159.6,269.676,,,20,
1670188017.670550,10.10.1.100:47918,783.9,247.732,,,5,2
1670188017.675217,10.10.1.100:56732,159.5,276.877,,,16,
1670188017.801295,10.10.1.100:47918,796.8,253.072,,,5,2
1670188017.801670,10.10.1.100:56732,167.2,279.108,,,16,
1670188017.981749,10.10.1.100:47918,552.1,274.105,,,5,2
1670188017.986852,10.10.1.100:56732,199.2,272.682,,,16,
1670188018.130187,10.10.1.100:47918,611.5,265.378,,,4,3
1670188018.135021,10.10.1.100:56732,167.2,262.708,,,16,
1670188018.274369,10.10.1.100:47918,728.9,266.725,,,4,3
1670188018.279123,10.10.1.100:56732,169.7,256.716,,,16,
1670188018.415305,10.10.1.100:47918,731.6,268.834,,,3,3
1670188018.420201,10.10.1.100:56732,134.3,249.119,,,16,
1670188018.559204,10.10.1.100:47918,763.4,267.465,,,2,2
1670188018.564717,10.10.1.100:56732,129.8,242.023,,,16,
1670188018.708275,10.10.1.100:47918,758.0,264.343,,,2,2
1670188018.713286,10.10.1.100:56732,91.9,234.239,,,16,
1670188018.852812,10.10.1.100:47918,811.3,261.793,,,2,1
1670188018.857636,10.10.1.100:56732,90.5,225.392,,,16,
1670188018.998583,10.10.1.100:47918,850.7,259.083,,,2,1
1670188019.003470,10.10.1.100:56732,95.0,219.47,,,16,
1670188019.145956,10.10.1.100:47918,733.7,256.693,,,3,1
1670188019.150763,10.10.1.100:56732,96.5,212.526,,,16,
1670188019.288874,10.10.1.100:47918,809.0,253.582,,,3,1
1670188019.293152,10.10.1.100:56732,137.9,204.839,,,16,
1670188019.417593,10.10.1.100:47918,805.1,247.741,,,4,1
1670188019.422349,10.10.1.100:56732,159.4,212.578,,,16,
1670188019.561654,10.10.1.100:47918,765.3,244.027,,,4,1
1670188019.566530,10.10.1.100:56732,172.9,219.076,,,16,
1670188019.708678,10.10.1.100:47918,765.3,250.302,,,4,1
1670188019.713588,10.10.1.100:56732,169.1,230.268,,,16,
1670188019.857021,10.10.1.100:47918,764.7,249.804,,,3,1
1670188019.862207,10.10.1.100:56732,132.7,234.266,,,16,
1670188020.002198,10.10.1.100:47918,727.2,252.875,,,2,1
1670188020.007056,10.10.1.100:56732,131.7,234.338,,,16,
1670188020.140693,10.10.1.100:47918,772.5,253.292,,,2,1
1670188020.145483,10.10.1.100:56732,131.6,227.873,,,16,
1670188020.281690,10.10.1.100:47918,720.6,253.65,,,2,1
1670188020.286983,10.10.1.100:56732,90.4,221.079,,,16,
1670188020.426697,10.10.1.100:47918,741.2,250.44,,,2,1
1670188020.431564,10.10.1.100:56732,99.9,211.674,,,16,
1670188020.533081,10.10.1.100:47918,807.0,246.117,,,3,1
1670188020.535861,10.10.1.100:56732,99.9,207.834,,,16,
1670188020.614784,10.10.1.100:47918,850.7,246.117,,,3,1
1670188020.617587,10.10.1.100:56732,99.8,206.829,,,16,
1670188020.695872,10.10.1.100:47918,890.4,243.844,,,3,1
1670188020.698630,10.10.1.100:56732,149.8,206.442,,,16,
1670188020.790562,10.10.1.100:47918,788.0,239.809,,,4,1
1670188020.795357,10.10.1.100:56732,149.8,210.791,,,16,
1670188020.934613,10.10.1.100:47918,760.2,238.836,,,4,1
1670188020.939478,10.10.1.100:56732,170.0,211.111,,,16,
1670188021.081108,10.10.1.100:47918,753.4,240.73,,,4,1
1670188021.085921,10.10.1.100:56732,201.2,223.471,,,16,
1670188021.223349,10.10.1.100:47918,776.5,241.969,,,3,1
1670188021.228425,10.10.1.100:56732,170.1,233.401,,,16,
1670188021.363023,10.10.1.100:47918,765.0,245.207,,,3,1
1670188021.367546,10.10.1.100:56732,133.5,236.394,,,16,
1670188021.499261,10.10.1.100:47918,769.2,248.26,,,2,1
1670188021.504041,10.10.1.100:56732,129.7,232.725,,,16,
1670188021.640622,10.10.1.100:47918,793.3,248.727,,,2,1
1670188021.645502,10.10.1.100:56732,135.8,229.359,,,16,
1670188021.782052,10.10.1.100:47918,810.1,249.115,,,2,1
1670188021.786856,10.10.1.100:56732,92.0,222.032,,,16,
1670188021.896359,10.10.1.100:47918,744.3,247.928,,,2,1
1670188021.899239,10.10.1.100:56732,95.0,217.197,,,16,
1670188021.976497,10.10.1.100:47918,744.0,245.436,,,3,1
1670188021.979177,10.10.1.100:56732,95.0,210.017,,,16,
1670188022.057635,10.10.1.100:47918,823.6,245.436,,,3,1
1670188022.060467,10.10.1.100:56732,94.9,206.641,,,16,
1670188022.138270,10.10.1.100:47918,851.0,243.741,,,3,1
1670188022.141006,10.10.1.100:56732,152.4,207.119,,,16,
1670188022.219995,10.10.1.100:47918,806.2,239.913,,,4,1
1670188022.222767,10.10.1.100:56732,152.4,209.652,,,16,
1670188022.301873,10.10.1.100:47918,849.2,239.913,,,4,1
1670188022.304644,10.10.1.100:56732,137.9,215.466,,,16,
1670188022.389233,10.10.1.100:47918,804.3,241.419,,,4,1
1670188022.394063,10.10.1.100:56732,171.1,218.818,,,16,
1670188022.536891,10.10.1.100:47918,710.0,242.527,,,4,1
1670188022.541741,10.10.1.100:56732,181.0,224.234,,,16,
1670188022.685698,10.10.1.100:47918,691.3,244.205,,,4,1
1670188022.690523,10.10.1.100:56732,171.2,223.528,,,16,
1670188022.834275,10.10.1.100:47918,764.5,245.636,,,3,1
1670188022.834647,10.10.1.100:56732,150.9,232.061,,,16,
1670188022.996696,10.10.1.100:47918,769.0,245.892,,,4,1
1670188023.000100,10.10.1.100:56732,159.4,230.314,,,16,
1670188023.138319,10.10.1.100:47918,699.2,243.522,,,4,1
1670188023.143162,10.10.1.100:56732,170.0,230.5,,,16,
1670188023.261348,10.10.1.100:47918,751.4,247.113,,,4,1
1670188023.264032,10.10.1.100:56732,201.4,235.883,,,16,
1670188023.392473,10.10.1.100:47918,804.3,246.825,,,3,1
1670188023.397273,10.10.1.100:56732,170.2,238.739,,,16,
1670188023.539369,10.10.1.100:47918,765.4,249.468,,,3,1
1670188023.544209,10.10.1.100:56732,129.7,238.454,,,16,
1670188023.683499,10.10.1.100:47918,746.5,251.226,,,2,1
1670188023.688439,10.10.1.100:56732,129.7,232.468,,,16,
1670188023.826082,10.10.1.100:47918,804.9,251.295,,,2,1
1670188023.830941,10.10.1.100:56732,94.8,226.882,,,16,
1670188023.923158,10.10.1.100:47918,832.0,250.443,,,2,1
1670188023.927974,10.10.1.100:56732,92.0,220.74,,,16,
1670188024.065313,10.10.1.100:47918,850.1,249.657,,,2,1
1670188024.070220,10.10.1.100:56732,94.8,218.08,,,16,
1670188024.201899,10.10.1.100:47918,784.3,246.914,,,3,1
1670188024.206716,10.10.1.100:56732,94.9,213.326,,,16,
1670188024.345967,10.10.1.100:47918,890.0,246.564,,,3,1
1670188024.350756,10.10.1.100:56732,108.8,210.925,,,4,
1670188024.488864,10.10.1.100:47918,804.9,235.315,,,4,1
1670188024.493378,10.10.1.100:56732,318.3,217.53,,,4,
1670188024.634618,10.10.1.100:47918,804.9,194.249,,,5,1
1670188024.639517,10.10.1.100:56732,378.5,177.557,,,18,
1670188024.782021,10.10.1.100:47918,804.9,171.68,,,5,1
1670188024.786973,10.10.1.100:56732,367.9,154.078,,,22,
1670188024.917689,10.10.1.100:47918,682.8,164.359,,,4,3
1670188024.922878,10.10.1.100:56732,197.1,156.906,,,22,
1670188025.060170,10.10.1.100:47918,743.8,178.821,,,3,3
1670188025.065086,10.10.1.100:56732,224.7,177.28,,,22,
1670188025.201046,10.10.1.100:47918,745.5,182.238,,,3,3
1670188025.205899,10.10.1.100:56732,159.5,197.223,,,22,
1670188025.345148,10.10.1.100:47918,806.2,193.475,,,2,2
1670188025.349859,10.10.1.100:56732,159.5,211.885,,,22,
1670188025.430683,10.10.1.100:47918,806.7,193.475,,,2,2
1670188025.433414,10.10.1.100:56732,85.6,223.286,,,22,
1670188025.570048,10.10.1.100:47918,859.7,210.813,,,3,2
1670188025.574895,10.10.1.100:56732,85.6,231.179,,,22,
1670188025.712132,10.10.1.100:47918,900.2,210.813,,,3,2
1670188025.717025,10.10.1.100:56732,128.4,237.979,,,22,
1670188025.853140,10.10.1.100:47918,832.1,224.819,,,4,2
1670188025.857882,10.10.1.100:56732,128.4,248.023,,,22,
1670188025.990086,10.10.1.100:47918,831.9,224.819,,,4,2
1670188025.994471,10.10.1.100:56732,130.3,258.947,,,22,
1670188026.117956,10.10.1.100:47918,796.5,237.401,,,4,2
1670188026.122981,10.10.1.100:56732,144.0,265.132,,,22,
1670188026.259144,10.10.1.100:47918,797.5,247.927,,,4,2
1670188026.263477,10.10.1.100:56732,119.6,280.129,,,22,
1670188026.397832,10.10.1.100:47918,797.1,256.877,,,5,2
1670188026.403817,10.10.1.100:56732,136.3,285.926,,,22,
1670188026.542973,10.10.1.100:47918,808.8,276.695,,,5,2
1670188026.547737,10.10.1.100:56732,153.0,300.197,,,22,
1670188026.688112,10.10.1.100:47918,842.3,279.957,,,4,3
1670188026.693342,10.10.1.100:56732,166.5,305.718,,,22,
1670188026.835111,10.10.1.100:47918,779.3,303.641,,,4,3
1670188026.839975,10.10.1.100:56732,166.5,311.886,,,22,
1670188026.950522,10.10.1.100:47918,779.3,303.641,,,4,3
1670188026.955396,10.10.1.100:56732,130.1,316.765,,,22,
1670188027.091446,10.10.1.100:47918,806.0,309.589,,,3,3
1670188027.096331,10.10.1.100:56732,133.2,313.463,,,22,
1670188027.233670,10.10.1.100:47918,782.4,316.727,,,3,3
1670188027.236418,10.10.1.100:56732,133.2,311.818,,,22,
1670188027.360258,10.10.1.100:47918,841.3,316.727,,,3,3
1670188027.365133,10.10.1.100:56732,102.1,308.505,,,22,
1670188027.495358,10.10.1.100:47918,738.7,322.189,,,2,2
1670188027.498280,10.10.1.100:56732,102.1,300.616,,,22,
1670188027.628121,10.10.1.100:47918,785.8,322.189,,,2,2
1670188027.633100,10.10.1.100:56732,70.6,292.241,,,22,
1670188027.754777,10.10.1.100:47918,915.0,321.401,,,2,1
1670188027.757494,10.10.1.100:56732,70.7,286.682,,,24,
1670188027.836605,10.10.1.100:47918,876.9,320.71,,,2,1
1670188027.839386,10.10.1.100:56732,70.7,286.948,,,24,
1670188027.918493,10.10.1.100:47918,876.9,320.71,,,2,1
1670188027.921288,10.10.1.100:56732,70.7,285.714,,,24,
1670188028.001135,10.10.1.100:47918,882.7,320.71,,,2,1
1670188028.003842,10.10.1.100:56732,73.3,283.682,,,24,
1670188028.082535,10.10.1.100:47918,917.8,319.624,,,2,1
1670188028.085319,10.10.1.100:56732,68.9,287.054,,,24,
1670188028.164077,10.10.1.100:47918,866.7,321.678,,,2,1
1670188028.166851,10.10.1.100:56732,68.9,295.231,,,24,
1670188028.298926,10.10.1.100:47918,877.2,321.678,,,2,1
1670188028.303762,10.10.1.100:56732,73.3,292.384,,,24,
1670188028.405974,10.10.1.100:47918,872.7,320.969,,,3,1
1670188028.408742,10.10.1.100:56732,68.9,291.916,,,24,
1670188028.487368,10.10.1.100:47918,882.9,321.82,,,3,1
1670188028.490127,10.10.1.100:56732,68.9,296.969,,,24,
1670188028.568652,10.10.1.100:47918,876.9,321.82,,,3,1
1670188028.571325,10.10.1.100:56732,68.9,298.546,,,24,
1670188028.649731,10.10.1.100:47918,918.3,321.82,,,3,1
1670188028.652504,10.10.1.100:56732,110.0,298.864,,,24,
1670188028.731007,10.10.1.100:47918,883.5,320.239,,,3,1
1670188028.734132,10.10.1.100:56732,98.7,305.57,,,24,
1670188028.812689,10.10.1.100:47918,850.7,324.216,,,3,1
1670188028.815383,10.10.1.100:56732,98.7,312.378,,,24,
1670188028.892350,10.10.1.100:47918,851.0,324.216,,,3,1
1670188028.895068,10.10.1.100:56732,112.4,317.122,,,24,
1670188028.971925,10.10.1.100:47918,791.6,321.518,,,4,1
1670188028.974649,10.10.1.100:56732,112.4,317.2,,,24,
1670188029.052926,10.10.1.100:47918,847.3,321.518,,,4,1
1670188029.055589,10.10.1.100:56732,112.4,316.274,,,24,
1670188029.134389,10.10.1.100:47918,841.7,321.518,,,4,1
1670188029.137170,10.10.1.100:56732,98.7,317.807,,,24,
1670188029.215600,10.10.1.100:47918,836.4,325.341,,,4,1
1670188029.218628,10.10.1.100:56732,110.3,319.302,,,24,
1670188029.297717,10.10.1.100:47918,850.4,324.04,,,4,1
1670188029.300479,10.10.1.100:56732,125.8,319.601,,,24,
1670188029.379849,10.10.1.100:47918,820.2,329.539,,,4,1
1670188029.382668,10.10.1.100:56732,125.8,325.816,,,24,
1670188029.463644,10.10.1.100:47918,850.6,329.539,,,4,1
1670188029.466401,10.10.1.100:56732,127.3,328.194,,,24,
1670188029.545685,10.10.1.100:47918,819.6,333.857,,,4,1
1670188029.548441,10.10.1.100:56732,136.7,331.902,,,22,
1670188029.627715,10.10.1.100:47918,819.6,334.503,,,3,1
1670188029.630451,10.10.1.100:56732,125.9,332.664,,,22,
1670188029.722102,10.10.1.100:47918,752.6,338.187,,,3,1
1670188029.724976,10.10.1.100:56732,125.9,332.457,,,22,
1670188029.857486,10.10.1.100:47918,744.4,338.187,,,3,1
1670188029.860692,10.10.1.100:56732,127.3,324.499,,,22,
1670188029.939323,10.10.1.100:47918,757.8,339.423,,,3,1
1670188029.942011,10.10.1.100:56732,95.5,320.898,,,22,
1670188030.031319,10.10.1.100:47918,811.4,338.717,,,2,1
1670188030.036024,10.10.1.100:56732,95.5,313.393,,,22,
1670188030.165930,10.10.1.100:47918,822.8,338.717,,,2,1
1670188030.170438,10.10.1.100:56732,99.8,305.723,,,22,
1670188030.275623,10.10.1.100:47918,875.0,337.363,,,2,1
1670188030.279766,10.10.1.100:56732,70.6,300.985,,,22,
1670188030.364633,10.10.1.100:47918,848.0,334.733,,,2,1
1670188030.367289,10.10.1.100:56732,70.6,296.457,,,22,
1670188030.453165,10.10.1.100:47918,843.5,334.733,,,2,1
1670188030.456091,10.10.1.100:56732,70.7,292.466,,,22,
1670188030.535003,10.10.1.100:47918,790.1,332.394,,,2,1
1670188030.537711,10.10.1.100:56732,70.7,287.588,,,22,
1670188030.632693,10.10.1.100:47918,863.0,332.394,,,2,1
1670188030.638119,10.10.1.100:56732,73.2,283.247,,,22,
1670188030.774202,10.10.1.100:47918,875.8,329.822,,,3,1
1670188030.778664,10.10.1.100:56732,73.3,283.361,,,22,
1670188030.888497,10.10.1.100:47918,877.1,328.087,,,3,1
1670188030.891242,10.10.1.100:56732,111.4,285.317,,,22,
1670188030.970816,10.10.1.100:47918,842.0,322.826,,,4,1
1670188030.973605,10.10.1.100:56732,111.4,286.805,,,22,
1670188031.053384,10.10.1.100:47918,841.8,322.826,,,4,1
1670188031.057027,10.10.1.100:56732,107.2,291.309,,,22,
1670188031.163402,10.10.1.100:47918,841.6,322.983,,,4,1
1670188031.166440,10.10.1.100:56732,119.6,294.536,,,22,
1670188031.252663,10.10.1.100:47918,728.0,318.934,,,4,1
1670188031.255504,10.10.1.100:56732,133.9,300.131,,,22,
1670188031.334414,10.10.1.100:47918,784.3,322.287,,,4,1
1670188031.337269,10.10.1.100:56732,133.9,304.398,,,22,
1670188031.419269,10.10.1.100:47918,802.3,322.287,,,4,1
1670188031.422072,10.10.1.100:56732,136.3,304.113,,,22,
1670188031.501458,10.10.1.100:47918,796.6,324.492,,,4,1
1670188031.504185,10.10.1.100:56732,152.9,307.194,,,22,
1670188031.585133,10.10.1.100:47918,841.3,321.8,,,3,1
1670188031.588237,10.10.1.100:56732,134.0,309.789,,,22,
1670188031.688848,10.10.1.100:47918,809.5,324.067,,,3,1
1670188031.693335,10.10.1.100:56732,134.0,310.967,,,22,
1670188031.822641,10.10.1.100:47918,809.1,324.067,,,3,1
1670188031.827102,10.10.1.100:56732,104.6,310.528,,,22,
1670188031.949381,10.10.1.100:47918,811.2,326.86,,,2,1
1670188031.953478,10.10.1.100:56732,102.2,306.696,,,22,
1670188032.042953,10.10.1.100:47918,756.6,326.5,,,2,1
1670188032.045779,10.10.1.100:56732,102.2,295.843,,,22,
1670188032.125288,10.10.1.100:47918,769.5,326.5,,,2,1
1670188032.128035,10.10.1.100:56732,102.2,289.987,,,22,
1670188032.207497,10.10.1.100:47918,853.6,325.173,,,2,1
1670188032.210308,10.10.1.100:56732,71.5,287.872,,,22,
1670188032.290736,10.10.1.100:47918,876.7,324.029,,,2,1
1670188032.293466,10.10.1.100:56732,71.5,287.384,,,22,
1670188032.373169,10.10.1.100:47918,876.4,324.029,,,2,1
1670188032.376033,10.10.1.100:56732,73.3,287.224,,,22,
1670188032.455033,10.10.1.100:47918,877.6,322.515,,,2,1
1670188032.457805,10.10.1.100:56732,73.3,286.935,,,22,
1670188032.537482,10.10.1.100:47918,878.6,322.515,,,2,1
1670188032.540227,10.10.1.100:56732,73.3,286.053,,,22,
1670188032.619448,10.10.1.100:47918,876.4,321.701,,,3,1
1670188032.622196,10.10.1.100:56732,73.3,287.567,,,22,
1670188032.701268,10.10.1.100:47918,857.8,321.701,,,3,1
1670188032.704180,10.10.1.100:56732,74.3,285.278,,,22,
1670188032.783959,10.10.1.100:47918,791.2,319.497,,,3,1
1670188032.786869,10.10.1.100:56732,110.0,281.656,,,22,
1670188032.867548,10.10.1.100:47918,841.9,313.519,,,4,1
1670188032.870299,10.10.1.100:56732,110.0,281.433,,,22,
1670188032.983979,10.10.1.100:47918,842.0,313.519,,,4,1
1670188032.987405,10.10.1.100:56732,110.0,285.37,,,22,
1670188033.085147,10.10.1.100:47918,841.3,313.519,,,4,1
1670188033.088587,10.10.1.100:56732,119.5,290.543,,,22,
1670188033.172174,10.10.1.100:47918,842.3,312.251,,,4,1
1670188033.174830,10.10.1.100:56732,134.6,292.64,,,22,
1670188033.254574,10.10.1.100:47918,809.6,316.237,,,4,1
1670188033.257387,10.10.1.100:56732,134.6,301.279,,,22,
1670188033.335717,10.10.1.100:47918,810.2,316.237,,,4,1
1670188033.338444,10.10.1.100:56732,136.3,304.391,,,22,
1670188033.444076,10.10.1.100:47918,809.9,319.189,,,4,1
1670188033.448694,10.10.1.100:56732,134.6,306.631,,,22,
1670188033.584414,10.10.1.100:47918,808.6,319.996,,,3,1
1670188033.589200,10.10.1.100:56732,134.6,309.409,,,22,
1670188033.675737,10.10.1.100:47918,809.4,319.996,,,3,1
1670188033.678578,10.10.1.100:56732,114.8,310.345,,,22,
1670188033.756665,10.10.1.100:47918,772.2,319.969,,,4,1
1670188033.759354,10.10.1.100:56732,114.8,309.084,,,22,
1670188033.853840,10.10.1.100:47918,810.9,319.969,,,4,1
1670188033.859364,10.10.1.100:56732,102.2,306.04,,,22,
1670188033.945474,10.10.1.100:47918,810.7,320.965,,,4,1
1670188033.948515,10.10.1.100:56732,119.5,303.139,,,22,
1670188034.029586,10.10.1.100:47918,825.4,317.193,,,4,1
1670188034.032347,10.10.1.100:56732,134.6,301.815,,,22,
1670188034.109991,10.10.1.100:47918,804.7,320.549,,,4,1
1670188034.112750,10.10.1.100:56732,134.6,309.165,,,22,
1670188034.189323,10.10.1.100:47918,784.3,320.549,,,4,1
1670188034.191996,10.10.1.100:56732,138.0,310.101,,,22,
1670188034.268922,10.10.1.100:47918,729.3,322.461,,,4,1
1670188034.271597,10.10.1.100:56732,159.3,302.036,,,22,
1670188034.405997,10.10.1.100:47918,790.0,318.485,,,3,1
1670188034.411277,10.10.1.100:56732,134.7,300.919,,,22,
1670188034.557128,10.10.1.100:47918,840.4,321.192,,,3,1
1670188034.561836,10.10.1.100:56732,136.1,304.676,,,22,
1670188034.700266,10.10.1.100:47918,840.4,323.583,,,3,1
1670188034.705080,10.10.1.100:56732,102.2,307.12,,,4,
1670188034.841968,10.10.1.100:47918,829.3,326.707,,,2,1
1670188034.846762,10.10.1.100:56732,70.6,302.982,,,4,
1670188034.929695,10.10.1.100:47918,822.7,307.849,,,2,1
1670188034.932373,10.10.1.100:56732,382.7,301.91,,,4,
1670188035.009374,10.10.1.100:47918,822.7,276.935,,,4,1
1670188035.012005,10.10.1.100:56732,479.2,226.022,,,4,
1670188035.131712,10.10.1.100:47918,822.7,232.039,,,4,1
1670188035.137416,10.10.1.100:56732,475.8,206.68,,,4,
1670188035.277050,10.10.1.100:47918,822.7,200.469,,,5,1
1670188035.282266,10.10.1.100:56732,331.9,160.992,,,18,
1670188035.393695,10.10.1.100:47918,588.0,181.23,,,5,1
1670188035.396554,10.10.1.100:56732,368.4,156.133,,,18,
1670188035.500217,10.10.1.100:47918,684.6,178.228,,,5,3
1670188035.504620,10.10.1.100:56732,237.4,159.375,,,18,
1670188035.642028,10.10.1.100:47918,675.6,186.822,,,5,3
1670188035.646876,10.10.1.100:56732,265.5,180.429,,,18,
1670188035.785264,10.10.1.100:47918,704.0,194.175,,,4,3
1670188035.790152,10.10.1.100:56732,201.8,202.725,,,18,
1670188035.896783,10.10.1.100:47918,765.9,202.335,,,5,3
1670188035.899469,10.10.1.100:56732,191.4,219.896,,,18,
1670188035.976788,10.10.1.100:47918,783.1,207.31,,,5,3
1670188035.979515,10.10.1.100:56732,191.4,232.739,,,18,
1670188036.107146,10.10.1.100:47918,765.2,207.31,,,5,3
1670188036.112281,10.10.1.100:56732,217.3,240.678,,,18,
1670188036.242247,10.10.1.100:47918,738.4,230.338,,,5,3
1670188036.244926,10.10.1.100:56732,217.3,255.001,,,18,
1670188036.322290,10.10.1.100:47918,739.3,230.338,,,5,3
1670188036.324982,10.10.1.100:56732,227.4,261.833,,,18,
1670188036.401468,10.10.1.100:47918,749.1,233.295,,,4,3
1670188036.404154,10.10.1.100:56732,173.8,263.055,,,18,
1670188036.480843,10.10.1.100:47918,749.3,241.237,,,4,3
1670188036.483783,10.10.1.100:56732,187.6,264.912,,,18,
1670188036.560819,10.10.1.100:47918,750.0,249.682,,,4,3
1670188036.563498,10.10.1.100:56732,187.6,268.115,,,18,
1670188036.667919,10.10.1.100:47918,717.2,249.682,,,4,3
1670188036.672124,10.10.1.100:56732,173.9,268.84,,,18,
1670188036.798103,10.10.1.100:47918,750.1,256.823,,,3,3
1670188036.802201,10.10.1.100:56732,150.0,264.769,,,18,
1670188036.898447,10.10.1.100:47918,692.0,261.233,,,3,3
1670188036.901136,10.10.1.100:56732,130.4,254.096,,,18,
1670188036.979287,10.10.1.100:47918,697.9,255.826,,,2,2
1670188036.981970,10.10.1.100:56732,130.4,249.433,,,18,
1670188037.079904,10.10.1.100:47918,769.2,255.826,,,2,2
1670188037.084712,10.10.1.100:56732,119.0,245.353,,,18,
1670188037.225424,10.10.1.100:47918,745.3,256.826,,,2,2
1670188037.230246,10.10.1.100:56732,87.8,236.356,,,20,
1670188037.362686,10.10.1.100:47918,783.2,254.098,,,3,2
1670188037.365393,10.10.1.100:56732,141.0,228.18,,,20,
1670188037.441118,10.10.1.100:47918,806.5,249.049,,,4,2
1670188037.443815,10.10.1.100:56732,141.0,223.808,,,20,
1670188037.521729,10.10.1.100:47918,850.1,249.049,,,4,2
1670188037.524438,10.10.1.100:56732,142.4,221.119,,,20,
1670188037.602430,10.10.1.100:47918,763.1,247.913,,,4,2
1670188037.605153,10.10.1.100:56732,171.5,219.241,,,20,
1670188037.682251,10.10.1.100:47918,755.5,247.42,,,4,2
1670188037.684933,10.10.1.100:56732,171.5,226.468,,,20,
1670188037.761582,10.10.1.100:47918,775.1,247.42,,,4,2
1670188037.764321,10.10.1.100:56732,173.0,229.999,,,20,
1670188037.840556,10.10.1.100:47918,774.4,249.979,,,4,2
1670188037.843188,10.10.1.100:56732,191.2,234.183,,,20,
1670188037.919916,10.10.1.100:47918,820.0,249.022,,,3,2
1670188037.922650,10.10.1.100:56732,152.3,240.914,,,20,
1670188037.999208,10.10.1.100:47918,796.9,255.917,,,3,2
1670188038.001907,10.10.1.100:56732,152.3,254.381,,,20,
1670188038.078795,10.10.1.100:47918,819.5,255.917,,,3,2
1670188038.081509,10.10.1.100:56732,116.7,257.511,,,20,
1670188038.159416,10.10.1.100:47918,765.2,265.117,,,2,2
1670188038.162103,10.10.1.100:56732,116.7,261.718,,,20,
1670188038.275498,10.10.1.100:47918,832.2,265.117,,,2,2
1670188038.280441,10.10.1.100:56732,114.2,264.504,,,20,
1670188038.414072,10.10.1.100:47918,869.7,269.97,,,2,2
1670188038.418470,10.10.1.100:56732,115.9,267.732,,,20,
1670188038.543157,10.10.1.100:47918,838.3,273.706,,,2,2
1670188038.548057,10.10.1.100:56732,76.2,264.957,,,20,
1670188038.685573,10.10.1.100:47918,739.6,276.007,,,2,1
1670188038.690342,10.10.1.100:56732,77.3,258.569,,,18,
1670188038.787521,10.10.1.100:47918,765.2,275.042,,,2,1
1670188038.790264,10.10.1.100:56732,79.3,249.395,,,18,
1670188038.867298,10.10.1.100:47918,862.4,273.64,,,3,1
1670188038.870037,10.10.1.100:56732,86.4,247.196,,,18,
1670188038.948700,10.10.1.100:47918,861.5,272.405,,,3,1
1670188038.951443,10.10.1.100:56732,86.4,243.533,,,18,
1670188039.068264,10.10.1.100:47918,862.1,272.405,,,3,1
1670188039.072686,10.10.1.100:56732,131.7,240.75,,,18,
1670188039.193071,10.10.1.100:47918,758.6,266.516,,,4,1
1670188039.197178,10.10.1.100:56732,131.8,237.479,,,18,
1670188039.318089,10.10.1.100:47918,764.2,265.24,,,4,1
1670188039.323499,10.10.1.100:56732,163.8,235.686,,,18,
1670188039.458047,10.10.1.100:47918,782.2,263.597,,,4,1
1670188039.462802,10.10.1.100:56732,173.7,247.041,,,18,
1670188039.598441,10.10.1.100:47918,782.6,267.08,,,3,1
1670188039.603258,10.10.1.100:56732,158.7,253.89,,,18,
1670188039.682359,10.10.1.100:47918,782.1,270.195,,,3,1
1670188039.685120,10.10.1.100:56732,158.7,258.088,,,18,
1670188039.786925,10.10.1.100:47918,764.3,270.195,,,3,1
1670188039.791375,10.10.1.100:56732,121.5,256.501,,,18,
1670188039.916103,10.10.1.100:47918,782.7,272.824,,,2,1
1670188039.920238,10.10.1.100:56732,119.0,255.329,,,18,
1670188040.019631,10.10.1.100:47918,811.5,273.731,,,2,1
1670188040.022362,10.10.1.100:56732,124.2,251.92,,,18,
1670188040.104085,10.10.1.100:47918,815.1,274.491,,,2,1
1670188040.109265,10.10.1.100:56732,82.7,249.52,,,18,
1670188040.248657,10.10.1.100:47918,834.9,273.193,,,2,1
1670188040.253081,10.10.1.100:56732,82.8,245.074,,,18,
1670188040.377465,10.10.1.100:47918,801.8,271.049,,,2,1
1670188040.380144,10.10.1.100:56732,86.5,238.346,,,18,
1670188040.460112,10.10.1.100:47918,838.8,270.645,,,3,1
1670188040.462811,10.10.1.100:56732,86.5,235.91,,,18,
1670188040.580790,10.10.1.100:47918,860.9,270.645,,,3,1
1670188040.584201,10.10.1.100:56732,87.7,235.661,,,18,
1670188040.717616,10.10.1.100:47918,879.2,269.826,,,3,1
1670188040.723239,10.10.1.100:56732,129.8,235.324,,,18,
1670188040.808016,10.10.1.100:47918,862.7,265.608,,,4,1
1670188040.810772,10.10.1.100:56732,129.7,241.711,,,18,
1670188040.941385,10.10.1.100:47918,792.9,265.886,,,4,1
1670188040.946182,10.10.1.100:56732,156.6,241.524,,,18,
1670188041.077857,10.10.1.100:47918,773.2,267.046,,,4,1
1670188041.082334,10.10.1.100:56732,158.6,253.551,,,18,
1670188041.170999,10.10.1.100:47918,773.9,270.18,,,4,1
1670188041.173744,10.10.1.100:56732,182.3,257.721,,,18,
1670188041.254442,10.10.1.100:47918,819.0,268.176,,,3,1
1670188041.257232,10.10.1.100:56732,156.7,260.279,,,18,
1670188041.337902,10.10.1.100:47918,782.4,271.174,,,3,1
1670188041.340601,10.10.1.100:56732,158.6,262.335,,,18,
1670188041.422710,10.10.1.100:47918,732.2,271.762,,,3,1
1670188041.425680,10.10.1.100:56732,128.2,260.691,,,18,
1670188041.520835,10.10.1.100:47918,787.7,271.679,,,2,1
1670188041.525300,10.10.1.100:56732,118.9,255.456,,,18,
1670188041.658813,10.10.1.100:47918,801.0,272.22,,,2,1
1670188041.663714,10.10.1.100:56732,124.0,253.3,,,18,
1670188041.797356,10.10.1.100:47918,845.8,273.208,,,2,1
1670188041.801917,10.10.1.100:56732,83.9,246.9,,,18,
1670188041.905562,10.10.1.100:47918,857.7,272.539,,,2,1
1670188041.908380,10.10.1.100:56732,82.7,242.772,,,18,
1670188041.986832,10.10.1.100:47918,799.5,271.467,,,2,1
1670188041.989605,10.10.1.100:56732,82.7,235.119,,,18,
1670188042.078071,10.10.1.100:47918,757.3,271.467,,,2,1
1670188042.082108,10.10.1.100:56732,86.5,230.684,,,18,
1670188042.200612,10.10.1.100:47918,824.2,269.534,,,3,1
1670188042.204458,10.10.1.100:56732,135.7,227.408,,,18,
1670188042.344997,10.10.1.100:47918,904.8,262.259,,,4,1
1670188042.345409,10.10.1.100:56732,135.7,227.053,,,18,
1670188042.491095,10.10.1.100:47918,819.6,262.259,,,4,1
1670188042.493855,10.10.1.100:56732,150.9,237.641,,,18,
1670188042.574658,10.10.1.100:47918,717.4,260.197,,,4,1
1670188042.577385,10.10.1.100:56732,162.6,241.337,,,18,
1670188042.659761,10.10.1.100:47918,780.9,263.266,,,4,1
1670188042.664550,10.10.1.100:56732,162.6,248.338,,,18,
1670188042.798007,10.10.1.100:47918,781.7,263.266,,,4,1
1670188042.802472,10.10.1.100:56732,158.7,253.162,,,18,
1670188042.903186,10.10.1.100:47918,781.6,269.587,,,3,1
1670188042.905979,10.10.1.100:56732,158.7,256.939,,,18,
1670188042.986611,10.10.1.100:47918,782.5,269.587,,,3,1
1670188042.989318,10.10.1.100:56732,130.4,258.683,,,18,
1670188043.087742,10.10.1.100:47918,783.7,270.096,,,4,1
1670188043.092733,10.10.1.100:56732,119.0,259.081,,,18,
1670188043.231984,10.10.1.100:47918,785.5,270.816,,,4,1
1670188043.235489,10.10.1.100:56732,136.9,254.899,,,18,
1670188043.314305,10.10.1.100:47918,718.4,267.314,,,4,1
1670188043.316997,10.10.1.100:56732,155.4,255.561,,,18,
1670188043.419106,10.10.1.100:47918,778.4,271.155,,,4,1
1670188043.424747,10.10.1.100:56732,158.6,260.014,,,18,
1670188043.549153,10.10.1.100:47918,774.7,273.768,,,4,1
1670188043.552988,10.10.1.100:56732,155.5,261.727,,,18,
1670188043.687401,10.10.1.100:47918,782.6,273.388,,,3,1
1670188043.692210,10.10.1.100:56732,158.6,264.074,,,18,
1670188043.836194,10.10.1.100:47918,782.5,274.232,,,3,1
1670188043.841147,10.10.1.100:56732,120.7,259.705,,,18,
1670188043.983222,10.10.1.100:47918,812.5,276.19,,,2,1
1670188043.988005,10.10.1.100:56732,124.0,255.426,,,18,
1670188044.119185,10.10.1.100:47918,819.7,276.144,,,2,1
1670188044.121922,10.10.1.100:56732,82.7,250.38,,,18,
1670188044.204459,10.10.1.100:47918,799.1,275.116,,,2,1
1670188044.209255,10.10.1.100:56732,84.0,242.5,,,18,
1670188044.349385,10.10.1.100:47918,744.4,272.705,,,2,1
1670188044.354123,10.10.1.100:56732,86.5,234.834,,,18,
1670188044.483505,10.10.1.100:47918,860.2,270.118,,,3,1
1670188044.486252,10.10.1.100:56732,87.7,230.008,,,18,
1670188044.582878,10.10.1.100:47918,860.6,269.389,,,3,1
1670188044.587623,10.10.1.100:56732,137.9,232.994,,,18,
1670188044.707711,10.10.1.100:47918,906.4,265.382,,,4,1
1670188044.712826,10.10.1.100:56732,129.7,232.897,,,18,
1670188044.799168,10.10.1.100:47918,747.8,265.705,,,4,1
1670188044.803872,10.10.1.100:56732,129.7,238.685,,,18,
1670188044.942091,10.10.1.100:47918,796.8,265.705,,,4,1
1670188044.946872,10.10.1.100:56732,163.9,235.319,,,18,
1670188045.040142,10.10.1.100:47918,813.6,263.89,,,4,1
1670188045.042861,10.10.1.100:56732,158.7,247.22,,,18,
1670188045.122892,10.10.1.100:47918,774.1,267.392,,,4,1
1670188045.125625,10.10.1.100:56732,182.3,254.167,,,4,
1670188045.204034,10.10.1.100:47918,820.6,265.736,,,3,1
1670188045.206750,10.10.1.100:56732,158.7,257.61,,,4,
1670188045.314850,10.10.1.100:47918,782.1,269.002,,,3,1
1670188045.318763,10.10.1.100:56732,119.1,260.177,,,4,
1670188045.452793,10.10.1.100:47918,732.4,263.403,,,3,1
1670188045.457555,10.10.1.100:56732,409.7,237.237,,,4,
1670188045.547369,10.10.1.100:47918,732.4,207.487,,,4,1
1670188045.550104,10.10.1.100:56732,480.0,201.414,,,4,
1670188045.629324,10.10.1.100:47918,732.4,185.448,,,5,1
1670188045.632065,10.10.1.100:56732,546.9,175.441,,,18,
1670188045.711080,10.10.1.100:47918,732.4,172.857,,,5,1
1670188045.714039,10.10.1.100:56732,357.0,159.693,,,18,
1670188045.814915,10.10.1.100:47918,732.4,164.547,,,5,1
1670188045.819500,10.10.1.100:56732,341.8,154.982,,,18,
1670188045.934460,10.10.1.100:47918,585.0,163.077,,,4,3
1670188045.938259,10.10.1.100:56732,239.3,161.712,,,18,
1670188046.075647,10.10.1.100:47918,638.1,169.35,,,4,3
1670188046.080488,10.10.1.100:56732,170.4,175.128,,,18,
1670188046.209856,10.10.1.100:47918,765.0,190.822,,,3,3
1670188046.214323,10.10.1.100:56732,201.2,207.655,,,18,
1670188046.300415,10.10.1.100:47918,818.0,195.761,,,3,3
1670188046.303116,10.10.1.100:56732,158.7,220.995,,,18,
1670188046.382309,10.10.1.100:47918,783.3,207.786,,,3,3
1670188046.385043,10.10.1.100:56732,158.7,237.923,,,18,
1670188046.462277,10.10.1.100:47918,820.5,207.786,,,3,3
1670188046.465056,10.10.1.100:56732,136.8,242.891,,,18,
1670188046.546007,10.10.1.100:47918,821.3,213.575,,,2,2
1670188046.549051,10.10.1.100:56732,119.0,245.399,,,18,
1670188046.633613,10.10.1.100:47918,790.6,221.362,,,2,2
1670188046.636387,10.10.1.100:56732,119.0,246.765,,,18,
1670188046.733890,10.10.1.100:47918,819.7,221.362,,,2,2
1670188046.738807,10.10.1.100:56732,80.9,249.631,,,18,
1670188046.875931,10.10.1.100:47918,823.5,229.473,,,3,2
1670188046.880484,10.10.1.100:56732,84.0,242.965,,,18,
1670188046.998235,10.10.1.100:47918,764.2,234.303,,,3,2
1670188047.000955,10.10.1.100:56732,121.4,236.742,,,20,
1670188047.078236,10.10.1.100:47918,819.9,232.813,,,4,2
1670188047.080973,10.10.1.100:56732,129.6,237.352,,,20,
1670188047.158924,10.10.1.100:47918,805.4,236.707,,,4,2
1670188047.161647,10.10.1.100:56732,143.5,236.47,,,20,
1670188047.239993,10.10.1.100:47918,819.7,237.382,,,4,2
1670188047.242754,10.10.1.100:56732,155.7,235.184,,,20,
1670188047.320757,10.10.1.100:47918,782.8,244.881,,,4,2
1670188047.323463,10.10.1.100:56732,155.7,246.128,,,20,
1670188047.400895,10.10.1.100:47918,765.0,244.881,,,4,2
1670188047.403648,10.10.1.100:56732,181.9,247.549,,,20,
1670188047.481845,10.10.1.100:47918,764.1,249.964,,,3,2
1670188047.484885,10.10.1.100:56732,181.9,247.709,,,20,
1670188047.564346,10.10.1.100:47918,777.7,249.964,,,3,2
1670188047.569444,10.10.1.100:56732,154.4,254.435,,,20,
1670188047.704211,10.10.1.100:47918,819.6,256.222,,,3,2
1670188047.708378,10.10.1.100:56732,117.1,257.98,,,20,
1670188047.845981,10.10.1.100:47918,831.7,265.201,,,2,2
1670188047.850797,10.10.1.100:56732,114.3,262.462,,,20,
1670188047.983901,10.10.1.100:47918,831.4,270.051,,,2,2
1670188047.986795,10.10.1.100:56732,119.0,267.117,,,20,
1670188048.096883,10.10.1.100:47918,782.3,272.291,,,2,2
1670188048.099859,10.10.1.100:56732,82.7,261.219,,,20,
1670188048.693495,10.10.1.100:47918,802.7,274.878,,,3,1
1670188048.698162,10.10.1.100:56732,120.7,246.371,,,20,
1670188048.815613,10.10.1.100:47918,869.7,270.315,,,4,1
1670188048.819542,10.10.1.100:56732,120.6,249.955,,,20,
1670188048.909817,10.10.1.100:47918,819.9,272.531,,,4,1
1670188048.912604,10.10.1.100:56732,130.5,255.931,,,20,
1670188048.992239,10.10.1.100:47918,710.3,271.758,,,4,1
1670188048.995031,10.10.1.100:56732,144.1,261.391,,,20,
1670188049.074048,10.10.1.100:47918,790.1,277.958,,,4,1
1670188049.076823,10.10.1.100:56732,158.8,272.324,,,20,
1670188049.167537,10.10.1.100:47918,789.8,279.689,,,4,1
1670188049.171741,10.10.1.100:56732,166.4,273.136,,,18,
1670188049.280917,10.10.1.100:47918,786.6,279.538,,,3,1
1670188049.284264,10.10.1.100:56732,144.2,275.198,,,18,
1670188049.396641,10.10.1.100:47918,797.3,283.583,,,3,1
1670188049.401667,10.10.1.100:56732,146.6,279.779,,,18,
1670188049.542810,10.10.1.100:47918,768.1,287.636,,,3,1
1670188049.547793,10.10.1.100:56732,111.4,277.279,,,18,
1670188049.690751,10.10.1.100:47918,638.6,284.846,,,2,1
1670188049.695727,10.10.1.100:56732,110.0,258.578,,,18,
1670188049.794074,10.10.1.100:47918,802.3,282.271,,,2,1
1670188049.796822,10.10.1.100:56732,86.4,247.922,,,18,
1670188049.877982,10.10.1.100:47918,860.7,280.476,,,2,1
1670188049.880713,10.10.1.100:56732,86.4,244.354,,,18,
1670188049.960369,10.10.1.100:47918,906.1,280.476,,,2,1
1670188049.963034,10.10.1.100:56732,86.6,241.252,,,18,
1670188050.042586,10.10.1.100:47918,860.3,278.871,,,2,1
1670188050.045396,10.10.1.100:56732,86.5,240.918,,,18,
1670188050.124677,10.10.1.100:47918,744.5,275.531,,,3,1
1670188050.127332,10.10.1.100:56732,86.5,236.843,,,18,
1670188050.206564,10.10.1.100:47918,764.8,275.531,,,3,1
1670188050.209351,10.10.1.100:56732,86.6,231.729,,,18,
1670188050.289409,10.10.1.100:47918,785.1,273.117,,,3,1
1670188050.292107,10.10.1.100:56732,137.8,229.756,,,18,
1670188050.371638,10.10.1.100:47918,820.8,267.163,,,4,1
1670188050.374421,10.10.1.100:56732,137.8,231.249,,,18,
1670188050.453167,10.10.1.100:47918,859.4,267.163,,,4,1
1670188050.455872,10.10.1.100:56732,125.9,236.63,,,18,
1670188050.536087,10.10.1.100:47918,819.0,268.258,,,4,1
1670188050.538812,10.10.1.100:56732,143.4,241.848,,,18,
1670188050.618419,10.10.1.100:47918,782.2,265.006,,,4,1
1670188050.621169,10.10.1.100:56732,155.3,245.862,,,18,
1670188050.733192,10.10.1.100:47918,729.4,269.155,,,4,1
1670188050.738073,10.10.1.100:56732,165.5,249.214,,,18,
1670188050.881672,10.10.1.100:47918,730.0,270.513,,,4,1
1670188050.887370,10.10.1.100:56732,155.4,248.417,,,18,
1670188051.020913,10.10.1.100:47918,782.6,270.94,,,3,1
1670188051.025894,10.10.1.100:56732,136.6,256.871,,,18,
1670188051.141188,10.10.1.100:47918,759.8,272.665,,,4,1
1670188051.143997,10.10.1.100:56732,120.7,257.648,,,18,
1670188051.223683,10.10.1.100:47918,791.7,273.584,,,4,1
1670188051.226422,10.10.1.100:56732,120.7,254.994,,,18,
1670188051.305261,10.10.1.100:47918,762.3,273.584,,,4,1
1670188051.307948,10.10.1.100:56732,163.6,251.359,,,18,
1670188051.410112,10.10.1.100:47918,782.6,269.989,,,4,1
1670188051.414853,10.10.1.100:56732,160.9,253.774,,,18,
1670188051.541986,10.10.1.100:47918,782.4,272.245,,,4,1
1670188051.546050,10.10.1.100:56732,173.8,257.366,,,18,
1670188051.645406,10.10.1.100:47918,781.7,271.531,,,3,1
1670188051.648112,10.10.1.100:56732,158.6,259.037,,,18,
1670188051.724799,10.10.1.100:47918,783.1,274.1,,,3,1
1670188051.727481,10.10.1.100:56732,158.6,260.381,,,18,
1670188051.804251,10.10.1.100:47918,783.0,276.352,,,3,1
1670188051.807001,10.10.1.100:56732,117.9,261.233,,,18,
1670188051.884433,10.10.1.100:47918,785.4,278.647,,,2,1
1670188051.887119,10.10.1.100:56732,119.0,258.619,,,18,
1670188051.964588,10.10.1.100:47918,785.5,278.3,,,2,1
1670188051.967289,10.10.1.100:56732,119.0,256.407,,,18,
1670188052.045453,10.10.1.100:47918,779.4,278.3,,,2,1
1670188052.048160,10.10.1.100:56732,119.0,253.806,,,18,
1670188052.162157,10.10.1.100:47918,857.0,278.493,,,2,1
1670188052.166903,10.10.1.100:56732,84.0,250.722,,,18,
1670188052.306956,10.10.1.100:47918,846.7,277.203,,,2,1
1670188052.311790,10.10.1.100:56732,82.8,244.534,,,18,
1670188052.453520,10.10.1.100:47918,861.5,275.554,,,2,1
1670188052.458847,10.10.1.100:56732,86.4,241.33,,,18,
1670188052.589058,10.10.1.100:47918,859.7,273.105,,,3,1
1670188052.593484,10.10.1.100:56732,86.4,236.348,,,18,
1670188052.677821,10.10.1.100:47918,885.9,272.483,,,3,1
1670188052.680617,10.10.1.100:56732,135.8,236.575,,,18,
1670188052.758086,10.10.1.100:47918,819.9,267.815,,,4,1
1670188052.760829,10.10.1.100:56732,135.8,241.706,,,18,
1670188052.836728,10.10.1.100:47918,861.9,267.815,,,4,1
1670188052.839437,10.10.1.100:56732,124.2,243.327,,,18,
1670188052.916510,10.10.1.100:47918,819.4,269.312,,,4,1
1670188052.919260,10.10.1.100:56732,156.1,246.982,,,18,
1670188052.995154,10.10.1.100:47918,782.2,269.775,,,4,1
1670188052.995371,10.10.1.100:56732,156.1,250.28,,,18,
1670188053.146655,10.10.1.100:47918,782.2,269.775,,,4,1
1670188053.151039,10.10.1.100:56732,174.0,252.149,,,18,
1670188053.261258,10.10.1.100:47918,782.2,270.049,,,3,1
1670188053.263935,10.10.1.100:56732,156.2,253.534,,,18,
1670188053.371928,10.10.1.100:47918,783.0,272.78,,,3,1
1670188053.377045,10.10.1.100:56732,158.8,256.986,,,18,
1670188053.511899,10.10.1.100:47918,783.1,275.158,,,3,1
1670188053.516390,10.10.1.100:56732,119.0,258.522,,,18,
1670188053.630763,10.10.1.100:47918,722.4,277.536,,,2,1
1670188053.633484,10.10.1.100:56732,119.1,248.801,,,18,
1670188053.710382,10.10.1.100:47918,738.2,274.836,,,2,1
1670188053.713209,10.10.1.100:56732,119.1,243.587,,,18,
1670188053.791418,10.10.1.100:47918,819.1,274.836,,,2,1
1670188053.794162,10.10.1.100:56732,84.0,239.607,,,18,
1670188053.872201,10.10.1.100:47918,861.4,273.984,,,2,1
1670188053.874894,10.10.1.100:56732,84.0,239.229,,,18,
1670188053.952704,10.10.1.100:47918,861.0,273.984,,,2,1
1670188053.955386,10.10.1.100:56732,87.7,238.021,,,18,
1670188054.048864,10.10.1.100:47918,867.3,272.753,,,2,1
1670188054.053632,10.10.1.100:56732,86.4,237.296,,,18,
1670188054.196441,10.10.1.100:47918,758.3,271.664,,,3,1
1670188054.201278,10.10.1.100:56732,87.7,230.169,,,18,
1670188054.341876,10.10.1.100:47918,831.8,269.715,,,3,1
1670188054.346703,10.10.1.100:56732,131.6,226.09,,,18,
1670188054.484860,10.10.1.100:47918,819.4,264.322,,,4,1
1670188054.487618,10.10.1.100:56732,143.6,234.086,,,18,
1670188054.566008,10.10.1.100:47918,819.3,262.815,,,4,1
1670188054.568737,10.10.1.100:56732,155.7,239.594,,,18,
1670188054.648002,10.10.1.100:47918,765.3,267.13,,,4,1
1670188054.650932,10.10.1.100:56732,155.7,247.219,,,18,
1670188054.730262,10.10.1.100:47918,734.7,267.13,,,4,1
1670188054.733561,10.10.1.100:56732,182.2,245.853,,,18,
1670188054.813080,10.10.1.100:47918,734.7,266.906,,,3,1
1670188054.816067,10.10.1.100:56732,182.2,247.172,,,18,
1670188054.894978,10.10.1.100:47918,779.7,266.906,,,3,1
1670188054.897932,10.10.1.100:56732,155.8,252.795,,,18,
1670188054.976591,10.10.1.100:47918,781.6,269.54,,,3,1
1670188054.979296,10.10.1.100:56732,136.7,256.842,,,18,
1670188055.058737,10.10.1.100:47918,782.6,269.988,,,4,1
1670188055.061478,10.10.1.100:56732,136.7,257.604,,,18,
1670188055.141405,10.10.1.100:47918,786.2,269.988,,,4,1
1670188055.144189,10.10.1.100:56732,120.7,254.875,,,18,
1670188055.222769,10.10.1.100:47918,795.2,271.225,,,4,1
1670188055.225588,10.10.1.100:56732,143.4,254.647,,,18,
1670188055.304823,10.10.1.100:47918,763.0,266.093,,,4,1
1670188055.307609,10.10.1.100:56732,163.8,251.174,,,18,
1670188055.386516,10.10.1.100:47918,782.3,268.18,,,4,1
1670188055.389260,10.10.1.100:56732,158.7,254.485,,,18,
1670188055.468180,10.10.1.100:47918,782.1,271.159,,,4,1
1670188055.470919,10.10.1.100:56732,173.9,256.27,,,18,
1670188055.549753,10.10.1.100:47918,782.9,270.56,,,3,1
1670188055.552553,10.10.1.100:56732,158.7,258.545,,,18,
1670188055.632393,10.10.1.100:47918,783.0,273.235,,,3,1
1670188055.635613,10.10.1.100:56732,158.7,258.876,,,4,
1670188055.769767,10.10.1.100:47918,786.0,273.235,,,3,1
1670188055.774524,10.10.1.100:56732,120.6,259.544,,,4,
1670188055.890086,10.10.1.100:47918,782.3,253.795,,,2,1
1670188055.892938,10.10.1.100:56732,206.8,239.712,,,4,
1670188056.018233,10.10.1.100:47918,782.3,235.647,,,4,1
1670188056.023017,10.10.1.100:56732,477.6,184.15,,,16,
1670188056.164660,10.10.1.100:47918,782.3,185.074,,,5,1
1670188056.169883,10.10.1.100:56732,318.7,151.491,,,16,
1670188056.275818,10.10.1.100:47918,562.3,173.138,,,5,1
1670188056.278711,10.10.1.100:56732,319.1,151.776,,,16,
1670188056.357521,10.10.1.100:47918,675.5,177.256,,,5,1
1670188056.360614,10.10.1.100:56732,299.3,166.527,,,16,
1670188056.440204,10.10.1.100:47918,604.7,179.286,,,4,3
1670188056.443359,10.10.1.100:56732,225.1,176.776,,,16,
1670188056.544833,10.10.1.100:47918,705.5,186.169,,,4,3
1670188056.549692,10.10.1.100:56732,223.3,186.023,,,16,
1670188056.690362,10.10.1.100:47918,704.5,195.312,,,4,3
1670188056.695418,10.10.1.100:56732,201.1,206.112,,,16,
1670188056.826268,10.10.1.100:47918,769.4,206.61,,,3,3
1670188056.830688,10.10.1.100:56732,172.9,218.476,,,16,
1670188056.920069,10.10.1.100:47918,681.3,214.285,,,3,3
1670188056.922756,10.10.1.100:56732,150.8,222.241,,,16,
1670188057.002019,10.10.1.100:47918,790.6,213.18,,,2,2
1670188057.004840,10.10.1.100:56732,150.8,222.126,,,16,
1670188057.083484,10.10.1.100:47918,753.8,213.18,,,2,2
1670188057.086244,10.10.1.100:56732,129.7,222.18,,,16,
1670188057.164957,10.10.1.100:47918,787.5,218.02,,,2,2
1670188057.167711,10.10.1.100:56732,92.8,221.002,,,16,
1670188057.246732,10.10.1.100:47918,849.3,221.98,,,3,2
1670188057.249505,10.10.1.100:56732,92.0,220.303,,,18,
1670188057.327966,10.10.1.100:47918,777.3,223.253,,,3,2
1670188057.330867,10.10.1.100:56732,139.2,214.667,,,18,
1670188057.433495,10.10.1.100:47918,735.2,220.171,,,4,2
1670188057.436596,10.10.1.100:56732,139.2,210.021,,,18,
1670188057.569904,10.10.1.100:47918,838.2,220.171,,,4,2
1670188057.574774,10.10.1.100:56732,177.2,209.235,,,18,
1670188057.712262,10.10.1.100:47918,765.8,225.68,,,4,2
1670188057.717031,10.10.1.100:56732,177.2,216.85,,,18,
1670188057.800578,10.10.1.100:47918,766.6,225.68,,,4,2
1670188057.803270,10.10.1.100:56732,191.5,226.873,,,18,
1670188057.879400,10.10.1.100:47918,718.2,230.998,,,3,2
1670188057.882075,10.10.1.100:56732,161.0,231.3,,,18,
1670188057.957732,10.10.1.100:47918,783.0,238.091,,,3,2
1670188057.960731,10.10.1.100:56732,161.0,240.32,,,18,
1670188058.036701,10.10.1.100:47918,783.0,238.091,,,3,2
1670188058.039405,10.10.1.100:56732,165.5,244.786,,,18,
1670188058.116326,10.10.1.100:47918,782.5,243.32,,,3,2
1670188058.116559,10.10.1.100:56732,116.9,248.163,,,18,
1670188058.208915,10.10.1.100:47918,794.6,250.055,,,2,2
1670188058.211581,10.10.1.100:56732,120.8,250.209,,,18,
1670188058.291313,10.10.1.100:47918,707.0,252.301,,,2,2
1670188058.294156,10.10.1.100:56732,124.1,243.702,,,18,
1670188058.373603,10.10.1.100:47918,793.5,253.798,,,2,2
1670188058.376277,10.10.1.100:56732,124.1,240.163,,,18,
1670188058.452361,10.10.1.100:47918,859.6,253.798,,,2,2
1670188058.455050,10.10.1.100:56732,86.4,237.808,,,18,
1670188058.530988,10.10.1.100:47918,849.4,255.596,,,2,1
1670188058.533698,10.10.1.100:56732,86.4,236.015,,,18,
1670188058.610168,10.10.1.100:47918,881.1,255.596,,,2,1
1670188058.612865,10.10.1.100:56732,86.5,234.583,,,18,
1670188058.689460,10.10.1.100:47918,842.3,257.121,,,2,1
1670188058.692101,10.10.1.100:56732,86.4,231.752,,,18,
1670188058.769549,10.10.1.100:47918,786.6,256.451,,,3,1
1670188058.772230,10.10.1.100:56732,86.4,230.342,,,18,
1670188058.848740,10.10.1.100:47918,829.0,256.451,,,3,1
1670188058.851395,10.10.1.100:56732,86.5,228.334,,,18,
1670188058.927890,10.10.1.100:47918,860.8,256.388,,,3,1
1670188058.930635,10.10.1.100:56732,138.0,228.306,,,18,
1670188059.007338,10.10.1.100:47918,820.2,252.499,,,4,1
1670188059.010059,10.10.1.100:56732,138.0,232.788,,,18,
1670188059.085697,10.10.1.100:47918,820.3,252.499,,,4,1
1670188059.088442,10.10.1.100:56732,131.7,237.987,,,18,
1670188059.164954,10.10.1.100:47918,805.7,253.923,,,4,1
1670188059.167815,10.10.1.100:56732,143.4,238.444,,,18,
1670188059.244707,10.10.1.100:47918,782.8,252.464,,,4,1
1670188059.247404,10.10.1.100:56732,157.2,242.061,,,18,
1670188059.345425,10.10.1.100:47918,782.7,257.73,,,4,1
1670188059.350122,10.10.1.100:56732,158.5,248.897,,,18,
1670188059.484651,10.10.1.100:47918,780.6,262.048,,,4,1
1670188059.487333,10.10.1.100:56732,157.3,253.322,,,18,
1670188059.572657,10.10.1.100:47918,695.8,264.82,,,3,1
1670188059.577437,10.10.1.100:56732,157.3,255.486,,,18,
1670188059.714077,10.10.1.100:47918,750.5,264.82,,,3,1
1670188059.718783,10.10.1.100:56732,130.3,251.418,,,18,
1670188059.846422,10.10.1.100:47918,819.9,265.756,,,4,1
1670188059.850857,10.10.1.100:56732,124.0,251.937,,,18,
1670188059.930492,10.10.1.100:47918,819.7,267.522,,,4,1
1670188059.933156,10.10.1.100:56732,156.8,251.255,,,18,
1670188060.008699,10.10.1.100:47918,783.2,268.225,,,4,1
1670188060.011336,10.10.1.100:56732,156.8,252.127,,,18,
1670188060.087432,10.10.1.100:47918,783.2,268.225,,,4,1
1670188060.090132,10.10.1.100:56732,161.0,255.07,,,18,
1670188060.165960,10.10.1.100:47918,783.6,270.672,,,4,1
1670188060.168647,10.10.1.100:56732,173.8,256.926,,,18,
1670188060.244426,10.10.1.100:47918,783.2,270.171,,,3,1
1670188060.247100,10.10.1.100:56732,156.9,256.535,,,18,
1670188060.322758,10.10.1.100:47918,783.1,272.895,,,3,1
1670188060.325500,10.10.1.100:56732,158.6,258.254,,,18,
1670188060.437716,10.10.1.100:47918,705.8,275.3,,,3,1
1670188060.442445,10.10.1.100:56732,122.9,258.498,,,18,
1670188060.571586,10.10.1.100:47918,787.1,276.227,,,2,1
1670188060.575920,10.10.1.100:56732,119.0,254.615,,,18,
1670188060.664970,10.10.1.100:47918,818.9,276.722,,,2,1
1670188060.667642,10.10.1.100:56732,119.0,252.518,,,18,
1670188060.743970,10.10.1.100:47918,819.4,277.142,,,2,1
1670188060.746693,10.10.1.100:56732,119.0,249.615,,,18,
1670188060.823636,10.10.1.100:47918,825.5,277.142,,,2,1
1670188060.826351,10.10.1.100:56732,82.7,246.333,,,18,
1670188060.918431,10.10.1.100:47918,819.4,275.498,,,2,1
1670188060.921113,10.10.1.100:56732,82.7,240.599,,,16,
1670188061.011982,10.10.1.100:47918,830.4,274.049,,,2,1
1670188061.016724,10.10.1.100:56732,82.7,238.694,,,16,
1670188061.141400,10.10.1.100:47918,860.0,274.049,,,2,1
1670188061.145554,10.10.1.100:56732,87.8,236.142,,,16,
1670188061.252325,10.10.1.100:47918,690.1,269.642,,,3,1
1670188061.254983,10.10.1.100:56732,129.6,223.279,,,16,
1670188061.331591,10.10.1.100:47918,748.6,260.812,,,4,1
1670188061.334346,10.10.1.100:56732,129.6,218.025,,,16,
1670188061.410915,10.10.1.100:47918,805.2,260.812,,,4,1
1670188061.413663,10.10.1.100:56732,137.9,219.498,,,16,
1670188061.490413,10.10.1.100:47918,805.6,259.711,,,4,1
1670188061.493136,10.10.1.100:56732,159.3,221.53,,,16,
1670188061.571801,10.10.1.100:47918,765.4,254.521,,,4,1
1670188061.574488,10.10.1.100:56732,169.8,224.253,,,16,
1670188061.651775,10.10.1.100:47918,805.8,256.802,,,4,1
1670188061.654490,10.10.1.100:56732,181.0,228.674,,,16,
1670188061.731742,10.10.1.100:47918,722.8,256.7,,,4,1
1670188061.734794,10.10.1.100:56732,201.6,229.263,,,16,
1670188061.822208,10.10.1.100:47918,765.4,253.347,,,3,1
1670188061.825268,10.10.1.100:56732,169.9,231.86,,,16,
1670188061.934734,10.10.1.100:47918,765.3,254.672,,,3,1
1670188061.938089,10.10.1.100:56732,172.8,234.288,,,16,
1670188062.052360,10.10.1.100:47918,735.6,256.355,,,3,1
1670188062.056880,10.10.1.100:56732,131.7,234.67,,,16,
1670188062.195303,10.10.1.100:47918,749.1,255.314,,,2,1
1670188062.200083,10.10.1.100:56732,129.6,227.84,,,16,
1670188062.292325,10.10.1.100:47918,804.2,253.392,,,2,1
1670188062.295024,10.10.1.100:56732,94.9,222.196,,,16,
1670188062.375011,10.10.1.100:47918,851.8,252.202,,,2,1
1670188062.378587,10.10.1.100:56732,95.0,219.675,,,16,
1670188062.495890,10.10.1.100:47918,851.1,251.159,,,2,1
1670188062.500094,10.10.1.100:56732,95.0,217.379,,,16,
1670188062.642033,10.10.1.100:47918,788.5,248.296,,,3,1
1670188062.646936,10.10.1.100:56732,95.0,213.996,,,16,
1670188062.762334,10.10.1.100:47918,849.6,247.273,,,3,1
1670188062.765142,10.10.1.100:56732,152.2,211.896,,,16,
1670188062.842819,10.10.1.100:47918,806.1,242.965,,,4,1
1670188062.845529,10.10.1.100:56732,152.2,215.01,,,16,
1670188062.923512,10.10.1.100:47918,806.0,242.965,,,4,1
1670188062.926278,10.10.1.100:56732,159.6,218.174,,,16,
1670188063.004213,10.10.1.100:47918,776.4,241.23,,,4,1
1670188063.006943,10.10.1.100:56732,171.0,219.689,,,16,
1670188063.083880,10.10.1.100:47918,754.9,244.924,,,4,1
1670188063.086664,10.10.1.100:56732,171.0,229.509,,,16,
1670188063.165979,10.10.1.100:47918,750.8,244.924,,,4,1
1670188063.168842,10.10.1.100:56732,201.4,231.205,,,16,
1670188063.247569,10.10.1.100:47918,761.4,245.584,,,3,1
1670188063.250312,10.10.1.100:56732,171.1,236.086,,,16,
1670188063.327753,10.10.1.100:47918,765.4,248.386,,,3,1
1670188063.330473,10.10.1.100:56732,171.1,236.377,,,16,
1670188063.408786,10.10.1.100:47918,765.2,248.386,,,3,1
1670188063.410300,10.10.1.100:56732,151.1,237.025,,,16,
1670188063.491705,10.10.1.100:47918,801.0,246.712,,,4,1
1670188063.494434,10.10.1.100:56732,129.7,234.973,,,16,
1670188063.572449,10.10.1.100:47918,770.3,247.376,,,4,1
1670188063.575193,10.10.1.100:56732,129.7,232.339,,,16,
1670188063.651736,10.10.1.100:47918,778.7,247.376,,,4,1
1670188063.654464,10.10.1.100:56732,169.7,230.15,,,16,
1670188063.731700,10.10.1.100:47918,755.1,247.351,,,4,1
1670188063.734824,10.10.1.100:56732,169.7,235.988,,,16,
1670188063.812528,10.10.1.100:47918,755.3,247.351,,,4,1
1670188063.815237,10.10.1.100:56732,201.4,237.965,,,16,
1670188063.892516,10.10.1.100:47918,755.4,247.439,,,3,1
1670188063.895249,10.10.1.100:56732,201.4,236.499,,,16,
1670188063.972710,10.10.1.100:47918,765.0,247.439,,,3,1
1670188063.975444,10.10.1.100:56732,169.8,237.597,,,16,
1670188064.052435,10.10.1.100:47918,805.6,249.508,,,3,1
1670188064.055176,10.10.1.100:56732,172.9,236.832,,,16,
1670188064.132611,10.10.1.100:47918,804.4,251.825,,,3,1
1670188064.135280,10.10.1.100:56732,133.1,236.704,,,16,
1670188064.211295,10.10.1.100:47918,769.7,252.982,,,2,1
1670188064.214039,10.10.1.100:56732,131.6,233.526,,,16,
1670188064.291271,10.10.1.100:47918,745.0,253.368,,,2,1
1670188064.293978,10.10.1.100:56732,129.6,228.511,,,16,
1670188064.371978,10.10.1.100:47918,804.4,251.696,,,2,1
1670188064.375347,10.10.1.100:56732,129.6,226.361,,,16,
1670188064.511026,10.10.1.100:47918,799.9,251.696,,,2,1
1670188064.515801,10.10.1.100:56732,94.9,221.003,,,16,
1670188064.632657,10.10.1.100:47918,844.3,249.917,,,2,1
1670188064.635358,10.10.1.100:56732,94.9,217.312,,,16,
1670188064.711207,10.10.1.100:47918,748.4,249.917,,,2,1
1670188064.714012,10.10.1.100:56732,94.9,214.691,,,16,
1670188064.790237,10.10.1.100:47918,829.6,248.665,,,3,1
1670188064.792920,10.10.1.100:56732,94.9,211.602,,,16,
1670188064.869501,10.10.1.100:47918,810.8,246.062,,,3,1
1670188064.872172,10.10.1.100:56732,144.9,210.524,,,16,
1670188064.947914,10.10.1.100:47918,900.1,241.915,,,4,1
1670188064.950628,10.10.1.100:56732,144.9,209.152,,,16,
1670188065.027085,10.10.1.100:47918,851.1,241.915,,,4,1
1670188065.029770,10.10.1.100:56732,135.8,213.639,,,16,
1670188065.105900,10.10.1.100:47918,806.3,243.673,,,4,1
1670188065.108931,10.10.1.100:56732,159.3,218.543,,,16,
1670188065.185017,10.10.1.100:47918,671.2,240.486,,,4,1
1670188065.187691,10.10.1.100:56732,171.0,223.591,,,16,
1670188065.263999,10.10.1.100:47918,760.4,244.292,,,4,1
1670188065.266768,10.10.1.100:56732,172.9,231.42,,,16,
1670188065.342818,10.10.1.100:47918,743.5,247.255,,,4,1
1670188065.345529,10.10.1.100:56732,201.4,233.155,,,16,
1670188065.421560,10.10.1.100:47918,805.5,245.112,,,3,1
1670188065.424305,10.10.1.100:56732,171.0,235.945,,,16,
1670188065.552947,10.10.1.100:47918,764.7,247.974,,,3,1
1670188065.557749,10.10.1.100:56732,151.0,237.185,,,16,
1670188065.688289,10.10.1.100:47918,801.1,249.385,,,4,1
1670188065.692707,10.10.1.100:56732,129.7,235.339,,,16,
1670188065.785212,10.10.1.100:47918,788.2,250.224,,,4,1
1670188065.787889,10.10.1.100:56732,159.3,230.637,,,16,
1670188065.864536,10.10.1.100:47918,754.8,246.212,,,4,1
1670188065.867208,10.10.1.100:56732,169.8,235.513,,,16,
1670188065.944802,10.10.1.100:47918,758.3,249.53,,,4,1
1670188065.947562,10.10.1.100:56732,175.6,237.159,,,16,
1670188066.025491,10.10.1.100:47918,755.7,251.329,,,4,1
1670188066.028198,10.10.1.100:56732,201.5,239.058,,,4,
1670188066.104133,10.10.1.100:47918,805.2,248.659,,,3,1
1670188066.106848,10.10.1.100:56732,169.9,240.314,,,4,
1670188066.200835,10.10.1.100:47918,765.4,250.561,,,3,1
1670188066.205639,10.10.1.100:56732,239.2,240.077,,,4,
1670188066.342874,10.10.1.100:47918,765.4,209.904,,,5,1
1670188066.347734,10.10.1.100:56732,546.8,203.518,,,4,
1670188066.428527,10.10.1.100:47918,765.4,180.606,,,5,1
1670188066.431181,10.10.1.100:56732,531.2,177,,,20,
1670188066.508267,10.10.1.100:47918,765.4,166.991,,,6,4
1670188066.511026,10.10.1.100:56732,434.9,158.598,,,20,
1670188066.587392,10.10.1.100:47918,765.4,162.762,,,6,4
1670188066.590094,10.10.1.100:56732,382.9,157.655,,,20,
1670188066.667124,10.10.1.100:47918,588.5,166.666,,,6,4
1670188066.669840,10.10.1.100:56732,382.9,158.521,,,20,
1670188066.746479,10.10.1.100:47918,618.9,166.666,,,6,4
1670188066.749221,10.10.1.100:56732,337.4,171.304,,,20,
1670188066.825524,10.10.1.100:47918,654.8,171.578,,,6,4
1670188066.828333,10.10.1.100:56732,319.0,187.202,,,18,
1670188066.904448,10.10.1.100:47918,651.4,177.366,,,5,4
1670188066.907127,10.10.1.100:56732,286.6,197.145,,,18,
1670188066.984163,10.10.1.100:47918,695.3,185.506,,,5,4
1670188066.986853,10.10.1.100:56732,260.6,218.561,,,18,
1670188067.062781,10.10.1.100:47918,717.2,195.65,,,5,4
1670188067.064677,10.10.1.100:56732,260.6,233.709,,,18,
1670188067.142067,10.10.1.100:47918,717.0,195.65,,,5,4
1670188067.144738,10.10.1.100:56732,174.0,249.008,,,20,
1670188067.221097,10.10.1.100:47918,748.6,210.576,,,4,4
1670188067.223771,10.10.1.100:56732,217.2,255.907,,,20,
1670188067.320435,10.10.1.100:47918,689.1,228.03,,,4,4
1670188067.325276,10.10.1.100:56732,217.2,259.299,,,20,
1670188067.461560,10.10.1.100:47918,639.5,228.03,,,4,4
1670188067.466352,10.10.1.100:56732,182.2,255.841,,,20,
1670188067.573686,10.10.1.100:47918,745.9,242.551,,,3,3
1670188067.578551,10.10.1.100:56732,182.2,258.674,,,20,
1670188067.716976,10.10.1.100:47918,781.9,242.551,,,3,3
1670188067.721766,10.10.1.100:56732,91.1,261.38,,,20,
1670188067.840252,10.10.1.100:47918,764.4,244.677,,,2,2
1670188067.845242,10.10.1.100:56732,117.8,259.739,,,20,
1670188067.981735,10.10.1.100:47918,779.9,250.974,,,2,2
1670188067.985276,10.10.1.100:56732,85.0,264.912,,,22,
1670188068.061186,10.10.1.100:47918,831.1,253.676,,,3,2
1670188068.063979,10.10.1.100:56732,78.5,258.022,,,22,
1670188068.140695,10.10.1.100:47918,743.0,256.98,,,3,2
1670188068.143326,10.10.1.100:56732,78.5,256.185,,,22,
1670188068.219981,10.10.1.100:47918,832.4,256.98,,,3,2
1670188068.222811,10.10.1.100:56732,127.5,249.474,,,22,
1670188068.299973,10.10.1.100:47918,821.2,254.361,,,4,2
1670188068.302685,10.10.1.100:56732,124.1,247.985,,,22,
1670188068.379024,10.10.1.100:47918,820.6,257.547,,,4,2
1670188068.381757,10.10.1.100:56732,124.1,250.149,,,22,
1670188068.457827,10.10.1.100:47918,820.0,257.547,,,4,2
1670188068.460505,10.10.1.100:56732,136.7,249.465,,,22,
1670188068.536831,10.10.1.100:47918,819.7,257.129,,,4,2
1670188068.539495,10.10.1.100:56732,150.5,249.213,,,22,
1670188068.616563,10.10.1.100:47918,825.2,263.467,,,4,2
1670188068.619187,10.10.1.100:56732,160.8,262.337,,,22,
1670188068.697805,10.10.1.100:47918,773.8,266.548,,,4,2
1670188068.701016,10.10.1.100:56732,160.8,264.034,,,22,
1670188068.782762,10.10.1.100:47918,758.8,266.548,,,4,2
1670188068.785981,10.10.1.100:56732,182.0,263.108,,,22,
1670188068.865508,10.10.1.100:47918,796.5,265.046,,,3,2
1670188068.868263,10.10.1.100:56732,150.5,268.715,,,22,
1670188068.997642,10.10.1.100:47918,796.8,269.911,,,3,2
1670188069.002490,10.10.1.100:56732,113.1,273.223,,,22,
1670188069.125612,10.10.1.100:47918,802.1,278.295,,,2,2
1670188069.128383,10.10.1.100:56732,114.3,276.321,,,22,
1670188069.206309,10.10.1.100:47918,817.7,281.504,,,2,2
1670188069.209043,10.10.1.100:56732,114.3,278.453,,,22,
1670188069.288148,10.10.1.100:47918,842.3,281.504,,,2,2
1670188069.290896,10.10.1.100:56732,106.0,283.351,,,22,
1670188069.433668,10.10.1.100:47918,843.7,287.313,,,2,2
1670188069.438561,10.10.1.100:56732,76.2,280.91,,,22,
1670188069.570571,10.10.1.100:47918,757.8,288.913,,,2,1
1670188069.575081,10.10.1.100:56732,70.6,272.676,,,22,
1670188069.665447,10.10.1.100:47918,869.1,290.282,,,2,1
1670188069.668176,10.10.1.100:56732,70.6,270.593,,,22,
1670188069.745307,10.10.1.100:47918,883.2,290.282,,,2,1
1670188069.748044,10.10.1.100:56732,77.2,268.055,,,22,
1670188069.824750,10.10.1.100:47918,869.6,290.483,,,3,1
1670188069.827463,10.10.1.100:56732,77.2,268.814,,,22,
1670188069.904106,10.10.1.100:47918,876.0,290.483,,,3,1
1670188069.906833,10.10.1.100:56732,73.3,272.937,,,22,
1670188069.985831,10.10.1.100:47918,869.6,293.68,,,3,1
1670188069.988641,10.10.1.100:56732,119.1,272.044,,,22,
1670188070.067465,10.10.1.100:47918,871.3,289.499,,,4,1
1670188070.070217,10.10.1.100:56732,119.1,269.347,,,22,
1670188070.149285,10.10.1.100:47918,832.1,289.499,,,4,1
1670188070.151929,10.10.1.100:56732,119.1,273.562,,,22,
1670188070.231723,10.10.1.100:47918,831.7,289.499,,,4,1
1670188070.234779,10.10.1.100:56732,110.0,277.059,,,22,
1670188070.313855,10.10.1.100:47918,831.3,292.812,,,4,1
1670188070.316653,10.10.1.100:56732,134.7,279.75,,,22,
1670188070.398667,10.10.1.100:47918,803.1,298.993,,,4,1
1670188070.401568,10.10.1.100:56732,134.7,288.375,,,22,
1670188070.484098,10.10.1.100:47918,802.6,298.993,,,4,1
1670188070.486846,10.10.1.100:56732,134.7,298.992,,,22,
1670188070.565663,10.10.1.100:47918,803.1,298.993,,,4,1
1670188070.568477,10.10.1.100:56732,153.1,302.877,,,22,
1670188070.647975,10.10.1.100:47918,802.5,303.957,,,3,1
1670188070.650709,10.10.1.100:56732,134.8,301.394,,,22,
1670188070.729769,10.10.1.100:47918,809.1,308.469,,,3,1
1670188070.732573,10.10.1.100:56732,134.8,304.493,,,22,
1670188070.809817,10.10.1.100:47918,809.8,308.469,,,3,1
1670188070.812559,10.10.1.100:56732,134.8,307.553,,,22,
1670188070.889050,10.10.1.100:47918,841.4,308.469,,,3,1
1670188070.892551,10.10.1.100:56732,104.0,307.221,,,22,
1670188071.030997,10.10.1.100:47918,839.2,314.693,,,2,1
1670188071.035860,10.10.1.100:56732,13400.0,307.133,,,22,
1670188071.143985,10.10.1.100:47916,102.2,5.908,,,10,
1670188071.145564,10.10.1.100:47918,820.4,316.318,,,2,1
1670188071.148272,10.10.1.100:56732,13400.0,303.921,,,22,
1670188071.226742,10.10.1.100:47916,103.4,5.908,0,1,10,
1670188071.228560,10.10.1.100:47918,775.6,316.242,,,2,1
1670188071.231653,10.10.1.100:56732,13400.0,299.932,,,22,
1670188071.309156,10.10.1.100:47916,859.6,39.92,0,1,10,
1670188071.313542,10.10.1.100:56732,13400.0,295.303,,,22,
1670188071.390450,10.10.1.100:47916,837.3,39.92,0,1,10,
1670188071.393425,10.10.1.100:56732,13400.0,292.494,,,22,
1670188071.469948,10.10.1.100:47916,855.3,39.92,0,1,10,
1670188071.473101,10.10.1.100:56732,13400.0,290.877,,,22,
1670188071.608813,10.10.1.100:47916,873.9,39.92,0,1,10,
1670188071.613824,10.10.1.100:56732,13400.0,289.643,,,20,
1670188071.747667,10.10.1.100:47916,886.0,69.821,0,1,10,
1670188071.752435,10.10.1.100:56732,798.7,285.661,,,20,
1670188071.871503,10.10.1.100:56732,821.6,275.395,,,20,
1670188071.949023,10.10.1.100:56732,842.9,261.92,,,22,
1670188072.034041,10.10.1.100:56732,924.1,252.623,,,22,
1670188072.113783,10.10.1.100:56732,924.5,247.5,,,22,
1670188072.193260,10.10.1.100:56732,943.6,243.256,,,22,
1670188072.272614,10.10.1.100:56732,949.9,239.205,,,22,
1670188072.349403,10.10.1.100:56732,887.3,240.751,,,22,
1670188072.425583,10.10.1.100:56732,872.7,237.745,,,22,
1670188072.502473,10.10.1.100:56732,849.8,234.964,,,22,
1670188072.582870,10.10.1.100:56732,951.7,233.153,,,22,
1670188072.716908,10.10.1.100:56732,956.2,231.783,,,22,
1670188072.858226,10.10.1.100:56732,955.2,231.018,,,22,
1670188072.998069,10.10.1.100:56732,865.5,235.791,,,22,
1670188073.140454,10.10.1.100:56732,956.2,232.249,,,22,
1670188073.260805,10.10.1.100:56732,957.0,231.52,,,24,
1670188073.338904,10.10.1.100:56732,957.2,231.74,,,22,
1670188073.416582,10.10.1.100:56732,957.3,232.095,,,22,
1670188073.546948,10.10.1.100:56732,954.7,235.889,,,22,
1670188073.650095,10.10.1.100:56732,936.9,235.327,,,22,
1670188073.726069,10.10.1.100:56732,957.0,234.454,,,22,
1670188073.802892,10.10.1.100:56732,957.7,234.359,,,24,
1670188073.879159,10.10.1.100:56732,957.2,234.535,,,22,
1670188073.954679,10.10.1.100:56732,957.4,234.953,,,20,
1670188074.030819,10.10.1.100:56732,955.6,236.113,,,20,
1670188074.107189,10.10.1.100:56732,955.4,240.685,,,20,
1670188074.184183,10.10.1.100:56732,938.0,239.302,,,20,
1670188074.260885,10.10.1.100:56732,214.3,238.486,,,20,
1670188074.335918,10.10.1.100:56730,956.5,73.811,,,10,
1670188074.337447,10.10.1.100:56732,214.3,238.242,,,22,
1670188074.412378,10.10.1.100:56730,957.2,73.811,,,10,
1670188074.414326,10.10.1.100:56732,214.3,238.379,,,20,
1670188074.550152,10.10.1.100:56730,955.6,73.811,,,10,
1670188074.552873,10.10.1.100:56732,214.3,239.044,,,20,
1670188074.651852,10.10.1.100:56730,214.3,94.435,,,10,
1670188074.726267,10.10.1.100:56730,,94.435,,,10,
