1670184523.375987,10.10.1.100:51422,29900.0,19.661,,,18,
1670184523.452101,10.10.1.100:51422,958.6,67.84,,,24,
1670184523.529565,10.10.1.100:51422,955.5,108.143,,,30,
1670184523.605818,10.10.1.100:51422,956.6,140.78,,,36,
1670184523.735810,10.10.1.100:51422,955.4,186.123,,,44,
1670184523.877864,10.10.1.100:51422,956.3,243.093,,,54,
1670184524.006425,10.10.1.100:51422,955.7,344.108,,,67,
1670184524.105820,10.10.1.100:51422,956.1,406.788,,,76,
1670184524.242939,10.10.1.100:51422,956.5,462.128,,,85,
1670184524.321738,10.10.1.100:51422,956.3,502.037,,,96,
1670184524.399505,10.10.1.100:51422,956.5,511.734,,,102,
1670184524.477453,10.10.1.100:51422,957.0,548.95,,,109,
1670184524.553991,10.10.1.100:51422,956.6,590.535,,,112,
1670184524.689671,10.10.1.100:51422,956.1,644.294,,,112,
1670184524.790798,10.10.1.100:51422,956.2,739.561,,,112,
1670184524.866685,10.10.1.100:51422,956.4,787.38,2,2,110,
1670184524.943345,10.10.1.100:51422,956.0,814.139,8,8,104,
1670184525.019732,10.10.1.100:51422,956.4,827.313,15,15,97,
1670184525.097342,10.10.1.100:51422,956.1,831.954,21,21,91,
1670184525.174172,10.10.1.100:51422,956.3,834.107,27,27,85,
1670184525.250502,10.10.1.100:51422,956.4,835.032,33,33,79,
1670184525.327293,10.10.1.100:51422,956.5,835.511,40,40,72,
1670184525.403903,10.10.1.100:51422,956.4,835.662,43,43,69,
1670184525.480211,10.10.1.100:51422,956.7,835.683,43,43,69,
1670184525.557257,10.10.1.100:51422,956.5,835.668,43,43,69,
1670184525.634497,10.10.1.100:51422,956.6,835.585,43,43,69,
1670184525.710415,10.10.1.100:51422,956.3,834.772,40,43,12,
1670184525.786605,10.10.1.100:51422,956.1,835.215,34,43,12,
1670184525.862460,10.10.1.100:51422,956.4,835.584,28,43,12,
1670184525.966321,10.10.1.100:51422,956.3,835.584,21,43,13,
1670184526.042427,10.10.1.100:51422,956.3,835.568,13,43,13,
1670184526.119726,10.10.1.100:51422,956.2,835.681,7,43,12,
1670184526.197008,10.10.1.100:51422,956.3,835.819,0,43,12,
1670184526.275302,10.10.1.100:51422,956.3,839.743,0,43,14,
1670184526.352547,10.10.1.100:51422,956.5,842.341,0,43,12,
1670184526.430454,10.10.1.100:51422,956.7,844.072,0,43,12,
1670184526.508631,10.10.1.100:51422,956.2,845.318,0,43,12,
1670184526.586345,10.10.1.100:51422,166.3,502.471,0,43,12,
1670184526.587732,10.10.1.100:59424,0,543.846,,,10,
1670184526.664732,10.10.1.100:51422,166.2,307.005,0,43,12,
1670184526.666124,10.10.1.100:59424,0,543.846,,,10,
1670184526.743117,10.10.1.100:51422,948.4,217.893,0,43,12,
1670184526.744549,10.10.1.100:59424,79.1,494.171,,,10,
1670184526.864015,10.10.1.100:51422,950.4,178.195,0,43,13,
1670184526.866414,10.10.1.100:59424,79.1,494.171,,,10,
1670184527.000563,10.10.1.100:51422,947.5,156.527,0,43,12,
1670184527.001924,10.10.1.100:59424,79.1,456.174,,,10,
1670184527.098278,10.10.1.100:51422,947.9,151.457,0,43,12,
1670184527.373054,10.10.1.100:51422,878.7,153.218,0,43,12,
1670184527.373164,10.10.1.100:59426,0,145.905,,,10,
1670184527.474484,10.10.1.100:51422,674.3,125.968,0,43,8,
1670184527.475795,10.10.1.100:59426,73.0,147.496,,,10,
1670184527.559604,10.10.1.100:51422,731.2,119.899,0,43,11,
1670184527.561118,10.10.1.100:59426,285.6,135.295,,,13,
1670184527.644315,10.10.1.100:51422,478.6,129.116,0,43,8,
1670184527.645678,10.10.1.100:59426,508.2,155.064,,,19,
1670184527.723725,10.10.1.100:51422,451.9,178.638,0,43,8,
1670184527.725078,10.10.1.100:59426,529.7,162.947,,,20,
1670184527.804827,10.10.1.100:51422,456.5,204.709,0,43,8,
1670184527.806497,10.10.1.100:59426,477.7,191.013,,,23,
1670184527.944043,10.10.1.100:51422,456.5,204.709,0,43,8,
1670184527.946480,10.10.1.100:59426,551.5,246.057,,,24,24
1670184528.045811,10.10.1.100:51422,273.1,236.249,0,43,8,
1670184528.047159,10.10.1.100:59426,626.5,291.462,,,24,24
1670184528.125675,10.10.1.100:51422,297.0,287.23,0,43,10,
1670184528.127008,10.10.1.100:59426,669.7,312.988,,,24,24
1670184528.204690,10.10.1.100:51422,298.9,297.697,0,43,8,
1670184528.206059,10.10.1.100:59426,717.2,344.788,,,25,24
1670184528.284968,10.10.1.100:51422,298.9,297.697,0,43,8,
1670184528.286305,10.10.1.100:59426,717.7,364.709,,,25,24
1670184528.413389,10.10.1.100:51422,298.9,297.697,0,43,8,
1670184528.415863,10.10.1.100:59426,717.8,375.329,,,25,24
1670184528.529149,10.10.1.100:51422,281.0,360.673,0,43,11,
1670184528.530473,10.10.1.100:59426,717.8,377.374,,,26,24
1670184528.609420,10.10.1.100:51422,281.0,360.673,0,43,11,
1670184528.610747,10.10.1.100:59426,717.8,396.937,,,26,24
1670184528.688489,10.10.1.100:51422,281.0,360.673,0,43,11,
1670184528.689856,10.10.1.100:59426,702.7,405.985,,,26,24
1670184528.768173,10.10.1.100:51422,281.0,360.673,0,43,11,
1670184528.769566,10.10.1.100:59426,702.9,411.326,,,27,24
1670184528.848096,10.10.1.100:51422,231.7,369.853,0,43,8,
1670184528.849464,10.10.1.100:59426,724.5,417.35,,,27,24
1670184528.927911,10.10.1.100:51422,246.0,393.889,0,43,9,
1670184528.929282,10.10.1.100:59426,650.7,423.04,,,27,24
1670184529.007158,10.10.1.100:51422,276.9,406.072,0,43,8,
1670184529.008511,10.10.1.100:59426,671.6,431.771,,,27,24
1670184529.086671,10.10.1.100:51422,276.9,406.072,0,43,8,
1670184529.088001,10.10.1.100:59426,671.5,441.304,,,27,24
1670184529.166031,10.10.1.100:51422,276.9,406.072,0,43,8,
1670184529.167372,10.10.1.100:59426,672.4,447.599,,,28,24
1670184529.245385,10.10.1.100:51422,276.9,406.072,0,43,8,
1670184529.247047,10.10.1.100:59426,679.3,452.897,,,28,24
1670184529.354621,10.10.1.100:51422,225.0,407.981,0,43,8,
1670184529.357182,10.10.1.100:59426,717.2,450.795,,,28,24
1670184529.496539,10.10.1.100:51422,258.3,417.567,0,43,11,
1670184529.497923,10.10.1.100:59426,697.6,443.157,,,28,24
1670184529.575907,10.10.1.100:51422,258.3,417.567,0,43,11,
1670184529.577340,10.10.1.100:59426,698.3,436.94,,,29,24
1670184529.654673,10.10.1.100:51422,258.3,417.567,0,43,11,
1670184529.656008,10.10.1.100:59426,678.9,440.73,,,29,24
1670184529.733844,10.10.1.100:51422,212.5,421.909,0,43,8,
1670184529.735265,10.10.1.100:59426,717.2,442.472,,,29,24
1670184529.814578,10.10.1.100:51422,232.5,425.678,0,43,8,
1670184529.816124,10.10.1.100:59426,676.8,447.071,,,30,24
1670184529.953859,10.10.1.100:51422,269.7,433.751,0,43,12,
1670184529.956206,10.10.1.100:59426,679.8,457.772,,,30,24
1670184530.094250,10.10.1.100:51422,269.7,433.751,0,43,12,
1670184530.096912,10.10.1.100:59426,693.3,472.528,,,30,24
1670184530.237010,10.10.1.100:51422,269.7,433.751,0,43,12,
1670184530.239345,10.10.1.100:59426,693.1,479.123,,,31,24
1670184530.322628,10.10.1.100:51422,226.6,448.33,0,43,10,
1670184530.323948,10.10.1.100:59426,725.1,475.949,,,31,24
1670184530.403069,10.10.1.100:51422,266.9,458.914,0,43,8,
1670184530.404390,10.10.1.100:59426,683.5,480.941,,,31,24
1670184530.482424,10.10.1.100:51422,266.9,458.914,0,43,8,
1670184530.483784,10.10.1.100:59426,683.7,490.009,,,32,24
1670184530.562960,10.10.1.100:51422,266.9,458.914,0,43,8,
1670184530.564392,10.10.1.100:59426,683.7,496.056,,,32,24
1670184530.642973,10.10.1.100:51422,266.9,458.914,0,43,8,
1670184530.644346,10.10.1.100:59426,683.7,506.868,,,32,24
1670184530.723189,10.10.1.100:51422,266.9,458.914,0,43,8,
1670184530.724533,10.10.1.100:59426,683.6,515.391,,,33,24
1670184530.803893,10.10.1.100:51422,215.2,467.092,0,43,9,
1670184530.805298,10.10.1.100:59426,638.7,521.244,,,33,24
1670184530.884315,10.10.1.100:51422,250.5,472.178,0,43,12,
1670184530.885666,10.10.1.100:59426,706.2,515.255,,,33,24
1670184530.963979,10.10.1.100:51422,250.5,472.178,0,43,12,
1670184530.965392,10.10.1.100:59426,706.5,505.07,,,34,24
1670184531.043037,10.10.1.100:51422,250.5,472.178,0,43,12,
1670184531.044364,10.10.1.100:59426,706.4,506.247,,,35,24
1670184531.122466,10.10.1.100:51422,250.5,472.178,0,43,12,
1670184531.123830,10.10.1.100:59426,706.3,507.076,,,36,24
1670184531.202560,10.10.1.100:51422,250.5,472.178,0,43,12,
1670184531.203896,10.10.1.100:59426,751.3,507.775,,,36,24
1670184531.284410,10.10.1.100:51422,186.6,480.148,0,43,8,
1670184531.285851,10.10.1.100:59426,751.4,507.894,,,37,24
1670184531.364280,10.10.1.100:51422,239.1,495.469,0,43,12,
1670184531.365652,10.10.1.100:59426,679.9,512.896,,,37,24
1670184531.444152,10.10.1.100:51422,244.2,500.814,0,43,8,
1670184531.445563,10.10.1.100:59426,701.5,519.104,,,38,24
1670184531.523766,10.10.1.100:51422,244.2,500.814,0,43,8,
1670184531.525136,10.10.1.100:59426,701.3,537.857,,,39,24
1670184531.604663,10.10.1.100:51422,244.2,500.814,0,43,8,
1670184531.606049,10.10.1.100:59426,712.0,548.264,,,40,24
1670184531.685321,10.10.1.100:51422,244.2,500.814,0,43,8,
1670184531.686678,10.10.1.100:59426,712.4,555.175,,,42,24
1670184531.765424,10.10.1.100:51422,244.2,500.814,0,43,8,
1670184531.766778,10.10.1.100:59426,712.0,571.115,,,43,24
1670184531.845169,10.10.1.100:51422,173.8,508.361,0,43,8,
1670184531.846494,10.10.1.100:59426,721.9,576.409,,,44,24
1670184531.935104,10.10.1.100:51422,187.1,531.361,0,43,8,
1670184531.937535,10.10.1.100:59426,719.1,578.864,,,44,24
1670184532.077188,10.10.1.100:51422,224.9,543.97,0,43,8,
1670184532.079526,10.10.1.100:59426,737.0,582.821,,,46,24
1670184532.182261,10.10.1.100:51422,224.9,543.97,0,43,8,
1670184532.184222,10.10.1.100:59426,746.0,593.99,,,48,24
1670184532.313895,10.10.1.100:51422,224.9,543.97,0,43,8,
1670184532.316399,10.10.1.100:59426,754.1,611.46,,,51,24
1670184532.419179,10.10.1.100:51422,224.9,543.97,0,43,8,
1670184532.420546,10.10.1.100:59426,762.0,630.373,,,53,24
1670184532.499699,10.10.1.100:51422,150.0,553.193,0,43,8,
1670184532.501099,10.10.1.100:59426,761.7,638.141,,,55,24
1670184532.580076,10.10.1.100:51422,78.1,565.201,0,43,8,
1670184532.581518,10.10.1.100:59426,876.1,636.776,,,56,24
1670184532.659862,10.10.1.100:51422,91.5,567.543,0,43,8,
1670184532.661346,10.10.1.100:59426,863.0,621.706,,,57,24
1670184532.739518,10.10.1.100:51422,99.0,573.578,0,43,8,
1670184532.740938,10.10.1.100:59426,846.6,623.864,,,59,24
1670184532.819207,10.10.1.100:51422,112.6,591.867,0,43,8,
1670184532.820556,10.10.1.100:59426,817.1,639.51,,,61,24
1670184532.898656,10.10.1.100:51422,112.6,591.867,0,43,8,
1670184532.900024,10.10.1.100:59426,822.3,662.655,,,63,24
1670184532.977631,10.10.1.100:51422,112.6,591.867,0,43,8,
1670184532.978971,10.10.1.100:59426,824.4,681.072,,,65,24
1670184533.056652,10.10.1.100:51422,112.6,591.867,0,43,8,
1670184533.058042,10.10.1.100:59426,828.7,696.175,,,67,24
1670184533.136135,10.10.1.100:51422,112.6,591.867,0,43,8,
1670184533.137500,10.10.1.100:59426,829.0,709.266,,,69,24
1670184533.214946,10.10.1.100:51422,112.6,591.867,0,43,8,
1670184533.216264,10.10.1.100:59426,833.0,723.041,,,71,24
1670184533.294248,10.10.1.100:51422,108.0,628.588,0,43,4,
1670184533.295639,10.10.1.100:59426,847.1,740.791,,,73,24
1670184533.373609,10.10.1.100:51422,115.9,644.297,0,43,4,
1670184533.374956,10.10.1.100:59426,850.2,745.981,,,74,24
1670184533.454528,10.10.1.100:51422,104.6,660.507,0,43,4,
1670184533.455881,10.10.1.100:59426,852.0,758.472,,,76,24
1670184533.533689,10.10.1.100:51422,109.3,693.689,0,43,4,
1670184533.535025,10.10.1.100:59426,854.8,774.626,,,78,24
1670184533.612943,10.10.1.100:51422,109.3,693.689,0,43,4,
1670184533.614277,10.10.1.100:59426,843.7,789.181,,,80,24
1670184533.692135,10.10.1.100:51422,107.0,733.628,0,43,4,
1670184533.693503,10.10.1.100:59426,845.7,809.712,1,rcv_space,82,24
1670184533.775705,10.10.1.100:51422,107.0,733.628,0,43,4,
1670184533.778105,10.10.1.100:59426,846.0,823.947,3,3,78,57
1670184533.919036,10.10.1.100:51422,107.0,733.628,0,43,4,
1670184533.921503,10.10.1.100:59426,843.7,827.932,5,5,72,57
1670184534.031572,10.10.1.100:51422,107.0,733.628,0,43,4,
1670184534.032966,10.10.1.100:59426,843.7,829.077,9,9,66,57
1670184534.111299,10.10.1.100:51422,107.0,750.214,0,43,4,
1670184534.112654,10.10.1.100:59426,856.7,827.62,11,11,62,57
1670184534.191662,10.10.1.100:51422,107.0,750.214,0,43,4,
1670184534.193023,10.10.1.100:59426,870.8,824.179,12,12,59,57
1670184534.271583,10.10.1.100:51422,107.0,750.214,0,43,4,
1670184534.272951,10.10.1.100:59426,887.0,826.301,12,12,57,57
1670184534.350800,10.10.1.100:51422,107.0,750.214,0,43,4,
1670184534.352164,10.10.1.100:59426,900.2,826.323,13,13,56,57
1670184534.430220,10.10.1.100:51422,107.0,766.373,0,43,44,
1670184534.431516,10.10.1.100:59426,915.2,826.826,14,14,55,57
1670184534.510812,10.10.1.100:51422,107.0,774.233,0,43,5,
1670184534.512206,10.10.1.100:59426,928.7,826.568,14,14,55,57
1670184534.614492,10.10.1.100:51422,107.0,774.233,1,44,5,
1670184534.617050,10.10.1.100:59426,901.5,830.682,13,16,57,57
1670184534.755226,10.10.1.100:51422,107.0,774.233,1,44,5,
1670184534.757544,10.10.1.100:59426,845.4,801.814,9,16,57,57
1670184534.880371,10.10.1.100:51422,107.0,767.503,1,44,5,
1670184534.881782,10.10.1.100:59426,776.5,751.587,5,16,57,57
1670184534.960151,10.10.1.100:51422,107.0,767.503,1,44,5,
1670184534.961559,10.10.1.100:59426,734.6,706.718,4,16,57,57
1670184535.039532,10.10.1.100:51422,107.0,767.503,1,44,5,
1670184535.040899,10.10.1.100:59426,734.6,689.567,3,16,57,57
1670184535.118245,10.10.1.100:51422,107.0,755.395,1,44,5,
1670184535.119611,10.10.1.100:59426,745.6,680.643,2,16,57,57
1670184535.197848,10.10.1.100:51422,107.0,739.797,1,44,5,
1670184535.199186,10.10.1.100:59426,734.8,684.68,2,16,57,57
1670184535.279507,10.10.1.100:51422,107.0,734.072,0,44,40,
1670184535.280884,10.10.1.100:59426,762.2,696.994,0,16,57,57
1670184535.358655,10.10.1.100:51422,107.0,734.072,0,44,40,
1670184535.360033,10.10.1.100:59426,801.7,725.924,0,16,57,57
1670184535.438056,10.10.1.100:51422,107.0,734.072,0,44,40,
1670184535.439476,10.10.1.100:59426,838.5,741.067,0,16,58,57
1670184535.517250,10.10.1.100:51422,107.0,734.072,0,44,40,
1670184535.518578,10.10.1.100:59426,879.1,746.329,0,16,59,57
1670184535.596386,10.10.1.100:51422,107.0,734.072,0,44,40,
1670184535.597804,10.10.1.100:59426,879.7,748.755,0,16,60,57
1670184535.675676,10.10.1.100:51422,107.0,741.279,0,44,40,
1670184535.677061,10.10.1.100:59426,879.6,749.925,0,16,60,57
1670184535.754909,10.10.1.100:51422,107.0,741.279,0,44,40,
1670184535.756243,10.10.1.100:59426,879.4,750.431,0,16,61,57
1670184535.834176,10.10.1.100:51422,107.0,741.279,0,44,40,
1670184535.835499,10.10.1.100:59426,879.4,750.705,0,16,62,57
1670184535.913695,10.10.1.100:51422,107.0,747.797,0,44,40,
1670184535.915020,10.10.1.100:59426,879.3,750.843,0,16,63,57
1670184535.991975,10.10.1.100:51422,77.1,757.664,0,44,36,
1670184535.993347,10.10.1.100:59426,878.3,749.349,0,16,63,57
1670184536.071930,10.10.1.100:51422,84.0,762.354,0,44,36,
1670184536.073292,10.10.1.100:59426,865.1,753.997,0,16,64,57
1670184536.150708,10.10.1.100:51422,113.3,775.162,0,44,36,
1670184536.152034,10.10.1.100:59426,838.8,767.144,0,16,65,57
1670184536.229450,10.10.1.100:51422,113.3,775.162,0,44,36,
1670184536.230778,10.10.1.100:59426,815.9,789.356,0,16,65,57
1670184536.309226,10.10.1.100:51422,118.9,797.14,0,44,36,
1670184536.310562,10.10.1.100:59426,804.1,813.172,0,16,66,57
1670184536.438288,10.10.1.100:51422,119.5,802.069,0,44,20,
1670184536.440771,10.10.1.100:59426,804.1,825.545,1,17,65,46
1670184536.572766,10.10.1.100:51422,126.9,805.318,2,46,20,
1670184536.574950,10.10.1.100:59426,789.9,833.177,3,19,60,46
1670184536.673038,10.10.1.100:51422,126.9,805.318,2,46,20,
1670184536.674398,10.10.1.100:59426,789.8,835.243,5,21,54,46
1670184536.752480,10.10.1.100:51422,141.9,808.807,3,47,13,
1670184536.753883,10.10.1.100:59426,803.9,833.587,5,21,52,46
1670184536.831200,10.10.1.100:51422,162.7,811.746,4,48,11,
1670184536.832618,10.10.1.100:59426,815.7,831.905,5,21,51,46
1670184536.910783,10.10.1.100:51422,139.4,812.668,5,49,10,
1670184536.912181,10.10.1.100:59426,830.1,828.675,5,21,49,46
1670184536.990526,10.10.1.100:51422,137.3,813.424,6,50,10,
1670184536.991870,10.10.1.100:59426,844.2,826.089,5,21,47,46
1670184537.070498,10.10.1.100:51422,119.5,815.572,7,51,10,
1670184537.071881,10.10.1.100:59426,843.8,825.751,5,21,46,46
1670184537.150795,10.10.1.100:51422,124.2,817.401,8,52,10,
1670184537.152120,10.10.1.100:59426,845.5,829.766,5,21,46,46
1670184537.229850,10.10.1.100:51422,124.2,817.401,8,52,10,
1670184537.231196,10.10.1.100:59426,831.1,828.82,3,21,46,46
1670184537.310624,10.10.1.100:51422,102.1,812.76,8,54,10,
1670184537.311976,10.10.1.100:59426,803.8,817.677,2,21,46,46
1670184537.391855,10.10.1.100:51422,102.1,812.76,10,56,10,
1670184537.393252,10.10.1.100:59426,762.2,795.117,1,21,46,46
1670184537.472756,10.10.1.100:51422,111.2,805.04,10,57,11,
1670184537.474167,10.10.1.100:59426,734.5,769.6,0,21,46,46
1670184537.553164,10.10.1.100:51422,111.3,795.285,11,59,12,
1670184537.554515,10.10.1.100:59426,703.3,739.454,0,21,46,46
1670184537.633646,10.10.1.100:51422,113.2,769.234,9,59,14,
1670184537.635002,10.10.1.100:59426,685.4,718.782,0,21,47,46
1670184537.713263,10.10.1.100:51422,111.6,754.955,8,59,15,
1670184537.714615,10.10.1.100:59426,646.9,686.577,0,21,47,46
1670184537.792717,10.10.1.100:51422,111.6,742.336,7,59,16,
1670184537.794114,10.10.1.100:59426,637.5,670.831,0,21,48,46
1670184537.871743,10.10.1.100:51422,111.6,742.336,7,59,16,
1670184537.873142,10.10.1.100:59426,637.7,660.8,0,21,48,46
1670184537.951150,10.10.1.100:51422,122.6,722.116,5,59,18,
1670184537.952496,10.10.1.100:59426,666.7,658.054,0,21,49,46
1670184538.030764,10.10.1.100:51422,124.8,714.227,4,59,19,
1670184538.032175,10.10.1.100:59426,687.4,659.829,0,21,49,46
1670184538.109954,10.10.1.100:51422,131.5,709.198,3,59,20,
1670184538.111331,10.10.1.100:59426,698.4,666.373,0,21,49,46
1670184538.190826,10.10.1.100:51422,154.3,705.424,2,59,21,
1670184538.192185,10.10.1.100:59426,733.2,677.034,0,21,50,46
1670184538.323371,10.10.1.100:51422,170.9,709.684,0,59,36,
1670184538.325772,10.10.1.100:59426,771.2,687.009,0,21,50,46
1670184538.457314,10.10.1.100:51422,188.1,718.356,0,59,36,
1670184538.459517,10.10.1.100:59426,774.8,700.008,0,21,51,46
1670184538.551437,10.10.1.100:51422,180.8,725.937,0,59,36,
1670184538.553064,10.10.1.100:59426,765.4,712.576,0,21,52,46
1670184538.633181,10.10.1.100:51422,182.5,738.378,0,59,36,
1670184538.634760,10.10.1.100:59426,740.6,728.049,0,21,52,46
1670184538.715243,10.10.1.100:51422,183.2,745.362,0,59,36,
1670184538.717174,10.10.1.100:59426,740.5,737.517,0,21,52,46
1670184538.856137,10.10.1.100:51422,203.3,761.386,0,59,36,
1670184538.858543,10.10.1.100:59426,732.4,755.569,0,21,53,46
1670184538.992830,10.10.1.100:51422,215.7,771.354,0,59,36,
1670184538.995575,10.10.1.100:59426,735.8,769.84,0,21,53,46
1670184539.131617,10.10.1.100:51422,236.6,783.17,0,59,36,
1670184539.133326,10.10.1.100:59426,735.7,777.084,0,21,54,46
1670184539.274237,10.10.1.100:51422,225.1,790.45,0,59,36,
1670184539.276727,10.10.1.100:59426,735.8,797.867,0,21,54,46
1670184539.395750,10.10.1.100:51422,237.4,797.497,0,59,36,
1670184539.397156,10.10.1.100:59426,731.2,808.496,0,21,54,46
1670184539.482519,10.10.1.100:51422,240.5,805.874,0,59,36,
1670184539.485322,10.10.1.100:59426,731.4,813.546,0,21,54,46
1670184539.629668,10.10.1.100:51422,235.8,818.948,0,59,36,
1670184539.631991,10.10.1.100:59426,720.7,821.765,0,21,55,46
1670184539.768599,10.10.1.100:51422,235.9,830.576,0,59,36,
1670184539.770880,10.10.1.100:59426,731.4,822.103,1,22,53,38
1670184539.888396,10.10.1.100:51422,225.0,829.091,1,60,18,
1670184539.889817,10.10.1.100:59426,731.3,821.281,1,22,50,38
1670184539.967749,10.10.1.100:51422,213.2,826.733,2,61,17,
1670184539.969182,10.10.1.100:59426,734.7,823.025,1,22,47,38
1670184540.047778,10.10.1.100:51422,218.6,826.189,2,61,17,
1670184540.049219,10.10.1.100:59426,731.5,821.257,1,22,46,38
1670184540.127908,10.10.1.100:51422,216.8,827.246,2,61,17,
1670184540.129269,10.10.1.100:59426,745.5,820.881,1,22,44,38
1670184540.206573,10.10.1.100:51422,218.6,826.991,2,61,17,
1670184540.207898,10.10.1.100:59426,745.1,822.977,1,22,42,38
1670184540.286630,10.10.1.100:51422,209.7,826.827,3,62,16,
1670184540.287960,10.10.1.100:59426,745.5,820.821,1,22,41,38
1670184540.365586,10.10.1.100:51422,212.5,827.81,3,62,16,
1670184540.366925,10.10.1.100:59426,748.4,823.927,1,22,40,38
1670184540.446492,10.10.1.100:51422,212.5,827.81,3,62,16,
1670184540.447829,10.10.1.100:59426,748.3,824.355,1,22,38,38
1670184540.525912,10.10.1.100:51422,199.3,826.305,4,63,15,
1670184540.527251,10.10.1.100:59426,745.4,825.349,0,22,38,38
1670184540.605269,10.10.1.100:51422,190.0,822.168,4,63,15,
1670184540.606598,10.10.1.100:59426,717.3,822.046,0,22,38,38
1670184540.684341,10.10.1.100:51422,210.8,813.301,2,63,17,
1670184540.685702,10.10.1.100:59426,699.5,816.711,0,22,39,38
1670184540.763330,10.10.1.100:51422,209.5,798.912,2,63,19,
1670184540.764669,10.10.1.100:59426,646.9,805.294,0,22,39,38
1670184540.842195,10.10.1.100:51422,208.2,782.263,2,63,21,
1670184540.843561,10.10.1.100:59426,642.6,792.568,0,22,39,38
1670184540.921500,10.10.1.100:51422,212.3,762.322,1,63,23,
1670184540.922826,10.10.1.100:59426,614.1,775.644,0,22,40,38
1670184541.000104,10.10.1.100:51422,207.8,741.128,1,63,25,
1670184541.001465,10.10.1.100:59426,585.3,760.045,0,22,40,38
1670184541.079863,10.10.1.100:51422,207.9,730.606,1,63,26,
1670184541.081242,10.10.1.100:59426,542.7,733.693,0,22,40,38
1670184541.159193,10.10.1.100:51422,211.9,719.53,0,63,36,
1670184541.160523,10.10.1.100:59426,534.7,714.862,0,22,41,38
1670184541.238136,10.10.1.100:51422,211.2,714.391,0,63,36,
1670184541.239468,10.10.1.100:59426,550.8,690.793,0,22,41,38
1670184541.318072,10.10.1.100:51422,211.2,704.483,0,63,36,
1670184541.319440,10.10.1.100:59426,568.0,677.979,0,22,42,38
1670184541.397108,10.10.1.100:51422,224.2,701.164,0,63,36,
1670184541.398473,10.10.1.100:59426,595.9,676.574,0,22,42,38
1670184541.477523,10.10.1.100:51422,225.9,699.033,0,63,36,
1670184541.478968,10.10.1.100:59426,605.5,674.125,0,22,42,38
1670184541.556705,10.10.1.100:51422,225.8,695.619,0,63,36,
1670184541.558145,10.10.1.100:59426,659.4,668.698,0,22,43,38
1670184541.636154,10.10.1.100:51422,236.9,695.301,0,63,36,
1670184541.637587,10.10.1.100:59426,682.9,665.311,0,22,43,38
1670184541.715073,10.10.1.100:51422,249.2,693.863,0,63,36,
1670184541.716421,10.10.1.100:59426,708.3,662.71,0,22,43,38
1670184541.846160,10.10.1.100:51422,265.6,692.596,0,63,36,
1670184541.848663,10.10.1.100:59426,695.4,666.92,0,22,44,38
1670184541.981626,10.10.1.100:51422,262.2,698.986,0,63,36,
1670184541.983873,10.10.1.100:59426,682.7,681.787,0,22,44,38
1670184542.125304,10.10.1.100:51422,283.7,705.881,0,63,38,
1670184542.127763,10.10.1.100:59426,692.5,691.498,0,22,44,38
1670184542.257555,10.10.1.100:51422,282.3,711.871,0,63,38,
1670184542.259311,10.10.1.100:59426,680.6,701.185,0,22,45,38
1670184542.337481,10.10.1.100:51422,286.0,718.876,0,63,40,
1670184542.338830,10.10.1.100:59426,669.3,715.715,0,22,45,38
1670184542.417021,10.10.1.100:51422,284.0,724.951,0,63,40,
1670184542.418358,10.10.1.100:59426,669.5,726.802,0,22,45,38
1670184542.498772,10.10.1.100:51422,284.0,730.228,0,63,40,
1670184542.500112,10.10.1.100:59426,669.5,738.757,0,22,45,38
1670184542.612018,10.10.1.100:51422,281.4,741.056,0,63,40,
1670184542.614393,10.10.1.100:59426,668.2,743.068,0,22,45,38
1670184542.750305,10.10.1.100:51422,294.4,746.51,0,63,40,
1670184542.751677,10.10.1.100:59426,668.2,751.258,0,22,45,38
1670184542.829337,10.10.1.100:51422,311.1,756.772,0,63,42,
1670184542.830695,10.10.1.100:59426,657.8,757.913,0,22,45,38
1670184542.909415,10.10.1.100:51422,299.8,761.616,0,63,42,
1670184542.910797,10.10.1.100:59426,657.8,761.895,0,22,45,38
1670184542.988284,10.10.1.100:51422,296.4,773.999,0,63,42,
1670184542.989712,10.10.1.100:59426,657.7,769.469,0,22,46,38
1670184543.067603,10.10.1.100:51422,296.4,780.705,0,63,42,
1670184543.069003,10.10.1.100:59426,647.7,784.723,0,22,46,38
1670184543.147022,10.10.1.100:51422,309.5,787.598,0,63,42,
1670184543.148404,10.10.1.100:59426,647.5,793.737,0,22,46,38
1670184543.234592,10.10.1.100:51422,318.8,791.633,0,63,42,
1670184543.237034,10.10.1.100:59426,637.8,803.531,0,22,46,38
1670184543.376004,10.10.1.100:51422,318.7,801.383,0,63,42,
1670184543.378249,10.10.1.100:59426,628.1,814.135,0,22,46,38
1670184543.501548,10.10.1.100:51422,323.5,812.93,0,63,44,
1670184543.502865,10.10.1.100:59426,628.2,825.273,0,22,46,38
1670184543.591968,10.10.1.100:51422,323.1,819.334,0,63,44,
1670184543.594366,10.10.1.100:59426,619.1,834.205,0,22,46,38
1670184543.732810,10.10.1.100:51422,332.1,827.869,0,63,44,
1670184543.735210,10.10.1.100:59426,618.8,842.663,0,22,46,38
1670184543.863118,10.10.1.100:51422,347.2,826.792,1,64,21,
1670184543.865426,10.10.1.100:59426,623.7,847.208,1,23,45,32
1670184543.945561,10.10.1.100:51422,334.0,825.539,2,65,20,
1670184543.946893,10.10.1.100:59426,623.7,837.808,1,23,43,32
1670184544.080383,10.10.1.100:51422,327.9,826.212,2,65,20,
1670184544.082830,10.10.1.100:59426,627.9,829.224,1,23,42,32
1670184544.203944,10.10.1.100:51422,309.2,822.434,2,65,20,
1670184544.206059,10.10.1.100:59426,628.0,815.395,1,23,39,32
1670184544.297964,10.10.1.100:51422,301.7,813.935,2,65,20,
1670184544.299325,10.10.1.100:59426,642.5,807.099,1,23,37,32
1670184544.376973,10.10.1.100:51422,280.7,807.08,2,65,20,
1670184544.378398,10.10.1.100:59426,619.1,795.78,1,23,36,32
1670184544.456395,10.10.1.100:51422,264.3,799.942,2,65,20,
1670184544.457798,10.10.1.100:59426,632.9,786.403,1,23,34,32
1670184544.535637,10.10.1.100:51422,276.1,794.092,1,65,22,
1670184544.537073,10.10.1.100:59426,632.8,781.471,1,23,32,32
1670184544.614680,10.10.1.100:51422,273.3,790.639,1,65,24,
1670184544.616006,10.10.1.100:59426,623.7,777.878,0,23,32,32
1670184544.694327,10.10.1.100:51422,280.8,788.14,0,65,45,
1670184544.695649,10.10.1.100:59426,623.7,780.521,0,23,32,32
1670184544.774154,10.10.1.100:51422,281.9,788.292,0,65,46,
1670184544.775472,10.10.1.100:59426,596.0,781.905,0,23,32,32
1670184544.853301,10.10.1.100:51422,281.5,788.126,0,65,46,
1670184544.854625,10.10.1.100:59426,576.6,780.319,0,23,33,32
1670184544.932179,10.10.1.100:51422,289.6,783.484,0,65,46,
1670184544.933576,10.10.1.100:59426,556.5,774.769,0,23,33,32
1670184545.011812,10.10.1.100:51422,293.9,778.628,0,65,46,
1670184545.013183,10.10.1.100:59426,536.2,755.709,0,23,34,32
1670184545.091000,10.10.1.100:51422,301.4,763.415,0,65,46,
1670184545.092364,10.10.1.100:59426,515.1,740.226,0,23,35,32
1670184545.171097,10.10.1.100:51422,299.3,754.252,0,65,46,
1670184545.172510,10.10.1.100:59426,508.2,734.008,0,23,35,32
1670184545.251213,10.10.1.100:51422,302.1,743.653,0,65,46,
1670184545.252658,10.10.1.100:59426,470.9,711.069,0,23,36,32
1670184545.332151,10.10.1.100:51422,302.7,722.939,0,65,46,
1670184545.333666,10.10.1.100:59426,478.1,692.079,0,23,37,32
1670184545.412637,10.10.1.100:51422,315.6,714.331,0,65,46,
1670184545.414143,10.10.1.100:59426,493.8,675.989,0,23,37,32
1670184545.492446,10.10.1.100:51422,316.7,709.194,0,65,46,
1670184545.493946,10.10.1.100:59426,510.2,672.369,0,23,38,32
1670184545.572786,10.10.1.100:51422,330.1,702.552,0,65,46,
1670184545.574212,10.10.1.100:59426,527.8,670.945,0,23,38,32
1670184545.652853,10.10.1.100:51422,320.4,695.668,0,65,46,
1670184545.654281,10.10.1.100:59426,560.8,665.686,0,23,39,32
1670184545.732782,10.10.1.100:51422,349.8,694.405,0,65,46,
1670184545.734201,10.10.1.100:59426,580.6,661.493,0,23,39,32
1670184545.812969,10.10.1.100:51422,352.4,691.005,0,65,46,
1670184545.814390,10.10.1.100:59426,602.0,664.317,0,23,39,32
1670184545.892887,10.10.1.100:51422,332.0,691.654,0,65,46,
1670184545.894311,10.10.1.100:59426,625.9,668.629,0,23,40,32
1670184545.971942,10.10.1.100:51422,330.4,692.893,0,65,46,
1670184545.973373,10.10.1.100:59426,625.7,668.129,0,23,40,32
1670184546.052141,10.10.1.100:51422,330.4,692.893,0,65,46,
1670184546.053521,10.10.1.100:59426,626.0,672.178,0,23,41,32
1670184546.131732,10.10.1.100:51422,323.9,697.311,0,65,46,
1670184546.133124,10.10.1.100:59426,625.8,679.333,0,23,41,32
1670184546.211798,10.10.1.100:51422,321.2,698.188,0,65,46,
1670184546.213223,10.10.1.100:59426,637.5,684.597,0,23,42,32
1670184546.292636,10.10.1.100:51422,324.2,700.082,0,65,46,
1670184546.294105,10.10.1.100:59426,626.5,688.046,0,23,42,32
1670184546.372773,10.10.1.100:51422,342.4,702.604,0,65,46,
1670184546.374124,10.10.1.100:59426,626.7,695.969,0,23,42,32
1670184546.452415,10.10.1.100:51422,323.9,707.2,0,65,46,
1670184546.453845,10.10.1.100:59426,637.6,706.013,0,23,43,32
1670184546.533110,10.10.1.100:51422,330.0,714.23,0,65,46,
1670184546.534513,10.10.1.100:59426,626.8,713.653,0,23,43,32
1670184546.613511,10.10.1.100:51422,323.8,718.559,0,65,46,
1670184546.614924,10.10.1.100:59426,627.0,719.468,0,23,43,32
1670184546.693405,10.10.1.100:51422,329.3,723.296,0,65,46,
1670184546.694784,10.10.1.100:59426,627.3,723.958,0,23,44,32
1670184546.797543,10.10.1.100:51422,311.9,729.108,0,65,46,
1670184546.799184,10.10.1.100:59426,637.7,729.099,0,23,44,32
1670184546.891837,10.10.1.100:51422,328.8,739.016,0,65,46,
1670184546.893470,10.10.1.100:59426,637.8,744.253,0,23,44,32
1670184546.985344,10.10.1.100:51422,328.8,743.036,0,65,46,
1670184546.986935,10.10.1.100:59426,637.5,748.657,0,23,44,32
1670184547.065760,10.10.1.100:51422,318.9,755.247,0,65,46,
1670184547.067141,10.10.1.100:59426,637.9,753.344,0,23,45,32
1670184547.145585,10.10.1.100:51422,319.0,761.613,0,65,46,
1670184547.146917,10.10.1.100:59426,637.8,755.583,0,23,45,32
1670184547.225094,10.10.1.100:51422,333.4,765.134,0,65,46,
1670184547.226422,10.10.1.100:59426,628.0,760.074,0,23,45,32
1670184547.305041,10.10.1.100:51422,328.4,770.714,0,65,46,
1670184547.306392,10.10.1.100:59426,637.2,770.611,0,23,45,32
1670184547.422877,10.10.1.100:51422,318.9,776.551,0,65,46,
1670184547.425322,10.10.1.100:59426,627.6,778.863,0,23,45,32
1670184547.559490,10.10.1.100:51422,328.3,787.448,0,65,46,
1670184547.561720,10.10.1.100:59426,628.0,791.093,0,23,45,32
1670184547.663248,10.10.1.100:51422,332.7,798.024,0,65,46,
1670184547.664620,10.10.1.100:59426,637.6,796.679,0,23,45,32
1670184547.743254,10.10.1.100:51422,317.2,807.221,0,65,46,
1670184547.745004,10.10.1.100:59426,628.2,798.795,0,23,45,32
1670184547.825140,10.10.1.100:51422,323.2,813.232,0,65,46,
1670184547.826711,10.10.1.100:59426,628.3,801.705,0,23,45,32
1670184547.905814,10.10.1.100:51422,336.8,816.447,0,65,46,
1670184547.907154,10.10.1.100:59426,618.8,806.818,0,23,45,32
1670184547.984575,10.10.1.100:51422,332.1,821.743,0,65,46,
1670184547.985936,10.10.1.100:59426,628.0,824.328,0,23,46,32
1670184548.063947,10.10.1.100:51422,332.1,830.158,0,65,46,
1670184548.065402,10.10.1.100:59426,618.7,828.792,0,23,46,32
1670184548.143631,10.10.1.100:51422,336.9,833.579,0,65,46,
1670184548.145030,10.10.1.100:59426,618.9,839.03,0,23,46,32
1670184548.223168,10.10.1.100:51422,336.8,837.545,0,65,46,
1670184548.224534,10.10.1.100:59426,618.9,843.92,0,23,46,32
1670184548.305103,10.10.1.100:51422,327.6,835.922,1,66,31,
1670184548.306465,10.10.1.100:59426,619.1,844.811,0,23,46,32
1670184548.422786,10.10.1.100:51422,332.7,829.412,1,66,31,
1670184548.425179,10.10.1.100:59426,618.9,849.606,0,23,46,32
1670184548.558685,10.10.1.100:51422,332.0,826.51,2,67,30,
1670184548.560900,10.10.1.100:59426,618.6,853.951,0,23,46,32
1670184548.662799,10.10.1.100:51422,325.4,824.304,3,68,29,
1670184548.664168,10.10.1.100:59426,618.6,854.712,0,23,46,32
1670184548.786927,10.10.1.100:51422,330.2,825.458,3,68,29,
1670184548.789498,10.10.1.100:59426,618.8,857.638,0,23,46,32
1670184548.923932,10.10.1.100:51422,320.7,823.71,5,70,27,
1670184548.926153,10.10.1.100:59426,618.9,838.331,1,24,44,32
1670184549.031977,10.10.1.100:51422,320.7,823.894,6,71,26,
1670184549.033411,10.10.1.100:59426,623.4,833.174,1,24,42,32
1670184549.111008,10.10.1.100:51422,340.6,826.503,6,71,26,
1670184549.112381,10.10.1.100:59426,610.0,832.184,2,25,39,32
1670184549.191688,10.10.1.100:51422,332.7,822.593,6,72,27,
1670184549.193103,10.10.1.100:59426,618.9,823.41,2,25,38,32
1670184549.271166,10.10.1.100:51422,325.1,818.97,6,72,29,
1670184549.272528,10.10.1.100:59426,604.6,813.887,2,25,36,32
1670184549.350279,10.10.1.100:51422,320.4,815.361,5,72,31,
1670184549.351624,10.10.1.100:59426,627.8,810.234,2,25,35,32
1670184549.429104,10.10.1.100:51422,317.1,814.361,4,72,33,
1670184549.430450,10.10.1.100:59426,618.6,803.338,2,25,34,32
1670184549.508861,10.10.1.100:51422,300.2,808.601,4,72,35,
1670184549.510215,10.10.1.100:59426,604.8,792.05,2,25,32,32
1670184549.588275,10.10.1.100:51422,292.6,804.987,3,72,37,
1670184549.589667,10.10.1.100:59426,609.8,789.054,1,25,32,32
1670184549.668038,10.10.1.100:51422,278.6,793.05,2,72,40,
1670184549.669460,10.10.1.100:59426,613.5,783.942,1,25,32,32
1670184549.748156,10.10.1.100:51422,283.0,786.858,1,72,42,
1670184549.749547,10.10.1.100:59426,576.5,767.337,1,25,32,32
1670184549.827832,10.10.1.100:51422,276.5,768.106,1,72,45,
1670184549.829260,10.10.1.100:59426,540.7,750.087,0,25,32,32
1670184549.907438,10.10.1.100:51422,295.6,748.874,0,72,46,
1670184549.908826,10.10.1.100:59426,528.3,747.535,0,25,32,32
1670184549.985726,10.10.1.100:51422,305.7,733.23,0,72,46,
1670184549.987162,10.10.1.100:59426,528.4,743.461,0,25,32,32
1670184550.064818,10.10.1.100:51422,313.9,721.94,0,72,46,
1670184550.066170,10.10.1.100:59426,499.8,735.358,0,25,33,32
1670184550.182056,10.10.1.100:51422,328.1,702.142,0,72,46,
1670184550.184385,10.10.1.100:59426,478.1,729.268,0,25,33,32
1670184550.325173,10.10.1.100:51422,337.9,689.685,0,72,46,
1670184550.328153,10.10.1.100:59426,470.9,709.481,0,25,34,32
1670184550.467228,10.10.1.100:51422,356.7,688.272,0,72,46,
1670184550.469682,10.10.1.100:59426,501.8,701.998,0,25,35,32
1670184550.559536,10.10.1.100:51422,356.7,686.32,0,72,46,
1670184550.560957,10.10.1.100:59426,518.4,692.41,0,25,36,32
1670184550.638715,10.10.1.100:51422,356.7,684.805,0,72,46,
1670184550.640069,10.10.1.100:59426,536.5,678.297,0,25,37,32
1670184550.717589,10.10.1.100:51422,356.7,683.649,0,72,46,
1670184550.717901,10.10.1.100:59426,536.4,679.778,0,25,37,32
1670184550.794260,10.10.1.100:51422,356.7,681.043,0,72,46,
1670184550.795637,10.10.1.100:59426,566.7,679.397,0,25,38,32
1670184550.874328,10.10.1.100:51422,356.7,681.043,0,72,46,
1670184550.875729,10.10.1.100:59426,590.6,674.663,0,25,39,32
1670184550.954012,10.10.1.100:51422,356.6,682.801,0,72,46,
1670184550.955388,10.10.1.100:59426,591.0,672.629,0,25,39,32
1670184551.033763,10.10.1.100:51422,356.6,683.414,0,72,46,
1670184551.035111,10.10.1.100:59426,590.8,674.26,0,25,40,32
1670184551.112679,10.10.1.100:51422,352.3,684.986,0,72,46,
1670184551.114049,10.10.1.100:59426,590.9,679.341,0,25,40,32
1670184551.213969,10.10.1.100:51422,346.4,688.917,0,72,46,
1670184551.216369,10.10.1.100:59426,615.0,679.059,0,25,40,32
1670184551.355275,10.10.1.100:51422,334.6,694.31,0,72,46,
1670184551.357736,10.10.1.100:59426,614.9,683.319,0,25,41,32
1670184551.441841,10.10.1.100:51422,321.5,698.761,0,72,46,
1670184551.443199,10.10.1.100:59426,626.7,695.929,0,25,42,32
1670184551.520559,10.10.1.100:51422,334.7,702.722,0,72,46,
1670184551.521968,10.10.1.100:59426,637.6,695.958,0,25,42,32
1670184551.616651,10.10.1.100:51422,323.9,707.256,0,72,46,
1670184551.619081,10.10.1.100:59426,626.5,697.494,0,25,42,32
1670184551.757182,10.10.1.100:51422,334.5,714.899,0,72,46,
1670184551.759328,10.10.1.100:59426,615.8,715.159,0,25,43,32
1670184551.880094,10.10.1.100:51422,316.3,730.483,0,72,46,
1670184551.881464,10.10.1.100:59426,626.9,723.586,0,25,43,32
1670184552.001690,10.10.1.100:51422,321.6,741.029,0,72,46,
1670184552.004016,10.10.1.100:59426,627.2,728.65,0,25,44,32
1670184552.133392,10.10.1.100:51422,328.9,751.668,0,72,46,
1670184552.134728,10.10.1.100:59426,627.0,749.458,0,25,44,32
1670184552.212467,10.10.1.100:51422,341.0,759.573,0,72,46,
1670184552.213841,10.10.1.100:59426,627.8,756.6,0,25,44,32
1670184552.292723,10.10.1.100:51422,328.4,765.039,0,72,46,
1670184552.294105,10.10.1.100:59426,627.8,760.886,0,25,45,32
1670184552.371863,10.10.1.100:51422,328.5,770.865,0,72,46,
1670184552.373318,10.10.1.100:59426,627.8,764.202,0,25,45,32
1670184552.450898,10.10.1.100:51422,333.3,774.02,0,72,46,
1670184552.452232,10.10.1.100:59426,627.6,766.769,0,25,45,32
1670184552.529771,10.10.1.100:51422,328.5,779.348,0,72,46,
1670184552.531136,10.10.1.100:59426,628.0,777.15,0,25,45,32
1670184552.623589,10.10.1.100:51422,342.8,788.105,0,72,46,
1670184552.626018,10.10.1.100:59426,618.2,786.659,0,25,45,32
1670184552.753687,10.10.1.100:51422,334.4,796.375,0,72,46,
1670184552.756063,10.10.1.100:59426,628.2,798.868,0,25,45,32
1670184552.885091,10.10.1.100:51422,332.8,807.261,0,72,46,
1670184552.886480,10.10.1.100:59426,628.3,803.013,0,25,45,32
1670184552.964142,10.10.1.100:51422,332.7,813.916,0,72,46,
1670184552.965662,10.10.1.100:59426,628.3,805.71,0,25,45,32
1670184553.043876,10.10.1.100:51422,337.5,818.183,0,72,46,
1670184553.045382,10.10.1.100:59426,618.7,809.917,0,25,45,32
1670184553.123347,10.10.1.100:51422,320.8,823.763,0,72,46,
1670184553.124910,10.10.1.100:59426,618.6,813.207,0,25,45,32
1670184553.202617,10.10.1.100:51422,332.5,828.677,1,73,30,
1670184553.204067,10.10.1.100:59426,627.9,827.372,0,25,46,32
1670184553.282406,10.10.1.100:51422,323.3,826.498,1,73,30,
1670184553.283846,10.10.1.100:59426,627.9,832.193,0,25,46,32
1670184553.362496,10.10.1.100:51422,327.8,826.828,1,73,30,
1670184553.363960,10.10.1.100:59426,628.1,835.921,0,25,46,32
1670184553.442339,10.10.1.100:51422,336.7,825.079,1,73,30,
1670184553.443778,10.10.1.100:59426,627.8,841.578,0,25,46,32
1670184553.521240,10.10.1.100:51422,331.5,824.238,1,73,30,
1670184553.522656,10.10.1.100:59426,610.0,844.597,0,25,46,32
1670184553.599630,10.10.1.100:51422,337.4,825.334,1,73,30,
1670184553.601090,10.10.1.100:59426,618.7,835.783,1,26,44,32
1670184553.679005,10.10.1.100:51422,346.5,824.273,2,74,29,
1670184553.680459,10.10.1.100:59426,610.1,833.449,1,26,43,32
1670184553.758217,10.10.1.100:51422,346.6,823.065,2,74,29,
1670184553.759658,10.10.1.100:59426,609.9,832.014,1,26,42,32
1670184553.838160,10.10.1.100:51422,345.5,823.768,2,74,28,
1670184553.839565,10.10.1.100:59426,610.1,831.108,1,26,41,32
1670184553.916907,10.10.1.100:51422,344.9,823.26,3,75,27,
1670184553.918310,10.10.1.100:59426,604.6,829.729,1,26,39,32
1670184553.996222,10.10.1.100:51422,350.4,825.034,4,76,27,
1670184553.997663,10.10.1.100:59426,596.1,830.957,2,27,37,32
1670184554.074908,10.10.1.100:51422,363.7,826.332,3,76,29,
1670184554.076331,10.10.1.100:59426,596.2,830.474,3,28,35,32
1670184554.154264,10.10.1.100:51422,364.8,824.901,4,77,30,
1670184554.155700,10.10.1.100:59426,596.2,830.174,3,28,33,32
1670184554.295253,10.10.1.100:51422,353.5,822.072,4,77,33,
1670184554.297645,10.10.1.100:59426,599.3,825.242,3,28,32,32
1670184554.407566,10.10.1.100:51422,332.4,816.689,4,77,37,
1670184554.408930,10.10.1.100:59426,613.8,816.707,2,28,32,32
1670184554.486256,10.10.1.100:51422,318.6,801.352,3,77,40,
1670184554.487574,10.10.1.100:59426,562.6,795.403,2,28,32,32
1670184554.565602,10.10.1.100:51422,301.7,786.224,3,77,42,
1670184554.566950,10.10.1.100:59426,540.8,774.221,2,28,32,32
1670184554.644866,10.10.1.100:51422,301.7,762.684,1,77,45,
1670184554.646211,10.10.1.100:59426,513.0,747.79,2,28,32,32
1670184554.725008,10.10.1.100:51422,286.5,735.982,1,77,48,
1670184554.726352,10.10.1.100:59426,506.5,727.382,0,28,32,32
1670184554.804071,10.10.1.100:51422,291.5,718.994,0,77,48,
1670184554.805508,10.10.1.100:59426,478.5,717.244,0,28,32,32
1670184554.882898,10.10.1.100:51422,310.8,709.036,0,77,48,
1670184554.884237,10.10.1.100:59426,457.0,710.888,0,28,32,32
1670184554.961455,10.10.1.100:51422,307.7,704.582,0,77,48,
1670184554.962803,10.10.1.100:59426,463.6,696.147,0,28,33,32
1670184555.041016,10.10.1.100:51422,314.2,703.492,0,77,48,
1670184555.042389,10.10.1.100:59426,456.8,691.973,0,28,34,32
1670184555.129793,10.10.1.100:51422,322.9,702.255,0,77,48,
1670184555.132122,10.10.1.100:59426,478.1,687.464,0,28,34,32
1670184555.270848,10.10.1.100:51422,346.1,696.619,0,77,48,
1670184555.273163,10.10.1.100:59426,501.7,684.073,0,28,35,32
1670184555.389594,10.10.1.100:51422,369.1,694.231,0,77,4,
1670184555.390947,10.10.1.100:59426,546.3,681.759,0,28,36,32
1670184555.486052,10.10.1.100:51422,370.0,690.095,0,77,4,
1670184555.488489,10.10.1.100:59426,566.5,672.471,0,28,37,32
1670184555.627498,10.10.1.100:51422,370.0,684.412,0,77,4,
1670184555.629728,10.10.1.100:59426,577.3,664.421,0,28,37,32
1670184555.752479,10.10.1.100:51422,346.3,684.267,0,77,4,
1670184555.753925,10.10.1.100:59426,591.2,668.668,0,28,38,32
1670184555.831369,10.10.1.100:51422,365.2,686.729,0,77,4,
1670184555.832799,10.10.1.100:59426,591.4,667.818,0,28,39,32
1670184555.910444,10.10.1.100:51422,370.0,685.133,0,77,4,
1670184555.911844,10.10.1.100:59426,591.5,671.89,0,28,40,32
1670184555.989745,10.10.1.100:51422,353.2,686.485,0,77,4,
1670184555.991142,10.10.1.100:59426,591.6,678.977,0,28,40,32
1670184556.069355,10.10.1.100:51422,341.5,689.881,0,77,4,
1670184556.070703,10.10.1.100:59426,637.9,675.469,0,28,41,32
1670184556.149406,10.10.1.100:51422,341.5,689.881,0,77,4,
1670184556.150779,10.10.1.100:59426,649.5,662.308,0,28,41,32
1670184556.228332,10.10.1.100:51422,341.5,689.881,0,77,4,
1670184556.229733,10.10.1.100:59426,685.7,639.179,0,28,42,32
1670184556.308292,10.10.1.100:51422,341.5,689.881,0,77,4,
1670184556.309704,10.10.1.100:59426,660.8,614.519,0,28,42,32
1670184556.388311,10.10.1.100:51422,341.5,689.881,0,77,4,
1670184556.389703,10.10.1.100:59426,661.0,597.818,0,28,43,32
1670184556.467103,10.10.1.100:51422,341.5,673.738,0,77,46,
1670184556.468464,10.10.1.100:59426,695.9,573.54,0,28,43,32
1670184556.546162,10.10.1.100:51422,341.5,657.647,0,77,42,
1670184556.547537,10.10.1.100:59426,671.4,561.208,0,28,43,32
1670184556.626023,10.10.1.100:51422,341.5,646.458,0,77,42,
1670184556.627364,10.10.1.100:59426,722.0,554.869,0,28,44,32
1670184556.716440,10.10.1.100:51422,341.5,646.458,0,77,42,
1670184556.717874,10.10.1.100:59426,814.2,555.829,0,28,44,32
1670184556.798820,10.10.1.100:51422,341.5,646.458,0,77,42,
1670184556.800310,10.10.1.100:59426,837.2,556.261,0,28,44,32
1670184556.882093,10.10.1.100:51422,341.5,646.458,0,77,42,
1670184556.883474,10.10.1.100:59426,873.1,556.68,0,28,45,32
1670184556.961088,10.10.1.100:51422,341.5,646.458,0,77,42,
1670184556.962416,10.10.1.100:59426,892.8,561.018,0,28,45,32
1670184557.042657,10.10.1.100:51422,341.5,640.886,0,77,42,
1670184557.044053,10.10.1.100:59426,873.0,567.303,0,28,45,32
1670184557.122718,10.10.1.100:51422,341.5,634.46,0,77,42,
1670184557.124061,10.10.1.100:59426,854.8,574.768,0,28,45,32
1670184557.201923,10.10.1.100:51422,341.5,630.309,0,77,42,
1670184557.203400,10.10.1.100:59426,841.9,586.092,0,28,45,32
1670184557.284122,10.10.1.100:51422,341.5,632.682,0,77,42,
1670184557.285553,10.10.1.100:59426,809.2,595.055,0,28,45,32
1670184557.363622,10.10.1.100:51422,341.5,636.223,0,77,42,
1670184557.365008,10.10.1.100:59426,779.3,613.355,0,28,45,32
1670184557.443164,10.10.1.100:51422,341.5,643.825,0,77,42,
1670184557.444525,10.10.1.100:59426,751.4,627.247,0,28,45,32
1670184557.533807,10.10.1.100:51422,341.5,651.958,0,77,42,
1670184557.536196,10.10.1.100:59426,726.0,643.51,0,28,45,32
1670184557.673376,10.10.1.100:51422,341.5,665.146,0,77,42,
1670184557.673567,10.10.1.100:59426,701.5,672.957,0,28,46,32
1670184557.846688,10.10.1.100:51422,288.4,705.271,0,77,42,
1670184557.849371,10.10.1.100:59426,668.1,725.189,0,28,46,32
1670184557.987910,10.10.1.100:51422,288.5,725.476,0,77,42,
1670184557.990350,10.10.1.100:59426,667.6,754.639,0,28,46,32
1670184558.070035,10.10.1.100:51422,304.2,746.517,0,77,42,
1670184558.071373,10.10.1.100:59426,647.4,773.813,0,28,46,32
1670184558.150180,10.10.1.100:51422,304.3,755.825,0,77,42,
1670184558.151565,10.10.1.100:59426,647.5,785.449,0,28,46,32
1670184558.229205,10.10.1.100:51422,305.5,765.442,0,77,42,
1670184558.230534,10.10.1.100:59426,637.6,800.874,0,28,46,32
1670184558.309089,10.10.1.100:51422,323.4,782.468,0,77,42,
1670184558.310442,10.10.1.100:59426,637.7,805.233,0,28,46,32
1670184558.388296,10.10.1.100:51422,310.2,786.328,1,78,27,
1670184558.389676,10.10.1.100:59426,637.7,816.454,0,28,46,32
1670184558.467016,10.10.1.100:51422,323.5,794.814,1,78,27,
1670184558.468352,10.10.1.100:59426,637.5,820.969,0,28,46,32
1670184558.563298,10.10.1.100:51422,342.4,806.026,1,78,27,
1670184558.565791,10.10.1.100:59426,624.1,828.386,1,29,45,32
1670184558.707839,10.10.1.100:51422,336.8,812.544,1,78,27,
1670184558.710268,10.10.1.100:59426,623.8,829.303,1,29,43,32
1670184558.849950,10.10.1.100:51422,340.6,818.063,1,78,27,
1670184558.852360,10.10.1.100:59426,609.9,830.282,2,30,40,32
1670184558.939154,10.10.1.100:51422,351.6,821.392,1,78,27,
1670184558.940480,10.10.1.100:59426,609.7,828.066,2,30,38,32
1670184559.018933,10.10.1.100:51422,349.0,823.726,1,78,27,
1670184559.020251,10.10.1.100:59426,604.8,828.253,2,30,37,32
1670184559.097954,10.10.1.100:51422,339.6,823.765,2,79,26,
1670184559.099275,10.10.1.100:59426,604.8,826.179,2,30,36,32
1670184559.177252,10.10.1.100:51422,341.7,823.937,2,79,26,
1670184559.178569,10.10.1.100:59426,609.8,826.285,2,30,34,32
1670184559.256658,10.10.1.100:51422,360.5,826.263,1,79,28,
1670184559.258026,10.10.1.100:59426,596.1,828.067,3,31,32,32
1670184559.338075,10.10.1.100:51422,362.4,827.036,1,79,31,
1670184559.340461,10.10.1.100:59426,596.0,828.877,3,31,32,32
1670184559.478844,10.10.1.100:51422,360.1,827.659,1,79,34,
1670184559.481486,10.10.1.100:59426,595.9,831.441,2,31,32,32
1670184559.611896,10.10.1.100:51422,360.1,815.63,1,79,39,
1670184559.614285,10.10.1.100:59426,554.5,817.679,2,31,32,32
1670184559.695383,10.10.1.100:51422,360.1,797.426,1,79,42,
1670184559.696827,10.10.1.100:59426,520.4,791.662,1,31,32,32
1670184559.774732,10.10.1.100:51422,360.1,783.203,1,79,42,
1670184559.776158,10.10.1.100:59426,506.3,779.35,1,31,32,32
1670184559.856010,10.10.1.100:51422,361.2,775.052,0,79,42,
1670184559.857541,10.10.1.100:59426,485.4,759.17,1,31,32,32
1670184559.938785,10.10.1.100:51422,361.2,771.216,0,79,42,
1670184559.940243,10.10.1.100:59426,443.6,740.243,0,31,32,32
1670184560.020241,10.10.1.100:51422,361.2,766.297,0,79,42,
1670184560.021636,10.10.1.100:59426,443.6,734.237,0,31,32,32
1670184560.099827,10.10.1.100:51422,365.1,760.178,0,79,42,
1670184560.101236,10.10.1.100:59426,443.3,731.172,0,31,33,32
1670184560.180242,10.10.1.100:51422,367.5,753.256,0,79,42,
1670184560.181611,10.10.1.100:59426,456.8,729.956,0,31,33,32
1670184560.261065,10.10.1.100:51422,367.5,749.648,0,79,42,
1670184560.262428,10.10.1.100:59426,463.8,729.545,0,31,33,32
1670184560.341324,10.10.1.100:51422,367.0,742.078,0,79,42,
1670184560.342725,10.10.1.100:59426,471.0,726.027,0,31,34,32
1670184560.421008,10.10.1.100:51422,367.0,738.229,0,79,42,
1670184560.422380,10.10.1.100:59426,485.8,720.524,0,31,35,32
1670184560.501778,10.10.1.100:51422,390.7,731.936,0,79,44,
1670184560.503129,10.10.1.100:59426,501.9,716.354,0,31,35,32
1670184560.583365,10.10.1.100:51422,410.8,730.009,0,79,46,
1670184560.584838,10.10.1.100:59426,518.8,716.019,0,31,36,32
1670184560.663557,10.10.1.100:51422,423.2,726.778,0,79,46,
1670184560.664970,10.10.1.100:59426,527.5,715.912,0,31,36,32
1670184560.742834,10.10.1.100:51422,424.4,724.187,0,79,46,
1670184560.744190,10.10.1.100:59426,527.5,712.826,0,31,37,32
1670184560.822643,10.10.1.100:51422,429.5,723.074,0,79,48,
1670184560.824024,10.10.1.100:59426,518.8,711.931,0,31,37,32
1670184560.903396,10.10.1.100:51422,439.0,723.569,0,79,48,
1670184560.904824,10.10.1.100:59426,518.8,722.36,0,31,38,32
1670184560.982671,10.10.1.100:51422,431.9,729.95,0,79,48,
1670184560.984139,10.10.1.100:59426,518.7,730.385,0,31,38,32
1670184561.062348,10.10.1.100:51422,414.2,733.025,0,79,48,
1670184561.063755,10.10.1.100:59426,541.7,730.91,0,31,39,32
1670184561.142674,10.10.1.100:51422,389.0,735.166,0,79,48,
1670184561.144046,10.10.1.100:59426,551.0,728.441,0,31,39,32
1670184561.221754,10.10.1.100:51422,392.0,737.492,0,79,48,
1670184561.223126,10.10.1.100:59426,570.0,733.036,0,31,40,32
1670184561.303884,10.10.1.100:51422,369.7,738.23,0,79,48,
1670184561.305298,10.10.1.100:59426,583.7,728.684,0,31,40,32
1670184561.384145,10.10.1.100:51422,349.9,736.8,0,79,48,
1670184561.385591,10.10.1.100:59426,593.4,720.99,0,31,41,32
1670184561.463895,10.10.1.100:51422,340.4,733.61,0,79,48,
1670184561.465318,10.10.1.100:59426,593.4,719.823,0,31,41,32
1670184561.544461,10.10.1.100:51422,334.8,732.481,0,79,48,
1670184561.545888,10.10.1.100:59426,583.6,721.411,0,31,42,32
1670184561.624900,10.10.1.100:51422,340.5,729.66,0,79,48,
1670184561.626273,10.10.1.100:59426,615.8,718.503,0,31,42,32
1670184561.707502,10.10.1.100:51422,337.4,731.102,0,79,48,
1670184561.708891,10.10.1.100:59426,615.9,716.224,0,31,42,32
1670184561.788462,10.10.1.100:51422,337.4,731.102,0,79,48,
1670184561.789835,10.10.1.100:59426,605.4,723.183,0,31,43,32
1670184561.867750,10.10.1.100:51422,353.3,738.937,0,79,48,
1670184561.869116,10.10.1.100:59426,596.1,733.952,0,31,43,32
1670184561.947641,10.10.1.100:51422,364.5,749.651,0,79,48,
1670184561.949012,10.10.1.100:59426,607.4,742.032,0,31,43,32
1670184562.042358,10.10.1.100:51422,360.5,756.188,0,79,48,
1670184562.044712,10.10.1.100:59426,597.8,749.758,0,31,44,32
1670184562.182767,10.10.1.100:51422,347.5,769.502,0,79,48,
1670184562.185252,10.10.1.100:59426,588.7,762.121,0,31,44,32
1670184562.289993,10.10.1.100:51422,374.3,789.601,0,79,48,
1670184562.291361,10.10.1.100:59426,579.6,787.947,0,31,44,32
1670184562.369076,10.10.1.100:51422,385.4,794.663,0,79,48,
1670184562.370484,10.10.1.100:59426,590.8,803.546,0,31,44,32
1670184562.449065,10.10.1.100:51422,384.4,803.174,0,79,48,
1670184562.450413,10.10.1.100:59426,582.2,811.069,0,31,45,32
1670184562.528669,10.10.1.100:51422,371.9,813.068,1,80,32,
1670184562.530128,10.10.1.100:59426,590.6,815.356,0,31,45,32
1670184562.607695,10.10.1.100:51422,371.9,814.423,1,80,32,
1670184562.609107,10.10.1.100:59426,582.2,820.131,0,31,45,32
1670184562.687285,10.10.1.100:51422,368.8,818.386,2,81,31,
1670184562.688701,10.10.1.100:59426,590.5,821.475,1,32,43,31
1670184562.805924,10.10.1.100:51422,379.7,819.209,2,81,31,
1670184562.808235,10.10.1.100:59426,568.1,825.108,1,32,42,31
1670184562.952503,10.10.1.100:51422,379.7,820.723,3,82,30,
1670184562.954958,10.10.1.100:59426,576.8,824.338,3,34,38,31
1670184563.051870,10.10.1.100:51422,387.7,822.917,3,82,30,
1670184563.053285,10.10.1.100:59426,568.3,823.677,3,34,36,31
1670184563.131677,10.10.1.100:51422,388.5,821.75,3,82,30,
1670184563.133116,10.10.1.100:59426,568.5,826.298,3,34,35,31
1670184563.236894,10.10.1.100:51422,393.0,823.964,3,82,30,
1670184563.239332,10.10.1.100:59426,554.4,828.295,3,34,34,31
1670184563.375904,10.10.1.100:51422,388.0,823.266,4,84,29,
1670184563.377295,10.10.1.100:59426,568.2,828.099,4,35,31,31
1670184563.455083,10.10.1.100:51422,387.9,824.436,4,84,33,
1670184563.456475,10.10.1.100:59426,568.4,829.27,4,35,31,31
1670184563.534319,10.10.1.100:51422,391.6,825.639,3,84,35,
1670184563.535641,10.10.1.100:59426,562.4,828.989,3,35,31,31
1670184563.615761,10.10.1.100:51422,389.3,820.856,3,84,39,
1670184563.617160,10.10.1.100:59426,548.3,824.409,2,35,31,31
1670184563.696146,10.10.1.100:51422,398.8,811.696,2,84,42,
1670184563.697600,10.10.1.100:59426,520.5,811.138,1,35,31,31
1670184563.775593,10.10.1.100:51422,388.9,796.906,2,84,46,
1670184563.776992,10.10.1.100:59426,506.4,799.084,1,35,31,31
1670184563.854164,10.10.1.100:51422,388.9,777.626,2,84,48,
1670184563.855593,10.10.1.100:59426,492.2,789.134,1,35,31,31
1670184563.934016,10.10.1.100:51422,388.9,764.856,2,84,48,
1670184563.935385,10.10.1.100:59426,457.4,770.461,1,35,31,31
1670184564.013441,10.10.1.100:51422,388.8,749.84,1,84,48,
1670184564.014810,10.10.1.100:59426,429.7,758.786,0,35,31,31
1670184564.092427,10.10.1.100:51422,396.4,744.28,0,84,48,
1670184564.093873,10.10.1.100:59426,429.5,751.31,0,35,31,31
1670184564.172147,10.10.1.100:51422,397.9,744.411,0,84,48,
1670184564.173561,10.10.1.100:59426,429.8,747.049,0,35,32,31
1670184564.303801,10.10.1.100:51422,411.6,745.563,0,84,48,
1670184564.306324,10.10.1.100:59426,442.5,746.657,0,35,32,31
1670184564.412399,10.10.1.100:51422,409.7,745.671,0,84,48,
1670184564.413798,10.10.1.100:59426,456.3,746.635,0,35,33,31
1670184564.491625,10.10.1.100:51422,423.6,746.431,0,84,48,
1670184564.493081,10.10.1.100:59426,463.2,744.795,0,35,33,31
1670184564.570624,10.10.1.100:51422,422.3,742.415,0,84,48,
1670184564.571947,10.10.1.100:59426,478.2,744.059,0,35,33,31
1670184564.665048,10.10.1.100:51422,441.1,738.179,0,84,48,
1670184564.666430,10.10.1.100:59426,486.0,738.643,0,35,34,31
1670184564.744065,10.10.1.100:51422,462.5,734.652,0,84,50,
1670184564.745432,10.10.1.100:59426,486.2,738.819,0,35,34,31
1670184564.824327,10.10.1.100:51422,455.8,737.458,0,84,50,
1670184564.825696,10.10.1.100:59426,486.3,740.298,0,35,34,31
1670184564.905161,10.10.1.100:51422,478.5,738.841,0,84,52,
1670184564.906503,10.10.1.100:59426,486.2,742.986,0,35,35,31
1670184564.984776,10.10.1.100:51422,471.1,742.138,0,84,52,
1670184564.986115,10.10.1.100:59426,478.5,748.468,0,35,35,31
1670184565.110744,10.10.1.100:51422,478.3,749.981,0,84,52,
1670184565.113074,10.10.1.100:59426,478.5,760.306,0,35,35,31
1670184565.249066,10.10.1.100:51422,485.5,769.642,0,84,54,
1670184565.250401,10.10.1.100:59426,485.6,774.15,0,35,36,31
1670184565.328710,10.10.1.100:51422,463.5,778.609,0,84,54,
1670184565.330088,10.10.1.100:59426,493.3,778.128,0,35,36,31
1670184565.408103,10.10.1.100:51422,463.2,778.407,0,84,54,
1670184565.409555,10.10.1.100:59426,500.8,775.944,0,35,36,31
1670184565.487201,10.10.1.100:51422,433.2,780.151,0,84,54,
1670184565.488585,10.10.1.100:59426,517.2,779.967,0,35,36,31
1670184565.566344,10.10.1.100:51422,430.3,776.048,0,84,54,
1670184565.567719,10.10.1.100:59426,517.3,779.414,0,35,36,31
1670184565.646923,10.10.1.100:51422,418.4,772.74,0,84,54,
1670184565.648291,10.10.1.100:59426,532.9,770.716,0,35,37,31
1670184565.726029,10.10.1.100:51422,395.6,772.371,0,84,54,
1670184565.727393,10.10.1.100:59426,524.8,771.226,0,35,37,31
1670184565.805642,10.10.1.100:51422,409.9,770.06,0,84,54,
1670184565.806977,10.10.1.100:59426,524.8,772.148,0,35,37,31
1670184565.885048,10.10.1.100:51422,393.6,762.815,0,84,54,
1670184565.886394,10.10.1.100:59426,516.1,774.152,0,35,37,31
1670184565.964480,10.10.1.100:51422,396.1,763.919,0,84,54,
1670184565.965860,10.10.1.100:59426,529.8,771.482,0,35,37,31
1670184566.044022,10.10.1.100:51422,402.1,767.149,0,84,54,
1670184566.045424,10.10.1.100:59426,529.6,769.426,0,35,37,31
1670184566.124545,10.10.1.100:51422,414.0,770.089,0,84,54,
1670184566.125918,10.10.1.100:59426,538.2,768.622,0,35,37,31
1670184566.204288,10.10.1.100:51422,414.2,775.343,0,84,54,
1670184566.205660,10.10.1.100:59426,538.2,770.125,0,35,37,31
1670184566.284811,10.10.1.100:51422,433.4,780.027,0,84,54,
1670184566.286171,10.10.1.100:59426,538.1,771.249,0,35,37,31
1670184566.363797,10.10.1.100:51422,433.4,782.188,0,84,54,
1670184566.365167,10.10.1.100:59426,529.9,774.969,0,35,38,31
1670184566.443364,10.10.1.100:51422,417.7,788.78,0,84,54,
1670184566.444726,10.10.1.100:59426,521.9,789.314,0,35,38,31
1670184566.522680,10.10.1.100:51422,426.6,800.067,0,84,4,
1670184566.524024,10.10.1.100:59426,513.7,796.608,0,35,38,31
1670184566.601543,10.10.1.100:51422,444.5,804.919,0,84,4,
1670184566.602890,10.10.1.100:59426,514.0,811.463,0,35,38,31
1670184566.681360,10.10.1.100:51422,429.8,813.331,0,84,4,
1670184566.682690,10.10.1.100:59426,521.6,817.525,0,35,38,31
1670184566.760232,10.10.1.100:51422,432.3,820.421,0,84,4,
1670184566.761682,10.10.1.100:59426,513.9,824.626,0,35,38,31
1670184566.872997,10.10.1.100:51422,443.7,823.544,0,84,4,
1670184566.875336,10.10.1.100:59426,506.4,833.088,0,35,38,31
1670184567.005680,10.10.1.100:51422,450.9,825.442,0,84,4,
1670184567.007061,10.10.1.100:59426,506.2,844.863,0,35,38,31
1670184567.084851,10.10.1.100:51422,435.9,1,1,85,1,
1670184567.086190,10.10.1.100:59426,513.9,851.046,0,35,38,31
1670184567.165186,10.10.1.100:51422,436.1,823.234,1,88,2,
1670184567.166533,10.10.1.100:59426,514.0,852.169,0,35,38,31
1670184567.244569,10.10.1.100:51422,420.9,824.272,4,91,4,
1670184567.246302,10.10.1.100:59426,526.8,848.99,0,35,38,31
1670184567.325248,10.10.1.100:51422,436.9,825.337,3,94,55,
1670184567.326622,10.10.1.100:59426,526.6,847.346,0,35,38,31
1670184567.404659,10.10.1.100:51422,436.9,825.337,3,98,53,
1670184567.406030,10.10.1.100:59426,542.5,837.649,0,35,38,31
1670184567.484074,10.10.1.100:51422,436.9,825.337,3,98,53,
1670184567.485438,10.10.1.100:59426,534.4,796.578,0,35,38,31
1670184567.563427,10.10.1.100:51422,436.9,825.337,3,98,53,
1670184567.564834,10.10.1.100:59426,534.3,755.658,0,35,38,31
1670184567.642830,10.10.1.100:51422,436.9,825.337,3,98,53,
1670184567.644165,10.10.1.100:59426,534.3,706.863,0,35,38,31
1670184567.722052,10.10.1.100:51422,436.9,768.336,1,98,56,
1670184567.723385,10.10.1.100:59426,542.6,677.457,0,35,38,31
1670184567.802008,10.10.1.100:51422,436.9,746.544,0,98,58,
1670184567.803336,10.10.1.100:59426,526.8,656.472,0,35,38,31
1670184567.881926,10.10.1.100:51422,436.9,746.544,0,98,58,
1670184567.883256,10.10.1.100:59426,526.6,641.716,0,35,39,31
1670184567.962294,10.10.1.100:51422,436.9,746.544,0,98,58,
1670184567.963659,10.10.1.100:59426,526.7,635.668,0,35,39,31
1670184568.043630,10.10.1.100:51422,436.9,746.544,0,98,58,
1670184568.045020,10.10.1.100:59426,568.0,630.098,0,35,39,31
1670184568.123759,10.10.1.100:51422,436.9,710.367,0,98,58,
1670184568.125118,10.10.1.100:59426,605.8,634.425,0,35,39,31
1670184568.203414,10.10.1.100:51422,436.9,700.475,0,98,58,
1670184568.204756,10.10.1.100:59426,637.4,643.358,0,35,39,31
1670184568.283524,10.10.1.100:51422,436.9,698.886,0,98,58,
1670184568.284888,10.10.1.100:59426,626.5,655.916,0,35,39,31
1670184568.362833,10.10.1.100:51422,436.9,703.648,0,98,58,
1670184568.364284,10.10.1.100:59426,605.7,671.197,0,35,39,31
1670184568.443096,10.10.1.100:51422,370.3,716.551,0,98,58,
1670184568.444515,10.10.1.100:59426,586.2,688.584,0,35,39,31
1670184568.522868,10.10.1.100:51422,367.8,727.181,0,98,58,
1670184568.524302,10.10.1.100:59426,586.2,703.218,0,35,40,31
1670184568.602008,10.10.1.100:51422,379.5,733.572,0,98,58,
1670184568.603430,10.10.1.100:59426,577.0,717.241,0,35,40,31
1670184568.682230,10.10.1.100:51422,373.5,746.039,0,98,58,
1670184568.683694,10.10.1.100:59426,576.9,734.018,0,35,40,31
1670184568.762040,10.10.1.100:51422,373.6,752.065,0,98,58,
1670184568.763472,10.10.1.100:59426,577.0,743.695,0,35,40,31
1670184568.841451,10.10.1.100:51422,379.6,765.495,0,98,58,
1670184568.842941,10.10.1.100:59426,567.5,759.654,0,35,41,31
1670184568.921318,10.10.1.100:51422,391.2,772.64,0,98,58,
1670184568.922751,10.10.1.100:59426,550.7,776.213,0,35,41,31
1670184569.001194,10.10.1.100:51422,407.9,784.816,0,98,58,
1670184569.002679,10.10.1.100:59426,542.3,791.657,0,35,41,31
1670184569.080459,10.10.1.100:51422,404.2,793.033,0,98,58,
1670184569.081916,10.10.1.100:59426,534.6,806.353,0,35,42,31
1670184569.160054,10.10.1.100:51422,416.0,802.544,1,99,35,
1670184569.161504,10.10.1.100:59426,534.5,818.876,0,35,42,31
1670184569.239089,10.10.1.100:51422,415.8,807.724,2,100,34,
1670184569.240526,10.10.1.100:59426,534.5,828.47,0,35,43,31
1670184569.319476,10.10.1.100:51422,415.9,815.71,2,100,34,
1670184569.320929,10.10.1.100:59426,534.4,833.925,0,35,43,31
1670184569.398635,10.10.1.100:51422,419.3,820.967,2,100,34,
1670184569.400091,10.10.1.100:59426,540.7,836.306,1,36,42,30
1670184569.477126,10.10.1.100:51422,429.8,820.953,2,100,34,
1670184569.477249,10.10.1.100:59426,526.8,834.727,2,37,40,30
1670184569.562374,10.10.1.100:51422,436.0,821.134,2,100,34,
1670184569.563788,10.10.1.100:59426,520.4,832.379,2,37,39,30
1670184569.642618,10.10.1.100:51422,431.1,822.815,2,100,34,
1670184569.644080,10.10.1.100:59426,520.6,831.059,2,37,38,30
1670184569.723086,10.10.1.100:51422,436.1,823.484,3,101,33,
1670184569.724529,10.10.1.100:59426,534.4,828.42,3,38,36,30
1670184569.803284,10.10.1.100:51422,431.1,825.992,3,101,33,
1670184569.804708,10.10.1.100:59426,526.8,826.9,3,38,34,30
1670184569.882830,10.10.1.100:51422,426.4,824.478,4,102,32,
1670184569.884394,10.10.1.100:59426,526.7,828.269,3,38,33,30
1670184570.027429,10.10.1.100:51422,435.4,822.962,4,103,32,
1670184570.029885,10.10.1.100:59426,520.2,828.449,4,39,30,30
1670184570.147919,10.10.1.100:51422,430.8,822.054,3,103,37,
1670184570.149337,10.10.1.100:59426,526.5,829.859,5,40,29,30
1670184570.227750,10.10.1.100:51422,429.5,823.004,3,103,40,
1670184570.229143,10.10.1.100:59426,526.5,831.979,4,40,30,30
1670184570.307819,10.10.1.100:51422,429.4,821.071,3,103,45,
1670184570.309214,10.10.1.100:59426,513.0,828.767,3,40,30,30
1670184570.388066,10.10.1.100:51422,429.4,812.502,3,103,49,
1670184570.389458,10.10.1.100:59426,506.4,823.307,3,40,30,30
1670184570.466960,10.10.1.100:51422,437.8,805.496,2,103,52,
1670184570.468409,10.10.1.100:59426,485.3,810.888,2,40,30,30
1670184570.546847,10.10.1.100:51422,430.3,792.612,2,103,56,
1670184570.548213,10.10.1.100:59426,464.2,803.878,2,40,30,30
1670184570.626574,10.10.1.100:51422,441.4,781.64,1,103,58,
1670184570.627951,10.10.1.100:59426,450.0,787.974,2,40,30,30
1670184570.730545,10.10.1.100:51422,439.6,764.826,0,103,58,
1670184570.733177,10.10.1.100:59426,407.7,772.746,1,40,30,30
1670184570.872072,10.10.1.100:51422,452.1,763.415,0,103,58,
1670184570.873530,10.10.1.100:59426,401.9,757.767,1,40,30,30
1670184570.952493,10.10.1.100:51422,459.6,764.286,0,103,58,
1670184570.953927,10.10.1.100:59426,401.7,758.568,0,40,30,30
1670184571.032272,10.10.1.100:51422,461.1,768.398,0,103,58,
1670184571.033701,10.10.1.100:59426,428.0,768.107,0,40,31,30
1670184571.169727,10.10.1.100:51422,460.2,770.589,0,103,58,
1670184571.172156,10.10.1.100:59426,441.3,771.113,0,40,31,30
1670184571.283081,10.10.1.100:51422,479.1,770.949,0,103,58,
1670184571.284434,10.10.1.100:59426,441.3,770.546,0,40,32,30
1670184571.361726,10.10.1.100:51422,473.1,768.513,0,103,58,
1670184571.363095,10.10.1.100:59426,455.5,768.697,0,40,33,30
1670184571.440988,10.10.1.100:51422,477.9,768.781,0,103,58,
1670184571.442340,10.10.1.100:59426,462.8,769.556,0,40,33,30
1670184571.519890,10.10.1.100:51422,478.0,768.255,0,103,58,
1670184571.521290,10.10.1.100:59426,470.1,769.436,0,40,34,30
1670184571.599078,10.10.1.100:51422,485.8,768.984,0,103,58,
1670184571.600431,10.10.1.100:59426,462.9,769.522,0,40,34,30
1670184571.678304,10.10.1.100:51422,493.6,768.389,0,103,60,
1670184571.679690,10.10.1.100:59426,462.7,767.209,0,40,35,30
1670184571.757733,10.10.1.100:51422,500.1,772.423,0,103,60,
1670184571.759114,10.10.1.100:59426,455.1,766.297,0,40,35,30
1670184571.836557,10.10.1.100:51422,506.4,776.372,0,103,62,
1670184571.837944,10.10.1.100:59426,448.1,767.452,0,40,36,30
1670184571.917774,10.10.1.100:51422,513.8,782.715,0,103,62,
1670184571.919119,10.10.1.100:59426,456.0,776.646,0,40,36,30
1670184571.997087,10.10.1.100:51422,514.0,785.849,0,103,62,
1670184571.998463,10.10.1.100:59426,449.1,782.033,0,40,37,30
1670184572.075474,10.10.1.100:51422,512.5,800.023,0,103,62,
1670184572.076886,10.10.1.100:59426,442.4,790.255,0,40,37,30
1670184572.155309,10.10.1.100:51422,512.9,808.999,0,103,62,
1670184572.156639,10.10.1.100:59426,426.2,809.16,0,40,37,30
1670184572.259827,10.10.1.100:51422,511.1,813.201,0,103,62,
1670184572.262342,10.10.1.100:59426,443.8,816.508,1,41,36,25
1670184572.398944,10.10.1.100:51422,506.3,822.486,2,105,30,
1670184572.401146,10.10.1.100:59426,450.0,821.608,1,41,34,25
1670184572.543003,10.10.1.100:51422,485.1,817.265,2,105,30,
1670184572.545415,10.10.1.100:59426,471.0,816.422,1,41,32,25
1670184572.657012,10.10.1.100:51422,460.6,810.394,2,105,30,
1670184572.658506,10.10.1.100:59426,499.7,809.887,1,41,30,25
1670184572.737279,10.10.1.100:51422,438.9,802.833,2,105,30,
1670184572.738640,10.10.1.100:59426,507.0,804.318,1,41,28,25
1670184572.876014,10.10.1.100:51422,431.8,795.255,2,105,30,
1670184572.878357,10.10.1.100:59426,513.7,794.945,1,41,26,25
1670184573.002505,10.10.1.100:51422,396.2,782.487,2,105,30,
1670184573.003842,10.10.1.100:59426,499.0,785.019,1,41,25,25
1670184573.081572,10.10.1.100:51422,401.3,777.351,2,105,30,
1670184573.082934,10.10.1.100:59426,506.3,787.268,0,41,25,25
1670184573.161421,10.10.1.100:51422,424.6,776.487,0,105,62,
1670184573.162796,10.10.1.100:59426,471.2,787.228,0,41,25,25
1670184573.241541,10.10.1.100:51422,423.8,780.526,0,105,62,
1670184573.242926,10.10.1.100:59426,478.1,788.713,0,41,25,25
1670184573.321393,10.10.1.100:51422,432.6,775.132,0,105,62,
1670184573.322715,10.10.1.100:59426,442.7,783.811,0,41,26,25
1670184573.399994,10.10.1.100:51422,431.9,770.56,0,105,62,
1670184573.401365,10.10.1.100:59426,413.9,771.657,0,41,26,25
1670184573.478651,10.10.1.100:51422,442.5,762.298,0,105,62,
1670184573.479979,10.10.1.100:59426,418.4,767.518,0,41,27,25
1670184573.557888,10.10.1.100:51422,442.1,749.586,0,105,62,
1670184573.559218,10.10.1.100:59426,403.4,760.882,0,41,27,25
1670184573.637517,10.10.1.100:51422,444.2,733.34,0,105,62,
1670184573.638841,10.10.1.100:59426,367.8,744.101,0,41,27,25
1670184573.716087,10.10.1.100:51422,444.1,719.754,0,105,62,
1670184573.717458,10.10.1.100:59426,373.6,729.753,0,41,28,25
1670184573.795365,10.10.1.100:51422,444.0,708.599,0,105,62,
1670184573.796697,10.10.1.100:59426,373.5,721.783,0,41,28,25
1670184573.875648,10.10.1.100:51422,460.6,704.844,0,105,62,
1670184573.877049,10.10.1.100:59426,379.6,708.761,0,41,28,25
1670184573.954249,10.10.1.100:51422,485.3,699.418,0,105,62,
1670184573.955570,10.10.1.100:59426,385.6,703.428,0,41,28,25
1670184574.033358,10.10.1.100:51422,480.3,698.676,0,105,62,
1670184574.034685,10.10.1.100:59426,398.5,707.514,0,41,29,25
1670184574.111961,10.10.1.100:51422,495.4,698.991,0,105,62,
1670184574.113340,10.10.1.100:59426,405.4,709.92,0,41,29,25
1670184574.191335,10.10.1.100:51422,498.3,696.89,0,105,62,
1670184574.192691,10.10.1.100:59426,436.4,708.684,0,41,29,25
1670184574.271763,10.10.1.100:51422,511.0,700.478,0,105,62,
1670184574.273134,10.10.1.100:59426,452.8,709.585,0,41,29,25
1670184574.350903,10.10.1.100:51422,519.9,701.237,0,105,62,
1670184574.352271,10.10.1.100:59426,452.7,707.252,0,41,30,25
1670184574.430488,10.10.1.100:51422,485.9,703.564,0,105,62,
1670184574.431847,10.10.1.100:59426,461.7,703.557,0,41,30,25
1670184574.538386,10.10.1.100:51422,485.9,706.142,0,105,62,
1670184574.541234,10.10.1.100:59426,461.6,703.357,0,41,30,25
1670184574.683447,10.10.1.100:51422,502.0,709.47,0,105,62,
1670184574.685897,10.10.1.100:59426,461.3,703.292,0,41,30,25
1670184574.790263,10.10.1.100:51422,493.3,715.136,0,105,62,
1670184574.791587,10.10.1.100:59426,441.4,710.504,0,41,30,25
1670184574.915383,10.10.1.100:51422,486.1,720.543,0,105,62,
1670184574.917812,10.10.1.100:59426,461.4,714.485,0,41,30,25
1670184575.052620,10.10.1.100:51422,501.5,726.625,0,105,62,
1670184575.054870,10.10.1.100:59426,462.1,726.285,0,41,30,25
1670184575.160318,10.10.1.100:51422,478.1,735.261,0,105,62,
1670184575.161745,10.10.1.100:59426,470.3,734.387,0,41,31,25
1670184575.240955,10.10.1.100:51422,493.4,742.671,0,105,62,
1670184575.242292,10.10.1.100:59426,462.6,738.355,0,41,31,25
1670184575.322339,10.10.1.100:51422,493.5,747.369,0,105,62,
1670184575.323714,10.10.1.100:59426,462.9,741.3,0,41,31,25
1670184575.403212,10.10.1.100:51422,493.7,750.334,0,105,62,
1670184575.404539,10.10.1.100:59426,462.9,742.478,0,41,31,25
1670184575.483308,10.10.1.100:51422,493.7,752.359,0,105,62,
1670184575.484678,10.10.1.100:59426,463.1,744.359,0,41,31,25
1670184575.563013,10.10.1.100:51422,508.1,755.798,0,105,62,
1670184575.564337,10.10.1.100:59426,447.4,747.036,0,41,31,25
1670184575.642895,10.10.1.100:51422,500.2,759.259,0,105,62,
1670184575.644259,10.10.1.100:59426,454.8,753.534,0,41,31,25
1670184575.721723,10.10.1.100:51422,500.3,764.072,0,105,62,
1670184575.723074,10.10.1.100:59426,454.8,764.227,0,41,31,25
1670184575.833663,10.10.1.100:51422,492.9,766.856,0,105,62,
1670184575.836146,10.10.1.100:59426,447.4,771.095,0,41,31,25
1670184575.967708,10.10.1.100:51422,500.2,773.893,0,105,62,
1670184575.969958,10.10.1.100:59426,448.2,777.783,0,41,31,25
1670184576.088907,10.10.1.100:51422,498.9,781.788,0,105,62,
1670184576.090937,10.10.1.100:59426,448.3,792.908,0,41,31,25
1670184576.179897,10.10.1.100:51422,500.2,790.411,0,105,62,
1670184576.181324,10.10.1.100:59426,448.2,801.5,0,41,31,25
1670184576.260484,10.10.1.100:51422,500.2,792.656,0,105,62,
1670184576.261871,10.10.1.100:59426,429.7,808.199,0,41,31,25
1670184576.340586,10.10.1.100:51422,508.0,795.019,0,105,62,
1670184576.342083,10.10.1.100:59426,456.2,804.655,0,41,31,25
1670184576.421023,10.10.1.100:51422,506.2,796.315,0,105,62,
1670184576.422404,10.10.1.100:59426,455.9,802.522,0,41,31,25
1670184576.501065,10.10.1.100:51422,506.1,799.487,0,105,62,
1670184576.502427,10.10.1.100:59426,456.1,798.99,0,41,31,25
1670184576.580804,10.10.1.100:51422,521.6,801.516,0,105,62,
1670184576.582175,10.10.1.100:59426,449.1,799.067,0,41,31,25
1670184576.661764,10.10.1.100:51422,521.7,806.29,0,105,62,
1670184576.663169,10.10.1.100:59426,442.4,800.642,0,41,31,25
1670184576.742233,10.10.1.100:51422,516.9,813.576,0,105,62,
1670184576.743667,10.10.1.100:59426,436.1,804.702,0,41,31,25
1670184576.822642,10.10.1.100:51422,540.4,818.732,1,106,35,
1670184576.824009,10.10.1.100:59426,429.7,811.966,0,41,32,25
1670184576.902247,10.10.1.100:51422,554.5,823.567,1,106,35,
1670184576.903581,10.10.1.100:59426,429.7,811.966,0,41,32,25
1670184576.983377,10.10.1.100:51422,548.7,821.959,2,107,34,
1670184576.984862,10.10.1.100:59426,416.0,824.399,1,42,31,22
1670184577.063920,10.10.1.100:51422,568.1,824.333,2,107,34,
1670184577.065356,10.10.1.100:59426,402.0,825.804,1,42,30,22
1670184577.143968,10.10.1.100:51422,562.7,824.434,2,107,34,
1670184577.145365,10.10.1.100:59426,385.3,824.929,2,43,27,22
1670184577.223149,10.10.1.100:51422,558.0,817.757,2,107,34,
1670184577.224489,10.10.1.100:59426,393.9,823.172,3,44,26,22
1670184577.305014,10.10.1.100:51422,546.6,815.214,2,107,34,
1670184577.306397,10.10.1.100:59426,405.7,813.175,3,44,25,22
1670184577.385140,10.10.1.100:51422,530.2,799.918,2,107,34,
1670184577.386498,10.10.1.100:59426,385.3,804.443,3,44,24,22
1670184577.464138,10.10.1.100:51422,488.3,787.976,2,107,34,
1670184577.465559,10.10.1.100:59426,379.8,789.209,3,44,22,22
1670184577.545098,10.10.1.100:51422,475.0,781.705,2,107,34,
1670184577.546611,10.10.1.100:59426,401.9,774.714,3,44,22,22
1670184577.685263,10.10.1.100:51422,457.8,762.966,1,107,39,
1670184577.687717,10.10.1.100:59426,402.0,770.636,3,44,22,22
1670184577.827747,10.10.1.100:51422,457.3,761.173,0,107,4,
1670184577.830221,10.10.1.100:59426,402.2,758.359,2,44,22,22
1670184577.968219,10.10.1.100:51422,464.6,754.501,0,107,4,
1670184577.970610,10.10.1.100:59426,379.7,746.462,0,44,22,22
1670184578.059057,10.10.1.100:51422,503.0,743.221,0,107,4,
1670184578.060395,10.10.1.100:59426,362.3,748.867,0,44,22,22
1670184578.138510,10.10.1.100:51422,509.3,741.671,0,107,4,
1670184578.139816,10.10.1.100:59426,364.3,747.791,0,44,23,22
1670184578.218380,10.10.1.100:51422,517.3,732.691,0,107,4,
1670184578.219686,10.10.1.100:59426,334.0,736.944,0,44,23,22
1670184578.298349,10.10.1.100:51422,527.3,723.744,0,107,4,
1670184578.299727,10.10.1.100:59426,334.0,731.137,0,44,24,22
1670184578.377613,10.10.1.100:51422,530.0,717.913,0,107,4,
1670184578.378975,10.10.1.100:59426,344.8,726.058,0,44,24,22
1670184578.455261,10.10.1.100:51422,530.0,717.913,0,107,4,
1670184578.455371,10.10.1.100:59426,356.5,679.161,0,44,25,22
1670184578.588817,10.10.1.100:51422,530.0,717.913,0,107,4,
1670184578.591157,10.10.1.100:59426,362.9,603.769,0,44,26,22
1670184578.729110,10.10.1.100:51422,530.0,672.094,0,107,42,
1670184578.731438,10.10.1.100:59426,409.9,491.001,0,44,27,22
1670184578.817715,10.10.1.100:51422,530.0,601.485,0,107,42,
1670184578.819040,10.10.1.100:59426,546.7,435.115,0,44,28,22
1670184578.897144,10.10.1.100:51422,530.0,601.485,0,107,42,
1670184578.898480,10.10.1.100:59426,753.6,405.322,0,44,28,22
1670184578.975766,10.10.1.100:51422,530.0,601.485,0,107,42,
1670184578.977128,10.10.1.100:59426,829.2,394.393,0,44,29,22
1670184579.055257,10.10.1.100:51422,530.0,573.201,0,107,42,
1670184579.056642,10.10.1.100:59426,857.9,392.733,0,44,29,22
1670184579.134740,10.10.1.100:51422,530.0,550.467,0,107,42,
1670184579.136108,10.10.1.100:59426,833.3,391.905,0,44,29,22
1670184579.213519,10.10.1.100:51422,530.0,518.532,0,107,42,
1670184579.214841,10.10.1.100:59426,760.6,396.839,0,44,30,22
1670184579.293084,10.10.1.100:51422,530.0,505.95,0,107,42,
1670184579.294406,10.10.1.100:59426,717.1,410.331,0,44,30,22
1670184579.372163,10.10.1.100:51422,530.0,503.775,0,107,42,
1670184579.373555,10.10.1.100:59426,645.8,430.735,0,44,30,22
1670184579.450479,10.10.1.100:51422,530.0,506.938,0,107,42,
1670184579.451844,10.10.1.100:59426,600.7,454.871,0,44,30,22
1670184579.529212,10.10.1.100:51422,530.0,520.575,0,107,42,
1670184579.530536,10.10.1.100:59426,602.8,477.529,0,44,31,22
1670184579.607654,10.10.1.100:51422,530.0,539.769,0,107,42,
1670184579.609007,10.10.1.100:59426,566.0,503.376,0,44,31,22
1670184579.686328,10.10.1.100:51422,530.0,550.553,0,107,42,
1670184579.687643,10.10.1.100:59426,544.0,517.65,0,44,31,22
1670184579.765858,10.10.1.100:51422,433.2,571.27,0,107,42,
1670184579.767217,10.10.1.100:59426,496.1,550.556,0,44,31,22
1670184579.844245,10.10.1.100:51422,455.4,594.52,0,107,42,
1670184579.845596,10.10.1.100:59426,523.4,577.982,0,44,31,22
1670184579.923808,10.10.1.100:51422,436.3,604.773,0,107,42,
1670184579.925212,10.10.1.100:59426,513.8,604.302,0,44,31,22
1670184580.002607,10.10.1.100:51422,436.3,625.384,0,107,42,
1670184580.003933,10.10.1.100:59426,513.6,616.573,0,44,31,22
1670184580.081181,10.10.1.100:51422,452.1,638.74,0,107,42,
1670184580.082799,10.10.1.100:59426,513.7,635.219,0,44,31,22
1670184580.161167,10.10.1.100:51422,419.1,647.199,0,107,42,
1670184580.162510,10.10.1.100:59426,520.3,654.566,0,44,32,22
1670184580.239916,10.10.1.100:51422,442.5,656.352,0,107,42,
1670184580.241287,10.10.1.100:59426,520.3,662.912,0,44,32,22
1670184580.319943,10.10.1.100:51422,439.1,671.162,0,107,42,
1670184580.321312,10.10.1.100:59426,511.2,667.851,0,44,32,22
1670184580.399292,10.10.1.100:51422,453.7,683.351,0,107,42,
1670184580.400682,10.10.1.100:59426,511.2,672.182,0,44,32,22
1670184580.477862,10.10.1.100:51422,461.6,690.83,0,107,42,
1670184580.479178,10.10.1.100:59426,511.0,675.997,0,44,32,22
1670184580.556657,10.10.1.100:51422,454.7,700.586,0,107,42,
1670184580.558062,10.10.1.100:59426,494.5,689.728,0,44,32,22
1670184580.636009,10.10.1.100:51422,454.6,706.074,0,107,42,
1670184580.637413,10.10.1.100:59426,486.2,704.1,0,44,32,22
1670184580.714471,10.10.1.100:51422,486.0,714.993,0,107,42,
1670184580.715874,10.10.1.100:59426,478.2,713.008,0,44,32,22
1670184580.793370,10.10.1.100:51422,485.9,723.028,0,107,42,
1670184580.794735,10.10.1.100:59426,470.2,727.616,0,44,32,22
1670184580.872459,10.10.1.100:51422,485.6,732.985,0,107,42,
1670184580.873839,10.10.1.100:59426,470.3,735.081,0,44,32,22
1670184580.951460,10.10.1.100:51422,455.8,742.106,0,107,42,
1670184580.952849,10.10.1.100:59426,470.8,752.34,0,44,32,22
1670184581.030704,10.10.1.100:51422,499.6,758.057,0,107,42,
1670184581.032047,10.10.1.100:59426,463.5,758.258,0,44,32,22
1670184581.109888,10.10.1.100:51422,499.5,774.099,0,107,42,
1670184581.111219,10.10.1.100:59426,456.8,769.424,0,44,32,22
1670184581.189016,10.10.1.100:51422,499.7,787.192,0,107,42,
1670184581.190378,10.10.1.100:59426,456.7,774.694,0,44,32,22
1670184581.286571,10.10.1.100:51422,499.5,795.382,0,107,42,
1670184581.288959,10.10.1.100:59426,456.9,779.272,0,44,32,22
1670184581.421868,10.10.1.100:51422,505.4,802.892,0,107,42,
1670184581.424088,10.10.1.100:59426,456.6,785.534,0,44,32,22
1670184581.529839,10.10.1.100:51422,520.2,812.265,0,107,42,
1670184581.531155,10.10.1.100:59426,449.9,797.058,0,44,32,22
1670184581.608457,10.10.1.100:51422,520.5,821.238,0,107,42,
1670184581.609814,10.10.1.100:59426,450.1,800.378,0,44,32,22
1670184581.687554,10.10.1.100:51422,520.4,823.591,0,107,42,
1670184581.688933,10.10.1.100:59426,443.6,808.64,0,44,32,22
1670184581.767137,10.10.1.100:51422,511.8,826.359,1,108,41,
1670184581.768466,10.10.1.100:59426,443.6,814.997,0,44,32,22
1670184581.846776,10.10.1.100:51422,504.8,825.83,3,110,39,
1670184581.848125,10.10.1.100:59426,443.6,819.872,0,44,32,22
1670184581.926180,10.10.1.100:51422,512.8,823.453,4,111,38,
1670184581.927500,10.10.1.100:59426,450.0,822.095,0,44,32,22
1670184582.007384,10.10.1.100:51422,506.3,822.8,4,111,38,
1670184582.008784,10.10.1.100:59426,443.6,823.792,0,44,32,22
1670184582.086125,10.10.1.100:51422,506.3,821.081,4,111,38,
1670184582.087456,10.10.1.100:59426,450.0,823.778,0,44,33,22
1670184582.165514,10.10.1.100:51422,506.9,820.852,4,111,38,
1670184582.166888,10.10.1.100:59426,450.2,823.718,0,44,33,22
1670184582.244452,10.10.1.100:51422,506.9,821.846,4,111,38,
1670184582.246189,10.10.1.100:59426,443.6,825.197,0,44,33,22
1670184582.324398,10.10.1.100:51422,519.2,820.817,4,111,38,
1670184582.325818,10.10.1.100:59426,443.6,826.502,0,44,33,22
1670184582.403826,10.10.1.100:51422,512.9,823.64,4,111,38,
1670184582.405301,10.10.1.100:59426,443.6,828.645,0,44,33,22
1670184582.483745,10.10.1.100:51422,513.0,825.355,4,111,38,
1670184582.485231,10.10.1.100:59426,443.4,829.568,0,44,33,22
1670184582.563144,10.10.1.100:51422,512.8,825.891,4,112,38,
1670184582.564593,10.10.1.100:59426,443.5,831.026,0,44,33,22
1670184582.644377,10.10.1.100:51422,512.8,827.761,2,112,40,
1670184582.645755,10.10.1.100:59426,443.5,832.169,0,44,33,22
1670184582.723598,10.10.1.100:51422,512.9,829.849,1,112,42,
1670184582.724988,10.10.1.100:59426,443.5,832.986,0,44,34,22
1670184582.803477,10.10.1.100:51422,512.9,830.473,1,112,42,
1670184582.804819,10.10.1.100:59426,443.5,833.329,0,44,34,22
1670184582.882816,10.10.1.100:51422,506.4,829.843,1,112,42,
1670184582.884304,10.10.1.100:59426,450.0,832.369,0,44,34,22
1670184582.962793,10.10.1.100:51422,475.2,819.53,2,113,42,
1670184582.964122,10.10.1.100:59426,450.1,837.317,0,44,34,22
1670184583.042039,10.10.1.100:51422,464.0,812.574,2,113,42,
1670184583.043385,10.10.1.100:59426,443.6,841.1,0,44,35,22
1670184583.143715,10.10.1.100:51422,443.7,799.131,2,113,42,
1670184583.146224,10.10.1.100:59426,443.6,839.792,0,44,35,22
1670184583.289538,10.10.1.100:51422,441.5,786.463,2,113,42,
1670184583.291952,10.10.1.100:59426,443.4,837.508,0,44,35,22
1670184583.430690,10.10.1.100:51420,10800.0,5.333,,,10,
1670184583.433420,10.10.1.100:51422,453.2,785.101,1,113,42,
1670184583.435781,10.10.1.100:59426,443.4,834.219,0,44,36,22
1670184583.538383,10.10.1.100:51420,10800.0,5.333,0,1,10,
1670184583.539840,10.10.1.100:51422,483.2,803.475,1,113,42,
1670184583.541225,10.10.1.100:59426,471.2,837.336,0,44,37,22
1670184583.617476,10.10.1.100:51420,10800.0,5.333,0,1,10,
1670184583.618972,10.10.1.100:51422,481.0,812.31,2,114,42,
1670184583.620340,10.10.1.100:59426,471.2,837.003,0,44,37,22
1670184583.697167,10.10.1.100:51420,10800.0,5.333,0,1,10,
1670184583.698605,10.10.1.100:51422,485.0,816.525,2,114,42,
1670184583.699983,10.10.1.100:59426,471.2,836.86,0,44,38,22
1670184583.776865,10.10.1.100:51420,10800.0,1,1,2,1,7
1670184583.778336,10.10.1.100:51422,492.1,818.449,2,115,42,
1670184583.779738,10.10.1.100:59426,471.2,836.612,0,44,38,22
1670184583.855927,10.10.1.100:51420,10800.0,1,1,2,1,7
1670184583.857408,10.10.1.100:51422,492.2,818.273,3,116,42,
1670184583.858781,10.10.1.100:59426,478.0,834.928,0,44,39,22
1670184583.935503,10.10.1.100:51420,10800.0,1,1,2,1,7
1670184583.937064,10.10.1.100:51422,478.2,820.766,4,117,42,
1670184583.938428,10.10.1.100:59426,478.1,839.589,0,44,39,22
1670184584.015110,10.10.1.100:51420,10800.0,1,1,2,1,7
1670184584.016580,10.10.1.100:51422,478.1,822.607,4,117,42,
1670184584.017995,10.10.1.100:59426,478.2,848.556,0,44,40,22
1670184584.094399,10.10.1.100:51420,10800.0,1,1,2,1,7
1670184584.096035,10.10.1.100:51422,478.1,821.321,5,118,42,
1670184584.097427,10.10.1.100:59426,485.2,851.492,0,44,41,22
1670184584.173833,10.10.1.100:51420,10800.0,107.541,0,2,10,
1670184584.175358,10.10.1.100:59426,484.8,851.299,1,45,40,28
1670184584.253279,10.10.1.100:51420,10800.0,107.541,0,2,10,
1670184584.254817,10.10.1.100:59426,478.1,843.589,1,45,39,28
1670184584.332960,10.10.1.100:51420,10800.0,107.541,0,2,10,
1670184584.334375,10.10.1.100:59426,484.7,837.708,2,46,36,28
1670184584.410466,10.10.1.100:51420,10800.0,107.541,0,2,10,
1670184584.411907,10.10.1.100:59426,484.6,836.158,2,46,36,28
1670184584.487718,10.10.1.100:51420,10800.0,107.541,0,2,10,
1670184584.489207,10.10.1.100:59426,485.0,831.283,2,46,34,28
1670184584.573178,10.10.1.100:51420,10800.0,107.541,0,2,10,
1670184584.575943,10.10.1.100:59426,498.1,831.875,2,46,33,28
1670184584.712109,10.10.1.100:51420,10800.0,107.541,0,2,10,
1670184584.714794,10.10.1.100:59426,511.9,830.432,2,46,31,28
1670184584.852448,10.10.1.100:51420,10800.0,107.541,0,2,10,
1670184584.855153,10.10.1.100:59426,511.9,830.902,2,46,30,28
1670184584.981657,10.10.1.100:51420,10800.0,107.541,0,2,10,
1670184584.984059,10.10.1.100:59426,519.1,826.434,4,48,27,28
1670184585.065174,10.10.1.100:51420,10800.0,197.222,0,2,10,
1670184585.066677,10.10.1.100:59426,477.6,776.181,2,48,28,28
1670184585.143319,10.10.1.100:51420,10800.0,197.222,0,2,10,
1670184585.144846,10.10.1.100:59426,435.1,688.115,2,48,28,28
1670184585.222801,10.10.1.100:59426,387.4,575.437,2,48,28,28
1670184585.301509,10.10.1.100:59426,389.2,479.749,0,48,28,28
1670184585.380136,10.10.1.100:59426,423.8,437.173,0,48,29,28
1670184585.464550,10.10.1.100:59426,513.2,409.761,0,48,29,28
1670184585.542166,10.10.1.100:59426,663.7,386.229,0,48,30,28
1670184585.619715,10.10.1.100:59426,912.6,374.951,0,48,31,28
1670184585.698133,10.10.1.100:59426,947.2,363.339,0,48,31,28
1670184585.776307,10.10.1.100:59426,948.7,361.225,0,48,32,28
1670184585.854287,10.10.1.100:59426,954.2,362.169,0,48,32,28
1670184585.930421,10.10.1.100:59426,952.3,363.427,0,48,33,28
1670184586.007411,10.10.1.100:59426,952.7,366.896,0,48,34,28
1670184586.084148,10.10.1.100:59426,952.5,374.245,0,48,34,28
1670184586.161367,10.10.1.100:59426,952.7,379.164,0,48,35,28
1670184586.237333,10.10.1.100:59426,953.5,382.413,0,48,35,28
1670184586.315256,10.10.1.100:59426,955.0,392.469,0,48,36,28
1670184586.392199,10.10.1.100:59426,955.3,399.032,0,48,36,28
1670184586.468155,10.10.1.100:59426,955.4,403.405,0,48,37,28
1670184586.544792,10.10.1.100:59426,955.4,406.332,0,48,37,28
1670184586.621730,10.10.1.100:59426,955.7,416.274,0,48,38,28
1670184586.697995,10.10.1.100:59426,956.4,424.525,0,48,38,28
1670184586.774246,10.10.1.100:59426,956.4,428.314,0,48,38,28
1670184586.850911,10.10.1.100:59426,956.4,430.86,0,48,39,28
1670184586.936071,10.10.1.100:59426,956.2,440.582,0,48,39,28
1670184587.071678,10.10.1.100:59426,955.9,448.818,0,48,39,28
1670184587.196304,10.10.1.100:59426,956.1,455.229,0,48,40,28
1670184587.334053,10.10.1.100:59426,955.9,457.749,0,48,40,28
1670184587.468034,10.10.1.100:59426,956.1,471.003,0,48,40,28
1670184587.470786,10.10.1.100:59424,76.7,418.03,,,10,
1670184587.558233,10.10.1.100:59426,956.4,477.548,0,48,41,28
1670184587.559633,10.10.1.100:59424,76.7,418.03,,,10,
1670184587.650744,10.10.1.100:59426,956.0,479.869,0,48,41,28
1670184587.653378,10.10.1.100:59424,76.7,418.03,,,10,
1670184587.788822,10.10.1.100:59426,956.4,482.211,0,48,41,28
1670184587.791446,10.10.1.100:59424,76.7,418.03,,,10,
1670184587.924862,10.10.1.100:59424,76.7,425.431,,,10,
1670184588.075276,10.10.1.100:59424,76.7,425.431,,,10,
1670184588.208277,10.10.1.100:59424,76.7,425.431,,,10,
1670184588.354642,10.10.1.100:59424,76.7,425.431,,,10,
