1670186486.208157,10.10.1.100:51434,23800.0,4.989,,,15,
1670186486.286938,10.10.1.100:51434,960.9,41.356,,,21,
1670186486.380394,10.10.1.100:51434,954.5,97.577,,,28,
1670186486.513345,10.10.1.100:51434,956.0,140.773,,,36,
1670186486.627800,10.10.1.100:51434,957.3,197.612,,,46,
1670186486.770186,10.10.1.100:51434,956.3,273.292,,,58,
1670186486.889258,10.10.1.100:51434,956.0,360.117,,,69,
1670186487.017598,10.10.1.100:51434,956.1,418.415,,,78,
1670186487.157786,10.10.1.100:51434,956.3,487.248,,,90,
1670186487.278221,10.10.1.100:51434,956.1,514.562,,,101,
1670186487.405082,10.10.1.100:51434,956.4,576.388,,,110,
1670186487.529294,10.10.1.100:51434,956.4,651.467,,,110,
1670186487.661595,10.10.1.100:51434,956.4,739.496,,,110,
1670186487.795834,10.10.1.100:51434,956.6,798.929,3,3,107,
1670186487.938285,10.10.1.100:51434,956.4,828.278,15,15,95,
1670186488.047405,10.10.1.100:51434,956.3,833.95,26,26,84,
1670186488.150985,10.10.1.100:51434,956.6,835.049,35,35,75,
1670186488.241255,10.10.1.100:51434,956.8,835.319,41,41,69,
1670186488.361414,10.10.1.100:51434,956.6,835.467,41,41,69,
1670186488.501017,10.10.1.100:51434,956.4,835.634,41,41,69,
1670186488.654277,10.10.1.100:51434,956.4,834.332,37,41,14,
1670186488.732315,10.10.1.100:51434,956.4,835.438,26,41,14,
1670186488.811749,10.10.1.100:51434,956.1,835.462,19,41,14,
1670186488.890479,10.10.1.100:51434,956.1,835.429,13,41,14,
1670186488.968279,10.10.1.100:51434,956.1,835.776,6,41,14,
1670186489.046142,10.10.1.100:51434,956.3,835.835,0,41,14,
1670186489.123497,10.10.1.100:51434,956.3,839.858,0,41,14,
1670186489.201543,10.10.1.100:51434,956.4,842.453,0,41,14,
1670186489.279568,10.10.1.100:51434,956.4,844.169,0,41,14,
1670186489.357348,10.10.1.100:51434,956.3,845.665,0,41,14,
1670186489.433686,10.10.1.100:59436,0,695.589,,,10,
1670186489.435116,10.10.1.100:51434,193.9,621.478,0,41,14,
1670186489.511714,10.10.1.100:59436,0,695.589,,,10,
1670186489.513210,10.10.1.100:51434,180.2,343.011,0,41,14,
1670186489.590321,10.10.1.100:59436,68.0,629.919,,,10,
1670186489.592062,10.10.1.100:51434,950.9,245.674,0,41,14,
1670186489.670436,10.10.1.100:59436,68.0,629.919,,,10,
1670186489.671952,10.10.1.100:51434,951.2,204.301,0,41,14,
1670186489.800935,10.10.1.100:59436,68.0,629.919,,,10,
1670186489.803663,10.10.1.100:51434,949.2,182.335,0,41,14,
1670186489.934600,10.10.1.100:59436,68.0,578.01,,,10,
1670186489.937126,10.10.1.100:51434,948.5,173.529,0,41,14,
1670186490.048531,10.10.1.100:51434,948.1,171.269,0,41,14,
1670186490.288345,10.10.1.100:59438,0,170.005,,,10,
1670186490.297487,10.10.1.100:51434,948.8,170.58,0,41,14,
1670186490.493309,10.10.1.100:51434,948.0,170.935,0,41,8,
1670186490.594773,10.10.1.100:59438,191.4,157.29,,,12,
1670186490.597628,10.10.1.100:51434,949.6,170.407,0,41,8,
1670186490.683934,10.10.1.100:59438,478.2,162.988,,,18,
1670186490.687335,10.10.1.100:51434,949.6,170.407,0,41,8,
1670186490.774693,10.10.1.100:59438,531.9,174.328,,,20,
1670186490.778042,10.10.1.100:51434,452.6,197.714,0,41,8,
1670186490.877008,10.10.1.100:59438,546.5,202.944,,,24,
1670186490.882106,10.10.1.100:51434,478.0,207.868,0,41,11,
1670186491.017983,10.10.1.100:59438,624.8,266.239,,,34,
1670186491.022921,10.10.1.100:51434,478.0,207.868,0,41,11,
1670186491.139865,10.10.1.100:59438,659.0,304.568,,,40,
1670186491.142735,10.10.1.100:51434,273.1,271.889,0,41,8,
1670186491.279725,10.10.1.100:59438,669.3,335.096,,,44,
1670186491.284915,10.10.1.100:51434,318.7,318.768,0,41,8,
1670186491.422209,10.10.1.100:59438,686.8,415.81,,,56,
1670186491.427211,10.10.1.100:51434,318.7,318.768,0,41,8,
1670186491.556673,10.10.1.100:59438,722.5,472.941,,,68,
1670186491.561401,10.10.1.100:51434,318.7,318.768,0,41,8,
1670186491.671029,10.10.1.100:59438,746.0,527.277,,,78,
1670186491.676279,10.10.1.100:51434,318.7,318.768,0,41,8,
1670186491.813667,10.10.1.100:59438,784.1,546.949,,,82,
1670186491.818729,10.10.1.100:51434,175.7,479.175,0,41,10,
1670186491.926068,10.10.1.100:59438,814.6,602.052,,,92,
1670186491.931080,10.10.1.100:51434,184.0,495.915,0,41,8,
1670186492.067545,10.10.1.100:59438,824.0,661.115,,,101,
1670186492.072558,10.10.1.100:51434,184.0,495.915,0,41,8,
1670186492.209324,10.10.1.100:59438,834.5,732.166,,,113,
1670186492.214665,10.10.1.100:51434,184.0,495.915,0,41,8,
1670186492.302028,10.10.1.100:59438,845.3,800.332,2,rcv_space,123,
1670186492.304946,10.10.1.100:51434,184.0,495.915,0,41,8,
1670186492.381732,10.10.1.100:59438,845.3,816.849,3,3,113,61
1670186492.386157,10.10.1.100:51434,184.0,495.915,0,41,8,
1670186492.522579,10.10.1.100:59438,845.0,825.783,7,7,101,61
1670186492.527617,10.10.1.100:51434,184.0,495.915,0,41,8,
1670186492.642021,10.10.1.100:59438,841.7,826.082,9,9,92,61
1670186492.644852,10.10.1.100:51434,122.9,717.832,1,42,7,
1670186492.721502,10.10.1.100:59438,845.2,830.208,13,13,82,61
1670186492.724365,10.10.1.100:51434,122.9,717.832,1,42,7,
1670186492.800681,10.10.1.100:59438,845.3,833.357,16,16,73,61
1670186492.803564,10.10.1.100:51434,122.9,717.832,1,42,7,
1670186492.879926,10.10.1.100:59438,845.5,834.728,20,20,63,61
1670186492.882828,10.10.1.100:51434,122.9,717.832,1,42,7,
1670186492.959211,10.10.1.100:59438,846.0,835.123,26,26,55,61
1670186492.962062,10.10.1.100:51434,122.9,717.832,1,42,7,
1670186493.039413,10.10.1.100:59438,845.8,835.309,32,32,49,61
1670186493.042281,10.10.1.100:51434,122.9,717.832,1,42,7,
1670186493.119660,10.10.1.100:59438,845.2,835.389,39,39,42,61
1670186493.122568,10.10.1.100:51434,122.9,717.832,1,42,7,
1670186493.199390,10.10.1.100:59438,815.6,827.078,58,62,61,61
1670186493.202200,10.10.1.100:51434,122.9,717.832,1,42,7,
1670186493.279209,10.10.1.100:59438,758.8,802.315,54,62,61,61
1670186493.282059,10.10.1.100:51434,97.0,720.636,1,42,7,
1670186493.358670,10.10.1.100:59438,717.0,773.018,51,62,61,61
1670186493.361518,10.10.1.100:51434,97.6,723.016,0,42,10,
1670186493.438109,10.10.1.100:59438,623.8,708.174,45,62,61,61
1670186493.441009,10.10.1.100:51434,97.6,723.016,0,42,10,
1670186493.517243,10.10.1.100:59438,568.5,635.498,38,62,61,61
1670186493.520064,10.10.1.100:51434,97.6,723.016,0,42,10,
1670186493.597436,10.10.1.100:59438,568.5,605.711,32,62,61,61
1670186493.600192,10.10.1.100:51434,97.6,723.016,0,42,10,
1670186493.677085,10.10.1.100:59438,568.5,591.118,25,62,61,61
1670186493.679977,10.10.1.100:51434,97.6,723.016,0,42,10,
1670186493.757081,10.10.1.100:59438,582.2,587.105,19,62,61,61
1670186493.759909,10.10.1.100:51434,97.6,723.016,0,42,10,
1670186493.836366,10.10.1.100:59438,678.9,624.279,12,62,61,61
1670186493.839351,10.10.1.100:51434,97.6,723.016,0,42,10,
1670186493.915427,10.10.1.100:59438,775.7,690.028,5,62,61,61
1670186493.918323,10.10.1.100:51434,97.6,723.016,0,42,10,
1670186493.995004,10.10.1.100:59438,857.9,754.204,0,62,61,61
1670186493.997940,10.10.1.100:51434,97.6,723.016,0,42,10,
1670186494.074824,10.10.1.100:59438,857.9,792.495,0,62,61,61
1670186494.077628,10.10.1.100:51434,98.4,735.599,0,42,8,
1670186494.154800,10.10.1.100:59438,857.9,792.495,0,62,61,61
1670186494.157689,10.10.1.100:51434,110.9,784.425,0,42,8,
1670186494.233829,10.10.1.100:59438,845.6,816.314,0,62,61,61
1670186494.236672,10.10.1.100:51434,110.9,789.937,0,42,9,
1670186494.314443,10.10.1.100:59438,845.5,828.07,0,62,61,61
1670186494.317326,10.10.1.100:51434,110.9,789.937,0,42,9,
1670186494.394376,10.10.1.100:59438,845.6,832.251,0,62,61,61
1670186494.397182,10.10.1.100:51434,110.9,789.937,0,42,9,
1670186494.473485,10.10.1.100:59438,845.5,834.373,0,62,61,61
1670186494.476305,10.10.1.100:51434,110.9,789.937,0,42,9,
1670186494.552684,10.10.1.100:59438,845.6,835.09,0,62,61,61
1670186494.555559,10.10.1.100:51434,110.9,789.937,0,42,9,
1670186494.634222,10.10.1.100:59438,845.6,835.454,0,62,61,61
1670186494.637536,10.10.1.100:51434,110.9,789.937,0,42,9,
1670186494.717172,10.10.1.100:59438,845.6,835.524,0,62,61,61
1670186494.720072,10.10.1.100:51434,110.9,789.937,0,42,9,
1670186494.833901,10.10.1.100:59438,845.8,835.534,0,62,61,61
1670186494.839056,10.10.1.100:51434,110.9,789.937,0,42,9,
1670186494.975112,10.10.1.100:59438,845.3,835.738,0,62,62,61
1670186494.980168,10.10.1.100:51434,84.4,795.064,2,44,7,
1670186495.089020,10.10.1.100:59438,845.6,829.164,0,62,62,61
1670186495.094055,10.10.1.100:51434,96.7,803.534,2,44,7,
1670186495.230596,10.10.1.100:59438,845.5,831.249,0,62,62,61
1670186495.235632,10.10.1.100:51434,96.7,803.534,2,44,7,
1670186495.313983,10.10.1.100:59438,845.5,833.485,0,62,62,61
1670186495.316949,10.10.1.100:51434,96.7,803.534,2,44,7,
1670186495.432223,10.10.1.100:59438,845.5,834.493,0,62,62,61
1670186495.437392,10.10.1.100:51434,96.7,803.534,2,44,7,
1670186495.567374,10.10.1.100:59438,845.7,835.237,0,62,62,61
1670186495.572318,10.10.1.100:51434,96.7,803.534,2,44,7,
1670186495.707253,10.10.1.100:59438,859.1,837.209,0,62,63,61
1670186495.712353,10.10.1.100:51434,96.7,803.534,2,44,7,
1670186495.841199,10.10.1.100:59438,859.1,840.797,0,62,63,61
1670186495.845962,10.10.1.100:51434,97.0,819.281,0,44,12,
1670186495.928985,10.10.1.100:59438,859.3,843.74,0,62,63,61
1670186495.931731,10.10.1.100:51434,97.0,820.854,0,44,12,
1670186496.012407,10.10.1.100:59438,859.6,841.097,0,62,63,61
1670186496.017598,10.10.1.100:51434,97.0,820.854,0,44,12,
1670186496.153924,10.10.1.100:59438,859.4,838.526,0,62,63,61
1670186496.158835,10.10.1.100:51434,97.0,820.854,0,44,12,
1670186496.270628,10.10.1.100:59438,859.3,837.242,0,62,63,61
1670186496.273614,10.10.1.100:51434,97.0,820.854,0,44,12,
1670186496.386760,10.10.1.100:59438,859.5,836.53,0,62,63,61
1670186496.391912,10.10.1.100:51434,97.0,820.854,0,44,12,
1670186496.518859,10.10.1.100:59438,845.2,834.554,0,62,63,61
1670186496.523899,10.10.1.100:51434,97.0,820.854,0,44,12,
1670186496.660408,10.10.1.100:59438,859.1,832.043,1,63,59,31
1670186496.666365,10.10.1.100:51434,97.0,825.391,0,44,4,
1670186496.808291,10.10.1.100:59438,817.7,829.954,3,65,54,31
1670186496.813408,10.10.1.100:51434,121.2,829.164,2,46,4,
1670186496.919860,10.10.1.100:59438,817.7,829.284,3,65,48,31
1670186496.924992,10.10.1.100:51434,121.2,829.164,2,46,4,
1670186497.060225,10.10.1.100:59438,831.5,830.01,3,65,43,31
1670186497.065239,10.10.1.100:51434,121.2,829.164,2,46,4,
1670186497.178520,10.10.1.100:59438,817.5,829.195,3,65,38,31
1670186497.183608,10.10.1.100:51434,121.2,829.164,2,46,4,
1670186497.321235,10.10.1.100:59438,817.8,829.215,3,65,33,31
1670186497.326429,10.10.1.100:51434,121.2,829.164,2,46,4,
1670186497.463774,10.10.1.100:59438,801.7,815.85,1,65,31,31
1670186497.468806,10.10.1.100:51434,121.2,795.333,1,47,14,
1670186497.554218,10.10.1.100:59438,647.0,733.429,0,65,31,31
1670186497.557068,10.10.1.100:51434,121.2,795.333,1,47,14,
1670186497.673380,10.10.1.100:59438,562.5,678.531,0,65,31,31
1670186497.678490,10.10.1.100:51434,121.2,795.333,1,47,14,
1670186497.810456,10.10.1.100:59438,435.9,556.172,0,65,31,31
1670186497.815495,10.10.1.100:51434,121.2,795.333,1,47,14,
1670186497.950962,10.10.1.100:59438,502.2,531.656,0,65,32,31
1670186497.956068,10.10.1.100:51434,121.2,569.462,0,47,21,
1670186498.046743,10.10.1.100:59438,559.2,516.78,0,65,32,31
1670186498.049593,10.10.1.100:51434,177.8,525.348,0,47,27,
1670186498.126160,10.10.1.100:59438,630.9,524.897,0,65,32,31
1670186498.129004,10.10.1.100:51434,188.8,526.382,0,47,28,
1670186498.205104,10.10.1.100:59438,659.4,531.463,0,65,32,31
1670186498.207872,10.10.1.100:51434,188.8,526.382,0,47,28,
1670186498.284650,10.10.1.100:59438,659.4,535.837,0,65,32,31
1670186498.287544,10.10.1.100:51434,188.8,526.382,0,47,28,
1670186498.364175,10.10.1.100:59438,659.1,537.948,0,65,32,31
1670186498.367050,10.10.1.100:51434,319.0,528.453,0,47,30,
1670186498.443439,10.10.1.100:59438,631.4,546.386,0,65,33,31
1670186498.446362,10.10.1.100:51434,332.8,535.334,0,47,32,
1670186498.569621,10.10.1.100:59438,612.1,563.372,0,65,33,31
1670186498.574805,10.10.1.100:51434,342.9,560.948,0,47,32,
1670186498.703698,10.10.1.100:59438,566.5,582.026,0,65,33,31
1670186498.708301,10.10.1.100:51434,389.8,598.642,0,47,36,
1670186498.808592,10.10.1.100:59438,546.3,594.09,0,65,33,31
1670186498.813717,10.10.1.100:51434,419.1,635.628,0,47,38,
1670186498.949255,10.10.1.100:59438,509.8,647.064,0,65,33,31
1670186498.954293,10.10.1.100:51434,409.0,658.218,0,47,40,
1670186499.045687,10.10.1.100:59438,510.0,691.139,0,65,33,31
1670186499.048469,10.10.1.100:51434,409.0,658.218,0,47,40,
1670186499.158708,10.10.1.100:59438,529.5,693.342,0,65,33,31
1670186499.163690,10.10.1.100:51434,419.3,672.511,0,47,40,
1670186499.297164,10.10.1.100:59438,577.8,696.016,0,65,34,31
1670186499.301775,10.10.1.100:51434,372.0,677.725,0,47,40,
1670186499.402013,10.10.1.100:59438,527.6,689.438,0,65,34,31
1670186499.404845,10.10.1.100:51434,332.4,670.873,0,47,40,
1670186499.480901,10.10.1.100:59438,509.9,676.745,0,65,34,31
1670186499.483773,10.10.1.100:51434,298.8,662.8,0,47,40,
1670186499.605833,10.10.1.100:59438,509.5,670.034,0,65,34,31
1670186499.610814,10.10.1.100:51434,302.3,661.471,0,47,40,
1670186499.744031,10.10.1.100:59438,510.0,673.898,0,65,34,31
1670186499.749349,10.10.1.100:51434,310.6,662.663,0,47,40,
1670186499.887805,10.10.1.100:59438,544.1,684.379,0,65,34,31
1670186499.892978,10.10.1.100:51434,395.8,677.555,0,47,40,
1670186500.012203,10.10.1.100:59438,564.0,702.277,0,65,35,31
1670186500.015180,10.10.1.100:51434,402.7,687.351,0,47,40,
1670186500.091619,10.10.1.100:59438,563.5,707.982,0,65,35,31
1670186500.094503,10.10.1.100:51434,402.7,689.79,0,47,40,
1670186500.171125,10.10.1.100:59438,563.6,709.515,0,65,35,31
1670186500.173992,10.10.1.100:51434,389.1,693.091,0,47,40,
1670186500.272396,10.10.1.100:59438,553.9,712.192,0,65,35,31
1670186500.275447,10.10.1.100:51434,402.7,697.074,0,47,40,
1670186500.404334,10.10.1.100:59438,535.0,718.448,0,65,35,31
1670186500.408654,10.10.1.100:51434,407.7,703.98,0,47,40,
1670186500.512331,10.10.1.100:59438,526.0,727.569,0,65,35,31
1670186500.515195,10.10.1.100:51434,438.9,720.332,0,47,40,
1670186500.630754,10.10.1.100:59438,524.6,738.73,0,65,35,31
1670186500.636215,10.10.1.100:51434,431.9,725.668,0,47,40,
1670186500.758065,10.10.1.100:59438,515.6,750.566,0,65,36,31
1670186500.760889,10.10.1.100:51434,442.5,748.115,0,47,40,
1670186500.836886,10.10.1.100:59438,516.2,764.888,0,65,36,31
1670186500.839768,10.10.1.100:51434,442.6,759.348,0,47,40,
1670186500.917036,10.10.1.100:59438,516.0,781.398,0,65,36,31
1670186500.919836,10.10.1.100:51434,442.6,765.132,0,47,40,
1670186500.996543,10.10.1.100:59438,516.1,783.683,0,65,36,31
1670186500.999010,10.10.1.100:51434,440.1,772.642,0,47,40,
1670186501.115375,10.10.1.100:59438,516.1,790.08,0,65,36,31
1670186501.120426,10.10.1.100:51434,440.3,774.802,0,47,40,
1670186501.250208,10.10.1.100:59438,533.1,790.353,0,65,36,31
1670186501.253223,10.10.1.100:51434,426.7,779.449,0,47,40,
1670186501.336439,10.10.1.100:59438,524.6,785.153,0,65,36,31
1670186501.341476,10.10.1.100:51434,413.0,776.717,0,47,40,
1670186501.434675,10.10.1.100:59438,546.4,781.128,0,65,37,31
1670186501.437913,10.10.1.100:51434,406.1,773.434,0,47,40,
1670186501.519725,10.10.1.100:59438,546.5,773.979,0,65,37,31
1670186501.522555,10.10.1.100:51434,377.5,770.504,0,47,40,
1670186501.599536,10.10.1.100:59438,538.0,766.997,0,65,37,31
1670186501.602511,10.10.1.100:51434,372.9,768.681,0,47,40,
1670186501.679569,10.10.1.100:59438,546.4,763.176,0,65,37,31
1670186501.682482,10.10.1.100:51434,384.6,767.536,0,47,40,
1670186501.761367,10.10.1.100:59438,546.1,760.245,0,65,37,31
1670186501.764381,10.10.1.100:51434,393.0,767.879,0,47,40,
1670186501.882953,10.10.1.100:59438,546.5,760.875,0,65,37,31
1670186501.886809,10.10.1.100:51434,412.1,767.79,0,47,40,
1670186501.989356,10.10.1.100:59438,538.1,764.382,0,65,37,31
1670186501.992246,10.10.1.100:51434,416.0,776.434,0,47,40,
1670186502.069221,10.10.1.100:59438,529.9,768.412,0,65,37,31
1670186502.072044,10.10.1.100:51434,428.3,782.201,0,47,40,
1670186502.149505,10.10.1.100:59438,537.9,770.049,0,65,37,31
1670186502.152349,10.10.1.100:51434,428.1,783.964,0,47,40,
1670186502.246694,10.10.1.100:59438,529.6,780.099,0,65,38,31
1670186502.250129,10.10.1.100:51434,420.3,792.272,0,47,40,
1670186502.371614,10.10.1.100:59438,529.6,793.166,0,65,38,31
1670186502.375626,10.10.1.100:51434,420.2,796.574,0,47,40,
1670186502.489230,10.10.1.100:59438,529.4,805.828,0,65,38,31
1670186502.492139,10.10.1.100:51434,420.1,798.36,0,47,40,
1670186502.569734,10.10.1.100:59438,529.6,811.584,0,65,38,31
1670186502.572735,10.10.1.100:51434,420.1,803.903,0,47,40,
1670186502.649869,10.10.1.100:59438,521.6,817.25,0,65,38,31
1670186502.652785,10.10.1.100:51434,423.4,806.627,0,47,40,
1670186502.729934,10.10.1.100:59438,521.6,823.102,0,65,38,31
1670186502.732858,10.10.1.100:51434,423.6,810.165,0,47,40,
1670186502.811173,10.10.1.100:59438,521.9,827.601,0,65,38,31
1670186502.814130,10.10.1.100:51434,434.2,814.808,0,47,40,
1670186502.891581,10.10.1.100:59438,521.8,830.785,0,65,38,31
1670186502.894508,10.10.1.100:51434,434.2,816.113,0,47,40,
1670186502.972320,10.10.1.100:59438,521.7,832.9,0,65,38,31
1670186502.975403,10.10.1.100:51434,423.6,822.733,0,47,40,
1670186503.058219,10.10.1.100:59438,514.1,837.87,0,65,38,31
1670186503.061451,10.10.1.100:51434,448.2,824.847,0,47,40,
1670186503.157016,10.10.1.100:59438,534.7,835.771,0,65,39,31
1670186503.161707,10.10.1.100:51434,423.7,831.074,0,47,40,
1670186503.290084,10.10.1.100:59438,534.7,831.636,0,65,39,31
1670186503.295270,10.10.1.100:51434,423.7,836.374,0,47,40,
1670186503.433296,10.10.1.100:59438,526.7,831.832,0,65,39,31
1670186503.438434,10.10.1.100:51434,436.0,839.428,0,47,40,
1670186503.536812,10.10.1.100:59438,526.7,831.861,0,65,39,31
1670186503.539629,10.10.1.100:51434,426.4,844.038,0,47,40,
1670186503.616284,10.10.1.100:59438,526.7,832.755,0,65,39,31
1670186503.619156,10.10.1.100:51434,421.8,841.208,0,47,36,
1670186503.695807,10.10.1.100:59438,534.6,830.575,0,65,39,31
1670186503.698686,10.10.1.100:51434,423.7,833.371,1,48,36,
1670186503.802253,10.10.1.100:59438,534.6,828.901,0,65,39,31
1670186503.807569,10.10.1.100:51434,421.8,830.498,1,48,36,
1670186503.944564,10.10.1.100:59438,526.5,828.794,0,65,40,31
1670186503.949546,10.10.1.100:51434,431.0,825.127,1,48,36,
1670186504.043202,10.10.1.100:59438,534.2,824.708,1,66,36,20
1670186504.046056,10.10.1.100:51434,422.3,822.735,2,49,35,
1670186504.123903,10.10.1.100:59438,526.8,824.673,1,66,34,20
1670186504.127188,10.10.1.100:51434,427.8,822.919,2,49,35,
1670186504.255381,10.10.1.100:59438,526.7,826.849,1,66,32,20
1670186504.260562,10.10.1.100:51434,428.4,823.235,3,50,34,
1670186504.382732,10.10.1.100:59438,526.7,828.635,1,66,29,20
1670186504.386227,10.10.1.100:51434,432.3,824.439,4,51,33,
1670186504.465161,10.10.1.100:59438,526.7,829.375,1,66,26,20
1670186504.468474,10.10.1.100:51434,429.7,823.155,5,53,32,
1670186504.596333,10.10.1.100:59438,526.5,829.736,1,66,24,20
1670186504.601373,10.10.1.100:51434,427.7,822.452,5,53,35,
1670186504.738103,10.10.1.100:59438,512.6,815.882,1,66,20,20
1670186504.741516,10.10.1.100:51434,405.1,817.44,5,53,40,
1670186504.821989,10.10.1.100:59438,528.0,819.617,0,66,20,20
1670186504.824896,10.10.1.100:51434,395.2,805.351,4,53,40,
1670186504.953451,10.10.1.100:59438,492.5,817.097,0,66,20,20
1670186504.958117,10.10.1.100:51434,381.8,781.484,4,53,40,
1670186505.087284,10.10.1.100:59438,436.0,802.723,0,66,20,20
1670186505.091980,10.10.1.100:51434,391.2,730.139,1,53,40,
1670186505.189455,10.10.1.100:59438,351.6,768.981,0,66,20,20
1670186505.194398,10.10.1.100:51434,397.1,706.296,0,53,40,
1670186505.336597,10.10.1.100:59438,333.3,756.161,0,66,20,20
1670186505.341658,10.10.1.100:51434,416.7,690.464,0,53,40,
1670186505.478952,10.10.1.100:59438,294.2,713.755,0,66,21,20
1670186505.484082,10.10.1.100:51434,453.7,664.485,0,53,42,
1670186505.562555,10.10.1.100:59438,318.8,685.396,0,66,21,20
1670186505.565414,10.10.1.100:51434,453.6,650.721,0,53,42,
1670186505.642398,10.10.1.100:59438,341.6,659.478,0,66,21,20
1670186505.645513,10.10.1.100:51434,453.6,635.909,0,53,42,
1670186505.722656,10.10.1.100:59438,347.5,646.642,0,66,21,20
1670186505.725542,10.10.1.100:51434,453.6,620.637,0,53,42,
1670186505.804558,10.10.1.100:59438,367.7,622.753,0,66,21,20
1670186505.807916,10.10.1.100:51434,453.7,607.752,0,53,42,
1670186505.934681,10.10.1.100:59438,382.7,601.697,0,66,22,20
1670186505.939801,10.10.1.100:51434,453.7,598.973,0,53,42,
1670186506.076111,10.10.1.100:59438,398.5,593.409,0,66,22,20
1670186506.081259,10.10.1.100:51434,454.2,581.689,0,53,42,
1670186506.173614,10.10.1.100:59438,407.1,589.127,0,66,22,20
1670186506.176458,10.10.1.100:51434,476.2,570.976,0,53,44,
1670186506.253553,10.10.1.100:59438,425.2,581.646,0,66,22,20
1670186506.256422,10.10.1.100:51434,476.8,567.74,0,53,44,
1670186506.334050,10.10.1.100:59438,425.4,578.594,0,66,22,20
1670186506.336978,10.10.1.100:51434,458.0,555.88,0,53,44,
1670186506.413656,10.10.1.100:59438,478.1,564.313,0,66,23,20
1670186506.416516,10.10.1.100:51434,435.4,554.023,0,53,44,
1670186506.493022,10.10.1.100:59438,478.2,558.839,0,66,23,20
1670186506.495874,10.10.1.100:51434,478.8,549.585,0,53,44,
1670186506.571857,10.10.1.100:59438,489.1,549.951,0,66,23,20
1670186506.574749,10.10.1.100:51434,459.4,545.279,0,53,44,
1670186506.673856,10.10.1.100:59438,500.5,540.183,0,66,23,20
1670186506.678856,10.10.1.100:51434,459.4,543.158,0,53,44,
1670186506.815555,10.10.1.100:59438,501.0,532.822,0,66,23,20
1670186506.820562,10.10.1.100:51434,442.3,537.528,0,53,44,
1670186506.916057,10.10.1.100:59438,501.2,524.862,0,66,23,20
1670186506.918989,10.10.1.100:51434,456.4,534.972,0,53,44,
1670186506.995105,10.10.1.100:59438,489.4,529.934,0,66,24,20
1670186506.997962,10.10.1.100:51434,456.4,539.669,0,53,44,
1670186507.125322,10.10.1.100:59438,489.1,539.191,0,66,24,20
1670186507.131018,10.10.1.100:51434,456.5,542.772,0,53,44,
1670186507.255216,10.10.1.100:59438,489.2,549.18,0,66,24,20
1670186507.258112,10.10.1.100:51434,456.4,546.684,0,53,44,
1670186507.333941,10.10.1.100:59438,478.2,555.427,0,66,24,20
1670186507.336725,10.10.1.100:51434,456.6,548.872,0,53,44,
1670186507.412613,10.10.1.100:59438,478.2,560.195,0,66,24,20
1670186507.415459,10.10.1.100:51434,478.1,550.12,0,53,44,
1670186507.491987,10.10.1.100:59438,457.2,566.687,0,66,24,20
1670186507.494799,10.10.1.100:51434,478.1,553.197,0,53,44,
1670186507.570553,10.10.1.100:59438,478.2,572.817,0,66,25,20
1670186507.573492,10.10.1.100:51434,524.1,556.321,0,53,46,
1670186507.649985,10.10.1.100:59438,468.4,575.409,0,66,25,20
1670186507.652876,10.10.1.100:51434,487.4,567.984,0,53,48,
1670186507.728924,10.10.1.100:59438,459.2,581.139,0,66,25,20
1670186507.731684,10.10.1.100:51434,507.7,578.598,0,53,48,
1670186507.808152,10.10.1.100:59438,459.1,584.184,0,66,25,20
1670186507.811030,10.10.1.100:51434,505.6,588.807,0,53,48,
1670186507.887084,10.10.1.100:59438,459.3,590.473,0,66,25,20
1670186507.889903,10.10.1.100:51434,505.3,594.856,0,53,4,
1670186507.966007,10.10.1.100:59438,478.4,589.61,0,66,25,20
1670186507.968854,10.10.1.100:51434,507.6,599.285,0,53,4,
1670186508.044919,10.10.1.100:59438,478.2,588.577,0,66,25,20
1670186508.047702,10.10.1.100:51434,488.4,598.299,0,53,4,
1670186508.123454,10.10.1.100:59438,478.2,582.232,0,66,26,20
1670186508.126711,10.10.1.100:51434,446.0,597.354,0,53,4,
1670186508.202164,10.10.1.100:59438,487.9,586.837,0,66,26,20
1670186508.205042,10.10.1.100:51434,439.3,598.252,0,53,4,
1670186508.281265,10.10.1.100:59438,488.0,584.656,0,66,26,20
1670186508.284049,10.10.1.100:51434,434.8,597.102,0,53,4,
1670186508.360142,10.10.1.100:59438,478.3,581.081,0,66,26,20
1670186508.362974,10.10.1.100:51434,429.1,597.639,0,53,4,
1670186508.439330,10.10.1.100:59438,478.4,578.371,0,66,26,20
1670186508.442181,10.10.1.100:51434,411.1,595.719,0,53,4,
1670186508.518672,10.10.1.100:59438,498.1,558.743,0,66,26,20
1670186508.521536,10.10.1.100:51434,415.0,598.274,0,53,4,
1670186508.597308,10.10.1.100:59438,508.5,528.529,0,66,26,20
1670186508.600069,10.10.1.100:51434,415.0,598.274,0,53,4,
1670186508.676381,10.10.1.100:59438,528.9,501.099,0,66,27,20
1670186508.679207,10.10.1.100:51434,415.0,598.274,0,53,4,
1670186508.755873,10.10.1.100:59438,528.9,471.451,0,66,27,20
1670186508.758769,10.10.1.100:51434,415.0,570.43,0,53,42,
1670186508.834834,10.10.1.100:59438,552.2,434.4,0,66,27,20
1670186508.837735,10.10.1.100:51434,415.0,547.087,0,53,42,
1670186508.914396,10.10.1.100:59438,621.7,410.914,0,66,27,20
1670186508.917366,10.10.1.100:51434,415.0,527.201,0,53,42,
1670186508.994580,10.10.1.100:59438,690.7,394.225,0,66,28,20
1670186508.997440,10.10.1.100:51434,415.0,527.201,0,53,42,
1670186509.073608,10.10.1.100:59438,829.0,392.021,0,66,28,20
1670186509.076437,10.10.1.100:51434,415.0,527.201,0,53,42,
1670186509.153922,10.10.1.100:59438,833.6,392.796,0,66,28,20
1670186509.156819,10.10.1.100:51434,415.0,493.269,0,53,42,
1670186509.233034,10.10.1.100:59438,782.7,393.064,0,66,28,20
1670186509.235861,10.10.1.100:51434,415.0,481.906,0,53,42,
1670186509.312710,10.10.1.100:59438,717.8,400.422,0,66,28,20
1670186509.315556,10.10.1.100:51434,415.0,476.662,0,53,42,
1670186509.391796,10.10.1.100:59438,697.5,406.421,0,66,28,20
1670186509.394588,10.10.1.100:51434,415.0,472.903,0,53,42,
1670186509.470365,10.10.1.100:59438,629.9,432.555,0,66,28,20
1670186509.473232,10.10.1.100:51434,415.0,476.883,0,53,42,
1670186509.549795,10.10.1.100:59438,586.9,460.4,0,66,29,20
1670186509.552605,10.10.1.100:51434,415.0,483.558,0,53,42,
1670186509.629270,10.10.1.100:59438,561.8,475.517,0,66,29,20
1670186509.632017,10.10.1.100:51434,415.0,505.043,0,53,42,
1670186509.708099,10.10.1.100:59438,517.2,507.32,0,66,29,20
1670186509.710979,10.10.1.100:51434,415.0,516.291,0,53,42,
1670186509.787723,10.10.1.100:59438,527.1,532.67,0,66,29,20
1670186509.790506,10.10.1.100:51434,420.7,536.764,0,53,42,
1670186509.867136,10.10.1.100:59438,516.4,547.839,0,66,29,20
1670186509.870418,10.10.1.100:51434,425.3,558.728,0,53,42,
1670186509.947399,10.10.1.100:59438,506.4,574.193,0,66,29,20
1670186509.950260,10.10.1.100:51434,428.8,570.177,0,53,42,
1670186510.084385,10.10.1.100:59438,506.7,595.682,0,66,29,20
1670186510.089929,10.10.1.100:51434,441.5,590.887,0,53,42,
1670186510.228249,10.10.1.100:59438,523.3,620.815,0,66,30,20
1670186510.233343,10.10.1.100:51434,443.9,614.613,0,53,42,
1670186510.312705,10.10.1.100:59438,523.0,629.017,0,66,30,20
1670186510.315545,10.10.1.100:51434,444.1,627.754,0,53,42,
1670186510.394834,10.10.1.100:59438,515.0,632.48,0,66,30,20
1670186510.398176,10.10.1.100:51434,444.2,635.585,0,53,42,
1670186510.475487,10.10.1.100:59438,523.4,641.018,0,66,30,20
1670186510.478380,10.10.1.100:51434,444.2,639.66,0,53,42,
1670186510.555773,10.10.1.100:59438,513.4,642.678,0,66,30,20
1670186510.558640,10.10.1.100:51434,460.3,645.058,0,53,42,
1670186510.685488,10.10.1.100:59438,513.3,645.433,0,66,30,20
1670186510.690780,10.10.1.100:51434,445.2,648.806,0,53,42,
1670186510.821059,10.10.1.100:59438,495.3,653.854,0,66,30,20
1670186510.825847,10.10.1.100:51434,478.3,659.576,0,53,42,
1670186510.917046,10.10.1.100:59438,466.2,671.67,0,66,31,20
1670186510.919961,10.10.1.100:51434,461.7,672.741,0,53,42,
1670186510.996796,10.10.1.100:59438,486.4,681.748,0,66,31,20
1670186510.999592,10.10.1.100:51434,478.4,686.382,0,53,42,
1670186511.134786,10.10.1.100:59438,486.3,690.779,0,66,31,20
1670186511.139946,10.10.1.100:51434,470.4,699.065,0,53,42,
1670186511.261119,10.10.1.100:59438,469.7,704.435,0,66,31,20
1670186511.264018,10.10.1.100:51434,478.0,711.654,0,53,42,
1670186511.343082,10.10.1.100:59438,470.0,719.547,0,66,31,20
1670186511.345991,10.10.1.100:51434,478.3,717.962,0,53,42,
1670186511.423277,10.10.1.100:59438,470.3,729.706,0,66,31,20
1670186511.426190,10.10.1.100:51434,478.2,720.718,0,53,42,
1670186511.502673,10.10.1.100:59438,462.3,740.517,0,66,31,20
1670186511.505570,10.10.1.100:51434,493.7,726.941,0,53,42,
1670186511.596526,10.10.1.100:59438,462.4,743.323,0,66,31,20
1670186511.601551,10.10.1.100:51434,493.6,733.939,0,53,42,
1670186511.736984,10.10.1.100:59438,462.9,751.668,0,66,32,20
1670186511.742117,10.10.1.100:51434,485.2,745.935,0,53,42,
1670186511.866740,10.10.1.100:59438,455.4,771.756,0,66,32,20
1670186511.869618,10.10.1.100:51434,500.3,761.791,0,53,42,
1670186511.947393,10.10.1.100:59438,470.6,776.026,0,66,32,20
1670186511.951462,10.10.1.100:51434,508.1,769.077,0,53,42,
1670186512.087559,10.10.1.100:59438,470.5,774.287,0,66,32,20
1670186512.093233,10.10.1.100:51434,492.6,771.757,0,53,42,
1670186512.230091,10.10.1.100:59438,462.9,774.667,0,66,32,20
1670186512.235218,10.10.1.100:51434,492.6,778.656,0,53,42,
1670186512.313792,10.10.1.100:59438,463.2,774.802,0,66,32,20
1670186512.316557,10.10.1.100:51434,508.2,782.332,0,53,42,
1670186512.393659,10.10.1.100:59438,456.2,777.708,0,66,32,20
1670186512.396417,10.10.1.100:51434,508.1,783.524,0,53,42,
1670186512.472612,10.10.1.100:59438,435.3,789.272,0,66,33,20
1670186512.475479,10.10.1.100:51434,499.7,793.039,0,53,42,
1670186512.552320,10.10.1.100:59438,456.9,794.443,0,66,33,20
1670186512.555159,10.10.1.100:51434,505.5,801.872,0,53,42,
1670186512.632281,10.10.1.100:59438,456.9,796.56,0,66,33,20
1670186512.635117,10.10.1.100:51434,507.3,807.787,0,53,42,
1670186512.752260,10.10.1.100:59438,449.4,800.392,0,66,33,20
1670186512.757458,10.10.1.100:51434,505.6,809.669,0,53,42,
1670186512.881444,10.10.1.100:59438,443.5,812.425,0,66,33,20
1670186512.884321,10.10.1.100:51434,506.1,819.108,0,53,42,
1670186512.961066,10.10.1.100:59438,443.6,817.892,0,66,33,20
1670186512.964017,10.10.1.100:51434,519.0,824.3,1,54,36,
1670186513.041246,10.10.1.100:59438,443.7,820.078,0,66,33,20
1670186513.044093,10.10.1.100:51434,519.2,824.536,2,55,35,
1670186513.121019,10.10.1.100:59438,450.0,822.232,0,66,33,20
1670186513.123856,10.10.1.100:51434,498.4,823.126,3,56,34,
1670186513.200427,10.10.1.100:59438,456.7,821.074,0,66,33,20
1670186513.203238,10.10.1.100:51434,491.9,819.026,3,56,34,
1670186513.310879,10.10.1.100:59438,449.0,819.766,0,66,34,20
1670186513.316018,10.10.1.100:51434,512.0,815.545,3,56,34,
1670186513.446810,10.10.1.100:59438,471.1,819.581,0,66,34,20
1670186513.451415,10.10.1.100:51434,477.5,815.206,3,56,34,
1670186513.542559,10.10.1.100:59438,471.0,817.745,0,66,34,20
1670186513.545405,10.10.1.100:51434,478.1,804.272,3,56,34,
1670186513.622385,10.10.1.100:59438,449.8,817.84,0,66,34,20
1670186513.625272,10.10.1.100:51434,468.1,801.732,3,56,34,
1670186513.702306,10.10.1.100:59438,457.4,818.427,0,66,34,20
1670186513.705098,10.10.1.100:51434,447.4,799.129,3,56,34,
1670186513.782102,10.10.1.100:59438,457.4,813.935,0,66,34,20
1670186513.784943,10.10.1.100:51434,466.5,798.326,1,56,37,
1670186513.861554,10.10.1.100:59438,457.6,812.093,0,66,34,20
1670186513.864644,10.10.1.100:51434,463.4,798.357,1,56,40,
1670186513.940966,10.10.1.100:59438,464.1,811.933,0,66,34,20
1670186513.943820,10.10.1.100:51434,479.0,803.001,0,56,42,
1670186514.034302,10.10.1.100:59438,471.0,811.823,0,66,34,20
1670186514.039265,10.10.1.100:51434,485.5,807.075,0,56,42,
1670186514.176247,10.10.1.100:59438,464.0,816.231,0,66,35,20
1670186514.181546,10.10.1.100:51434,462.0,814.569,0,56,42,
1670186514.283814,10.10.1.100:59438,478.2,829.431,0,66,35,20
1670186514.286696,10.10.1.100:51434,478.3,825.432,0,56,42,
1670186514.362992,10.10.1.100:59438,485.2,827.195,0,66,35,20
1670186514.366122,10.10.1.100:51434,478.3,829.08,0,56,42,
1670186514.442427,10.10.1.100:59438,485.4,825.222,0,66,35,20
1670186514.445260,10.10.1.100:51434,484.9,829.252,0,56,42,
1670186514.538329,10.10.1.100:59438,478.3,829.68,0,66,35,20
1670186514.543539,10.10.1.100:51434,470.9,828.446,0,56,42,
1670186514.680251,10.10.1.100:59438,471.0,836.752,0,66,35,20
1670186514.685429,10.10.1.100:51434,478.1,830.063,0,56,42,
1670186514.787004,10.10.1.100:59438,471.1,845.594,0,66,35,20
1670186514.790378,10.10.1.100:51434,484.9,830.511,0,56,42,
1670186514.874158,10.10.1.100:59438,464.2,847.348,0,66,35,20
1670186514.879182,10.10.1.100:51434,485.3,832.648,0,56,42,
1670186515.010465,10.10.1.100:59438,457.5,847.61,1,67,33,17
1670186515.014864,10.10.1.100:51434,504.3,838.075,0,56,42,
1670186515.148040,10.10.1.100:59438,464.1,831.189,2,68,29,17
1670186515.153252,10.10.1.100:51434,502.4,830.365,2,58,39,
1670186515.268372,10.10.1.100:59438,464.1,827.854,2,68,27,17
1670186515.271283,10.10.1.100:51434,499.0,825.776,2,58,39,
1670186515.348458,10.10.1.100:59438,464.2,823.739,2,68,25,17
1670186515.351290,10.10.1.100:51434,492.0,821.36,2,58,39,
1670186515.428100,10.10.1.100:59438,456.8,821.013,2,68,23,17
1670186515.430975,10.10.1.100:51434,502.4,817.371,2,58,39,
1670186515.509896,10.10.1.100:59438,464.2,820.509,2,68,22,17
1670186515.512804,10.10.1.100:51434,488.4,816,2,58,39,
1670186515.589920,10.10.1.100:59438,456.8,818.781,2,68,20,17
1670186515.592820,10.10.1.100:51434,490.5,816.09,2,58,39,
1670186515.691737,10.10.1.100:59438,464.0,819.073,2,68,19,17
1670186515.697133,10.10.1.100:51434,498.2,820.195,2,58,39,
1670186515.836332,10.10.1.100:59438,457.2,825.28,1,68,17,17
1670186515.841490,10.10.1.100:51434,491.5,824.312,3,59,38,
1670186515.928195,10.10.1.100:59438,421.8,832.322,0,68,17,17
1670186515.931094,10.10.1.100:51434,527.7,823.817,1,59,42,
1670186516.008353,10.10.1.100:59438,388.1,835.77,0,68,17,17
1670186516.011261,10.10.1.100:51434,528.0,810.435,1,59,42,
1670186516.087529,10.10.1.100:59438,365.7,835.754,0,68,17,17
1670186516.090422,10.10.1.100:51434,509.7,786.516,1,59,42,
1670186516.167511,10.10.1.100:59438,337.6,828.198,0,68,17,17
1670186516.170408,10.10.1.100:51434,485.2,746.425,1,59,42,
1670186516.249034,10.10.1.100:59438,281.3,801.194,0,68,17,17
1670186516.251953,10.10.1.100:51434,472.5,719.19,1,59,42,
1670186516.381978,10.10.1.100:59438,267.2,787.833,0,68,17,17
1670186516.387084,10.10.1.100:51434,457.8,659.064,1,59,42,
1670186516.508972,10.10.1.100:59438,235.6,750.987,0,68,18,17
1670186516.511808,10.10.1.100:51434,453.1,641.56,0,59,42,
1670186516.588510,10.10.1.100:59438,246.3,714.076,0,68,18,17
1670186516.591392,10.10.1.100:51434,459.2,629.048,0,59,42,
1670186516.668837,10.10.1.100:59438,258.1,697.519,0,68,18,17
1670186516.671776,10.10.1.100:51434,481.6,618.961,0,59,42,
1670186516.749251,10.10.1.100:59438,290.5,668.863,0,68,18,17
1670186516.752051,10.10.1.100:51434,506.6,610.851,0,59,42,
1670186516.829498,10.10.1.100:59438,306.8,656.448,0,68,18,17
1670186516.832369,10.10.1.100:51434,530.4,604.619,0,59,42,
1670186516.910108,10.10.1.100:59438,305.9,643.545,0,68,18,17
1670186516.913072,10.10.1.100:51434,538.2,595.299,0,59,42,
1670186516.990487,10.10.1.100:59438,325.2,625.104,0,68,19,17
1670186516.993429,10.10.1.100:51434,539.0,590.2,0,59,42,
1670186517.077121,10.10.1.100:59438,351.4,615.075,0,68,19,17
1670186517.082242,10.10.1.100:51434,559.8,584.515,0,59,44,
1670186517.221803,10.10.1.100:59438,358.5,598.683,0,68,19,17
1670186517.226892,10.10.1.100:51434,540.8,576.397,0,59,44,
1670186517.354706,10.10.1.100:59438,366.0,586.09,0,68,19,17
1670186517.359470,10.10.1.100:51434,541.0,565.95,0,59,44,
1670186517.437621,10.10.1.100:59438,391.4,572.158,0,68,19,17
1670186517.440440,10.10.1.100:51434,561.4,558.319,0,59,44,
1670186517.517670,10.10.1.100:59438,403.8,565.111,0,68,20,17
1670186517.520522,10.10.1.100:51434,562.3,555.391,0,59,44,
1670186517.598142,10.10.1.100:59438,374.1,563.424,0,68,20,17
1670186517.601007,10.10.1.100:51434,522.2,554.035,0,59,44,
1670186517.677461,10.10.1.100:59438,382.6,565.62,0,68,20,17
1670186517.680287,10.10.1.100:51434,525.7,554.871,0,59,44,
1670186517.758482,10.10.1.100:59438,403.7,565.592,0,68,20,17
1670186517.761448,10.10.1.100:51434,550.1,553.315,0,59,44,
1670186517.839279,10.10.1.100:59438,403.6,560.811,0,68,20,17
1670186517.842252,10.10.1.100:51434,552.6,552.676,0,59,44,
1670186517.920041,10.10.1.100:59438,403.7,558.857,0,68,20,17
1670186517.922970,10.10.1.100:51434,552.6,553.121,0,59,44,
1670186518.017617,10.10.1.100:59438,403.8,557.123,0,68,20,17
1670186518.021213,10.10.1.100:51434,540.5,551.346,0,59,44,
1670186518.117466,10.10.1.100:59438,403.7,552.988,0,68,20,17
1670186518.120813,10.10.1.100:51434,540.6,555.113,0,59,44,
1670186518.211995,10.10.1.100:59438,415.8,558.622,0,68,21,17
1670186518.215381,10.10.1.100:51434,546.5,557.276,0,59,44,
1670186518.296421,10.10.1.100:59438,403.9,560.536,0,68,21,17
1670186518.299362,10.10.1.100:51434,535.5,563.296,0,59,44,
1670186518.376667,10.10.1.100:59438,403.8,566.132,0,68,21,17
1670186518.379581,10.10.1.100:51434,540.6,566.732,0,59,44,
1670186518.486655,10.10.1.100:59438,407.2,570.465,0,68,21,17
1670186518.490701,10.10.1.100:51434,558.1,569.248,0,59,44,
1670186518.601750,10.10.1.100:59438,398.5,572.974,0,68,21,17
1670186518.606197,10.10.1.100:51434,557.6,576.013,0,59,44,
1670186518.707839,10.10.1.100:59438,382.6,579.255,0,68,21,17
1670186518.711522,10.10.1.100:51434,566.8,585.946,0,59,44,
1670186518.795217,10.10.1.100:59438,386.5,588.892,0,68,22,17
1670186518.798130,10.10.1.100:51434,556.5,599.758,0,59,4,
1670186518.874267,10.10.1.100:59438,379.0,595.514,0,68,22,17
1670186518.877133,10.10.1.100:51434,570.6,612.062,0,59,4,
1670186518.953327,10.10.1.100:59438,386.2,604.878,0,68,22,17
1670186518.956141,10.10.1.100:51434,588.6,620.552,0,59,4,
1670186519.032678,10.10.1.100:59438,382.7,608.357,0,68,22,17
1670186519.035503,10.10.1.100:51434,588.6,622.949,0,59,4,
1670186519.111380,10.10.1.100:59438,390.3,614.07,0,68,22,17
1670186519.114525,10.10.1.100:51434,546.7,625.438,0,59,4,
1670186519.190988,10.10.1.100:59438,380.4,621.611,0,68,22,17
1670186519.193823,10.10.1.100:51434,543.2,622.797,0,59,4,
1670186519.291396,10.10.1.100:59438,401.8,613.676,0,68,22,17
1670186519.296596,10.10.1.100:51434,533.0,616.715,0,59,4,
1670186519.426419,10.10.1.100:59438,379.0,603.185,0,68,23,17
1670186519.431033,10.10.1.100:51434,512.3,613.973,0,59,4,
1670186519.529634,10.10.1.100:59438,398.6,525.054,0,68,23,17
1670186519.532394,10.10.1.100:51434,512.3,613.973,0,59,4,
1670186519.608673,10.10.1.100:59438,429.5,478.51,0,68,23,17
1670186519.611463,10.10.1.100:51434,512.3,581.141,0,59,42,
1670186519.708298,10.10.1.100:59438,478.0,426.265,0,68,24,17
1670186519.713300,10.10.1.100:51434,512.3,549.946,0,59,42,
1670186519.850257,10.10.1.100:59438,701.1,383.752,0,68,24,17
1670186519.855351,10.10.1.100:51434,512.3,549.946,0,59,42,
1670186519.935998,10.10.1.100:59438,842.1,366.778,0,68,24,17
1670186519.938861,10.10.1.100:51434,512.3,522.082,0,59,42,
1670186520.036247,10.10.1.100:59438,819.7,361.624,0,68,25,17
1670186520.041480,10.10.1.100:51434,512.3,498.88,0,59,42,
1670186520.173952,10.10.1.100:59438,717.5,365.377,0,68,25,17
1670186520.178557,10.10.1.100:51434,512.3,472.77,0,59,42,
1670186520.281320,10.10.1.100:59438,638.3,382.47,0,68,25,17
1670186520.284229,10.10.1.100:51434,512.3,462.934,0,59,42,
1670186520.361328,10.10.1.100:59438,589.1,408.365,0,68,25,17
1670186520.364718,10.10.1.100:51434,512.3,468.568,0,59,42,
1670186520.441496,10.10.1.100:59438,573.4,417.922,0,68,25,17
1670186520.444497,10.10.1.100:51434,400.3,474.35,0,59,42,
1670186520.522984,10.10.1.100:59438,546.3,436.612,0,68,25,17
1670186520.526008,10.10.1.100:51434,400.2,478.463,0,59,42,
1670186520.603251,10.10.1.100:59438,534.0,466.333,0,68,26,17
1670186520.606153,10.10.1.100:51434,425.0,491.423,0,59,42,
1670186520.683766,10.10.1.100:59438,521.6,479.205,0,68,26,17
1670186520.689600,10.10.1.100:51434,429.4,505.878,0,59,42,
1670186520.825862,10.10.1.100:59438,498.7,504.689,0,68,26,17
1670186520.831115,10.10.1.100:51434,447.4,521.437,0,59,42,
1670186521.010316,10.10.1.100:59438,468.3,550.894,0,68,26,17
1670186521.015203,10.10.1.100:51434,469.0,546.257,0,59,42,
1670186521.135195,10.10.1.100:59438,442.9,583.64,0,68,26,17
1670186521.138019,10.10.1.100:51434,487.4,578.246,0,59,42,
1670186521.227347,10.10.1.100:59438,444.9,602.337,0,68,27,17
1670186521.230182,10.10.1.100:51434,486.7,592.819,0,59,42,
1670186521.311775,10.10.1.100:59438,469.5,611.57,0,68,27,17
1670186521.314810,10.10.1.100:51434,487.1,609.681,0,59,42,
1670186521.394256,10.10.1.100:59438,460.6,616.857,0,68,27,17
1670186521.397536,10.10.1.100:51434,503.6,621.4,0,59,42,
1670186521.474321,10.10.1.100:59438,452.4,627.013,0,68,27,17
1670186521.477202,10.10.1.100:51434,503.7,634.866,0,59,42,
1670186521.553648,10.10.1.100:59438,452.2,631.883,0,68,27,17
1670186521.556432,10.10.1.100:51434,521.9,646.633,0,59,42,
1670186521.633062,10.10.1.100:59438,444.1,642.751,0,68,27,17
1670186521.635910,10.10.1.100:51434,518.8,651.778,0,59,42,
1670186521.711800,10.10.1.100:59438,444.1,647.177,0,68,27,17
1670186521.714605,10.10.1.100:51434,537.1,667.232,0,59,42,
1670186521.791676,10.10.1.100:59438,436.4,652.546,0,68,27,17
1670186521.794560,10.10.1.100:51434,537.2,671.536,0,59,42,
1670186521.871537,10.10.1.100:59438,419.7,668.744,0,68,27,17
1670186521.874358,10.10.1.100:51434,527.9,679.188,0,59,42,
1670186521.950547,10.10.1.100:59438,437.9,674.438,0,68,28,17
1670186521.953370,10.10.1.100:51434,533.1,690.847,0,59,42,
1670186522.029741,10.10.1.100:59438,421.3,691.401,0,68,28,17
1670186522.032621,10.10.1.100:51434,532.8,696.659,0,59,42,
1670186522.109089,10.10.1.100:59438,421.5,701.888,0,68,28,17
1670186522.111885,10.10.1.100:51434,516.2,709.593,0,59,42,
1670186522.240294,10.10.1.100:59438,423.1,717.471,0,68,28,17
1670186522.246317,10.10.1.100:51434,532.9,718.332,0,59,42,
1670186522.375124,10.10.1.100:59438,416.5,725.32,0,68,28,17
1670186522.377998,10.10.1.100:51434,529.6,735.527,0,59,42,
1670186522.454119,10.10.1.100:59438,403.5,735.719,0,68,28,17
1670186522.456966,10.10.1.100:51434,559.1,748.875,0,59,42,
1670186522.533847,10.10.1.100:59438,397.3,742.167,0,68,28,17
1670186522.536659,10.10.1.100:51434,559.1,758.564,0,59,42,
1670186522.613089,10.10.1.100:59438,391.3,749.307,0,68,28,17
1670186522.616276,10.10.1.100:51434,571.0,768.418,0,59,42,
1670186522.693666,10.10.1.100:59438,385.3,757.1,0,68,28,17
1670186522.696426,10.10.1.100:51434,579.6,778.409,0,59,42,
1670186522.772834,10.10.1.100:59438,391.3,778.71,0,68,29,17
1670186522.776168,10.10.1.100:51434,568.2,792.934,0,59,42,
1670186522.854204,10.10.1.100:59438,391.2,787.35,0,68,29,17
1670186522.857035,10.10.1.100:51434,560.4,802.07,0,59,42,
1670186522.933441,10.10.1.100:59438,397.3,798.632,0,68,29,17
1670186522.936198,10.10.1.100:51434,560.2,805.182,0,59,42,
1670186523.013278,10.10.1.100:59438,405.9,803.9,0,68,29,17
1670186523.016061,10.10.1.100:51434,546.7,811.908,0,59,42,
1670186523.092266,10.10.1.100:59438,405.8,803.329,0,68,29,17
1670186523.095167,10.10.1.100:51434,546.7,812.722,0,59,42,
1670186523.172099,10.10.1.100:59438,405.7,802.843,0,68,29,17
1670186523.174961,10.10.1.100:51434,550.9,814.774,0,59,42,
1670186523.294348,10.10.1.100:59438,405.8,803.325,0,68,29,17
1670186523.299318,10.10.1.100:51434,550.6,815.155,0,59,42,
1670186523.435723,10.10.1.100:59438,405.6,802.86,0,68,29,17
1670186523.440654,10.10.1.100:51434,550.5,812.426,0,59,42,
1670186523.538067,10.10.1.100:59438,393.8,799.311,0,68,29,17
1670186523.540976,10.10.1.100:51434,531.3,814.732,0,59,42,
1670186523.618511,10.10.1.100:59438,399.7,808.25,0,68,30,17
1670186523.621415,10.10.1.100:51434,552.4,817.102,0,59,42,
1670186523.697496,10.10.1.100:59438,390.8,816.242,0,68,30,17
1670186523.700346,10.10.1.100:51434,560.1,823.195,0,59,42,
1670186523.777366,10.10.1.100:59438,402.0,820.788,0,68,30,17
1670186523.780136,10.10.1.100:51434,571.8,822.439,1,60,41,
1670186523.857111,10.10.1.100:59438,393.8,822.852,0,68,30,17
1670186523.859929,10.10.1.100:51434,560.1,823.797,1,60,41,
1670186523.936567,10.10.1.100:59438,401.9,830.548,0,68,30,17
1670186523.939505,10.10.1.100:51434,548.8,821.417,2,61,40,
1670186524.015793,10.10.1.100:59438,407.9,828.924,0,68,30,17
1670186524.018629,10.10.1.100:51434,554.3,817.272,2,61,40,
1670186524.094839,10.10.1.100:59438,407.9,828.254,0,68,30,17
1670186524.097644,10.10.1.100:51434,538.8,815.761,2,61,40,
1670186524.217812,10.10.1.100:59438,414.1,826.129,0,68,30,17
1670186524.222904,10.10.1.100:51434,548.7,814.464,2,61,40,
1670186524.360726,10.10.1.100:59438,414.0,822.685,0,68,30,17
1670186524.365208,10.10.1.100:51434,545.9,811.929,2,61,40,
1670186524.441568,10.10.1.100:59438,407.9,829.075,0,68,31,17
1670186524.444358,10.10.1.100:51434,541.2,816.677,2,61,40,
1670186524.521056,10.10.1.100:59438,413.7,834.436,0,68,31,17
1670186524.523818,10.10.1.100:51434,521.2,815.342,3,62,39,
1670186524.599895,10.10.1.100:59438,402.0,841.881,0,68,31,17
1670186524.602702,10.10.1.100:51434,540.6,817.88,2,62,41,
1670186524.712221,10.10.1.100:59438,407.8,847.181,0,68,31,17
1670186524.717297,10.10.1.100:51434,540.5,820.785,2,62,42,
1670186524.853773,10.10.1.100:59438,415.9,846.834,0,68,31,17
1670186524.858914,10.10.1.100:51434,540.5,825.446,1,62,42,
1670186524.937628,10.10.1.100:59438,415.6,844.289,0,68,31,17
1670186524.940474,10.10.1.100:51434,540.7,825.064,1,62,42,
1670186525.016732,10.10.1.100:59438,415.9,843.201,0,68,31,17
1670186525.019610,10.10.1.100:51434,540.6,827.369,1,62,42,
1670186525.097167,10.10.1.100:59438,415.8,842.267,0,68,31,17
1670186525.100016,10.10.1.100:51434,540.9,828.587,1,62,42,
1670186525.224685,10.10.1.100:59438,416.1,840.625,0,68,31,17
1670186525.229868,10.10.1.100:51434,540.8,830.397,1,62,42,
1670186525.366008,10.10.1.100:59438,428.1,840.704,0,68,32,17
1670186525.368907,10.10.1.100:51434,519.1,828.611,1,63,42,
1670186525.447137,10.10.1.100:59438,422.0,847.082,0,68,32,17
1670186525.449962,10.10.1.100:51434,516.3,823.183,1,63,42,
1670186525.526777,10.10.1.100:59438,425.3,847.199,0,68,32,17
1670186525.529677,10.10.1.100:51434,509.0,818.112,1,63,42,
1670186525.608036,10.10.1.100:59438,415.9,848.891,0,68,32,17
1670186525.611002,10.10.1.100:51434,506.5,816.063,1,63,42,
1670186525.687916,10.10.1.100:59438,429.6,848.437,0,68,32,17
1670186525.690963,10.10.1.100:51434,512.3,814.247,1,63,42,
1670186525.767555,10.10.1.100:59438,429.5,845.317,0,68,32,17
1670186525.770391,10.10.1.100:51434,509.9,813.212,1,63,42,
1670186525.847162,10.10.1.100:59438,429.8,842.605,0,68,32,17
1670186525.850142,10.10.1.100:51434,504.8,811.16,1,63,42,
1670186525.926539,10.10.1.100:59438,429.9,838.177,0,68,32,17
1670186525.929388,10.10.1.100:51434,504.2,810.458,1,63,42,
1670186526.007066,10.10.1.100:59438,430.0,836.383,0,68,32,17
1670186526.010053,10.10.1.100:51434,511.4,812.004,1,63,42,
1670186526.086711,10.10.1.100:59438,429.8,834.81,0,68,32,17
1670186526.089576,10.10.1.100:51434,522.1,813.373,1,63,42,
1670186526.202086,10.10.1.100:59438,415.8,835.029,1,69,31,16
1670186526.207150,10.10.1.100:51434,548.4,820.277,0,63,42,
1670186526.347490,10.10.1.100:59438,415.9,832.37,2,70,27,16
1670186526.352464,10.10.1.100:51434,548.4,820.861,2,65,40,
1670186526.490242,10.10.1.100:59438,415.7,831.116,2,70,24,16
1670186526.495365,10.10.1.100:51434,548.5,819.921,3,66,39,
1670186526.624729,10.10.1.100:59438,415.9,829.114,2,70,21,16
1670186526.627683,10.10.1.100:51434,540.6,822.108,3,66,39,
1670186526.710535,10.10.1.100:59438,415.8,829.579,2,70,19,16
1670186526.715605,10.10.1.100:51434,540.4,822.534,3,66,39,
1670186526.852462,10.10.1.100:59438,415.9,829.681,2,70,18,16
1670186526.857539,10.10.1.100:51434,540.5,823.095,3,66,39,
1670186526.983583,10.10.1.100:59438,415.8,829.951,2,70,16,16
1670186526.988199,10.10.1.100:51434,540.6,827.311,3,66,39,
1670186527.064981,10.10.1.100:59438,401.9,829.759,0,70,16,16
1670186527.067854,10.10.1.100:51434,544.2,822.119,2,66,42,
1670186527.144838,10.10.1.100:59438,374.3,832.014,0,70,16,16
1670186527.147746,10.10.1.100:51434,544.5,806.864,1,66,42,
1670186527.224523,10.10.1.100:59438,346.6,830.984,0,70,16,16
1670186527.227436,10.10.1.100:51434,548.2,797.287,0,66,42,
1670186527.305800,10.10.1.100:59438,323.4,830.048,0,70,16,16
1670186527.308641,10.10.1.100:51434,543.7,788.584,0,66,42,
1670186527.385379,10.10.1.100:59438,295.2,823.222,0,70,16,16
1670186527.388378,10.10.1.100:51434,545.8,769.883,0,66,42,
1670186527.464677,10.10.1.100:59438,267.2,815.707,0,70,16,16
1670186527.467640,10.10.1.100:51434,549.2,758.025,0,66,42,
1670186527.591622,10.10.1.100:59438,221.8,806.093,0,70,16,16
1670186527.596662,10.10.1.100:51434,546.2,738.392,0,66,42,
1670186527.723555,10.10.1.100:59438,224.9,777.62,0,70,17,16
1670186527.728164,10.10.1.100:51434,532.7,719.49,0,66,40,
1670186527.809149,10.10.1.100:59438,239.0,742.799,0,70,17,16
1670186527.811968,10.10.1.100:51434,527.5,694.428,0,66,40,
1670186527.889635,10.10.1.100:59438,246.8,724.135,0,70,17,16
1670186527.892500,10.10.1.100:51434,526.6,675.738,0,66,40,
1670186527.969346,10.10.1.100:59438,259.4,707.769,0,70,17,16
1670186527.972157,10.10.1.100:51434,520.4,651.486,0,66,40,
1670186528.049859,10.10.1.100:59438,263.9,690.452,0,70,17,16
1670186528.052639,10.10.1.100:51434,531.1,636.23,0,66,40,
1670186528.129743,10.10.1.100:59438,278.2,673.775,0,70,17,16
1670186528.132607,10.10.1.100:51434,515.6,620.333,0,66,40,
1670186528.209154,10.10.1.100:59438,278.2,659.186,0,70,17,16
1670186528.212029,10.10.1.100:51434,555.2,604.479,0,66,40,
1670186528.289283,10.10.1.100:59438,301.1,644.835,0,70,18,16
1670186528.292530,10.10.1.100:51434,558.1,602.385,0,66,40,
1670186528.370019,10.10.1.100:59438,318.8,629.926,0,70,18,16
1670186528.372866,10.10.1.100:51434,588.3,602.13,0,66,42,
1670186528.449214,10.10.1.100:59438,331.8,623.871,0,70,18,16
1670186528.452030,10.10.1.100:51434,600.4,600.428,0,66,42,
1670186528.580977,10.10.1.100:59438,332.0,617.085,0,70,18,16
1670186528.586110,10.10.1.100:51434,591.0,595.161,0,66,42,
1670186528.721831,10.10.1.100:59438,353.5,601.55,0,70,18,16
1670186528.726904,10.10.1.100:51434,585.6,582.053,0,66,42,
1670186528.808946,10.10.1.100:59438,345.9,589.686,0,70,18,16
1670186528.812013,10.10.1.100:51434,566.9,578.228,0,66,42,
1670186528.889168,10.10.1.100:59438,338.8,588.863,0,70,19,16
1670186528.891959,10.10.1.100:51434,598.0,578.152,0,66,42,
1670186528.968351,10.10.1.100:59438,338.8,592.463,0,70,19,16
1670186528.971215,10.10.1.100:51434,586.9,580.73,0,66,42,
1670186529.048282,10.10.1.100:59438,358.6,593.512,0,70,19,16
1670186529.051157,10.10.1.100:51434,598.0,581.057,0,66,42,
1670186529.128763,10.10.1.100:59438,366.1,590.46,0,70,19,16
1670186529.131651,10.10.1.100:51434,572.7,580.448,0,66,42,
1670186529.208391,10.10.1.100:59438,366.4,587.786,0,70,19,16
1670186529.211244,10.10.1.100:51434,582.5,579.282,0,66,42,
1670186529.288728,10.10.1.100:59438,366.4,582.091,0,70,19,16
1670186529.291543,10.10.1.100:51434,597.8,577.829,0,66,42,
1670186529.368649,10.10.1.100:59438,366.4,580.457,0,70,19,16
1670186529.371582,10.10.1.100:51434,574.0,579.153,0,66,42,
1670186529.467645,10.10.1.100:59438,378.6,580.182,0,70,20,16
1670186529.472705,10.10.1.100:51434,586.9,578.66,0,66,42,
1670186529.608895,10.10.1.100:59438,370.6,581.886,0,70,20,16
1670186529.613975,10.10.1.100:51434,594.5,588.414,0,66,42,
1670186529.689874,10.10.1.100:59438,370.7,592.89,0,70,20,16
1670186529.692644,10.10.1.100:51434,577.6,596.385,0,66,4,
1670186529.769439,10.10.1.100:59438,370.9,592.963,0,70,20,16
1670186529.772207,10.10.1.100:51434,577.4,599.551,0,66,4,
1670186529.848277,10.10.1.100:59438,363.5,594.524,0,70,20,16
1670186529.851075,10.10.1.100:51434,577.4,604.51,0,66,4,
1670186529.927483,10.10.1.100:59438,356.3,597.433,0,70,20,16
1670186529.930321,10.10.1.100:51434,591.2,611.721,0,66,4,
1670186530.006683,10.10.1.100:59438,349.4,601.495,0,70,20,16
1670186530.009562,10.10.1.100:51434,613.5,618.362,0,66,4,
1670186530.086125,10.10.1.100:59438,342.9,606.54,0,70,20,16
1670186530.088972,10.10.1.100:51434,593.4,627.934,0,66,4,
1670186530.165625,10.10.1.100:59438,341.5,625.19,0,70,21,16
1670186530.168438,10.10.1.100:51434,614.9,640.913,0,66,4,
1670186530.246415,10.10.1.100:59438,354.5,633.201,0,70,21,16
1670186530.249241,10.10.1.100:51434,602.4,645.099,0,66,4,
1670186530.337211,10.10.1.100:59438,370.9,637.488,0,70,21,16
1670186530.343607,10.10.1.100:51434,581.6,652.232,0,66,4,
1670186530.481160,10.10.1.100:59438,333.4,558.661,0,70,21,16
1670186530.486231,10.10.1.100:51434,581.6,652.232,0,66,4,
1670186530.604648,10.10.1.100:59438,368.0,470.275,0,70,22,16
1670186530.609060,10.10.1.100:51434,581.6,613.099,0,66,42,
1670186530.710791,10.10.1.100:59438,562.6,405.975,0,70,22,16
1670186530.716125,10.10.1.100:51434,581.6,576.561,0,66,42,
1670186530.853988,10.10.1.100:59438,809.0,361.577,0,70,23,16
1670186530.859171,10.10.1.100:51434,581.6,576.561,0,66,42,
1670186530.939166,10.10.1.100:59438,810.2,343.628,0,70,23,16
1670186530.942004,10.10.1.100:51434,581.6,513.811,0,66,42,
1670186531.019671,10.10.1.100:59438,752.1,341.196,0,70,23,16
1670186531.022774,10.10.1.100:51434,581.6,476.669,0,66,42,
1670186531.101834,10.10.1.100:59438,678.9,347.894,0,70,23,16
1670186531.104818,10.10.1.100:51434,581.6,466.545,0,66,42,
1670186531.183096,10.10.1.100:59438,619.1,360.178,0,70,23,16
1670186531.186064,10.10.1.100:51434,581.6,459.104,0,66,42,
1670186531.294878,10.10.1.100:59438,584.6,379.662,0,70,24,16
1670186531.299892,10.10.1.100:51434,581.6,459.657,0,66,42,
1670186531.442511,10.10.1.100:59438,563.8,413.516,0,70,24,16
1670186531.447716,10.10.1.100:51434,406.6,468.563,0,66,42,
1670186531.584508,10.10.1.100:59438,523.5,441.339,0,70,24,16
1670186531.589796,10.10.1.100:51434,432.5,480.692,0,66,42,
1670186531.677827,10.10.1.100:59438,499.8,467.984,0,70,24,16
1670186531.680813,10.10.1.100:51434,456.0,499.975,0,66,42,
1670186531.757558,10.10.1.100:59438,478.0,487.624,0,70,24,16
1670186531.760355,10.10.1.100:51434,458.0,508.004,0,66,42,
1670186531.837006,10.10.1.100:59438,468.3,514.76,0,70,25,16
1670186531.839862,10.10.1.100:51434,460.2,527.234,0,66,42,
1670186531.918873,10.10.1.100:59438,458.9,526.15,0,70,25,16
1670186531.921833,10.10.1.100:51434,513.4,558.404,0,66,42,
1670186532.000040,10.10.1.100:59438,431.5,539.933,0,70,25,16
1670186532.002937,10.10.1.100:51434,523.3,577.484,0,66,42,
1670186532.080264,10.10.1.100:59438,433.0,567.674,0,70,25,16
1670186532.083147,10.10.1.100:51434,520.2,595.116,0,66,42,
1670186532.163487,10.10.1.100:59438,425.2,587.9,0,70,25,16
1670186532.166612,10.10.1.100:51434,520.1,605.739,0,66,42,
1670186532.245777,10.10.1.100:59438,425.3,596.126,0,70,25,16
1670186532.248826,10.10.1.100:51434,520.3,622.718,0,66,42,
1670186532.326479,10.10.1.100:59438,425.2,609.676,0,70,25,16
1670186532.329570,10.10.1.100:51434,520.3,635.167,0,66,42,
1670186532.417171,10.10.1.100:59438,425.2,618.722,0,70,25,16
1670186532.421839,10.10.1.100:51434,539.3,641.121,0,66,42,
1670186532.536169,10.10.1.100:59438,434.8,628.854,0,70,26,16
1670186532.541269,10.10.1.100:51434,515.4,647.755,0,66,42,
1670186532.649273,10.10.1.100:59438,426.9,635.044,0,70,26,16
1670186532.652105,10.10.1.100:51434,538.9,663.883,0,66,42,
1670186532.729061,10.10.1.100:59438,417.4,646.862,0,70,26,16
1670186532.731957,10.10.1.100:51434,529.0,668.873,0,66,42,
1670186532.809573,10.10.1.100:59438,426.8,658.673,0,70,26,16
1670186532.812381,10.10.1.100:51434,526.0,676.555,0,66,42,
1670186532.889465,10.10.1.100:59438,419.3,662.681,0,70,26,16
1670186532.892329,10.10.1.100:51434,544.0,682.02,0,66,42,
1670186532.970108,10.10.1.100:59438,412.2,672.057,0,70,26,16
1670186532.973078,10.10.1.100:51434,539.9,691.474,0,66,42,
1670186533.050968,10.10.1.100:59438,405.0,677.426,0,70,26,16
1670186533.053873,10.10.1.100:51434,557.8,698.261,0,66,42,
1670186533.133013,10.10.1.100:59438,405.1,682.102,0,70,26,16
1670186533.135893,10.10.1.100:51434,557.7,705.68,0,66,42,
1670186533.213578,10.10.1.100:59438,398.6,692.543,0,70,26,16
1670186533.216463,10.10.1.100:51434,535.2,714.436,0,66,42,
1670186533.294552,10.10.1.100:59438,379.1,712.976,0,70,27,16
1670186533.297514,10.10.1.100:51434,562.0,727.23,0,66,42,
1670186533.375217,10.10.1.100:59438,401.2,717.701,0,70,27,16
1670186533.378153,10.10.1.100:51434,561.8,736.597,0,66,42,
1670186533.455778,10.10.1.100:59438,401.1,721.838,0,70,27,16
1670186533.458698,10.10.1.100:51434,561.8,743.353,0,66,42,
1670186533.544666,10.10.1.100:59438,385.4,731.269,0,70,27,16
1670186533.549195,10.10.1.100:51434,570.7,748.11,0,66,42,
1670186533.668990,10.10.1.100:59438,394.8,743.16,0,70,27,16
1670186533.673674,10.10.1.100:51434,561.6,757.3,0,66,42,
1670186533.806138,10.10.1.100:59438,388.5,749.327,0,70,27,16
1670186533.811217,10.10.1.100:51434,573.8,766.519,0,66,42,
1670186533.910833,10.10.1.100:59438,382.6,756.905,0,70,27,16
1670186533.913720,10.10.1.100:51434,573.9,776.921,0,66,42,
1670186533.990737,10.10.1.100:59438,382.5,764.053,0,70,27,16
1670186533.993664,10.10.1.100:51434,573.8,779.306,0,66,42,
1670186534.070296,10.10.1.100:59438,376.8,768.463,0,70,28,16
1670186534.073209,10.10.1.100:51434,585.3,792.298,0,66,42,
1670186534.150508,10.10.1.100:59438,371.2,785.484,0,70,28,16
1670186534.153409,10.10.1.100:51434,576.7,800.938,0,66,42,
1670186534.229954,10.10.1.100:59438,385.5,799.378,0,70,28,16
1670186534.232806,10.10.1.100:51434,576.6,807.135,0,66,42,
1670186534.310676,10.10.1.100:59438,385.5,800.878,0,70,28,16
1670186534.313577,10.10.1.100:51434,576.7,811.434,0,66,42,
1670186534.390209,10.10.1.100:59438,380.0,803.656,0,70,28,16
1670186534.393091,10.10.1.100:51434,585.2,815.258,0,66,42,
1670186534.469508,10.10.1.100:59438,365.6,808.625,0,70,28,16
1670186534.472314,10.10.1.100:51434,576.8,821.713,0,66,42,
1670186534.548944,10.10.1.100:59438,357.2,823.942,0,70,28,16
1670186534.551774,10.10.1.100:51434,576.5,826.981,0,66,42,
1670186534.628724,10.10.1.100:59438,379.9,825.158,0,70,28,16
1670186534.631611,10.10.1.100:51434,576.7,833.441,0,66,42,
1670186534.707856,10.10.1.100:59438,385.4,823.443,0,70,28,16
1670186534.710684,10.10.1.100:51434,565.2,833.471,0,66,42,
1670186534.791757,10.10.1.100:59438,391.3,817.768,0,70,28,16
1670186534.797027,10.10.1.100:51434,565.2,831.839,0,66,42,
1670186534.935025,10.10.1.100:59438,379.2,819.488,0,70,29,16
1670186534.939954,10.10.1.100:51434,556.4,827.916,0,66,42,
1670186535.037587,10.10.1.100:59438,385.5,816.431,0,70,29,16
1670186535.040408,10.10.1.100:51434,548.0,823.053,0,66,42,
1670186535.116689,10.10.1.100:59438,399.7,819.987,0,70,29,16
1670186535.119584,10.10.1.100:51434,548.0,820.554,0,66,40,
1670186535.195897,10.10.1.100:59438,394.1,817.391,0,70,29,16
1670186535.198740,10.10.1.100:51434,547.2,818.212,0,66,40,
1670186535.286418,10.10.1.100:59438,393.8,815.114,0,70,29,16
1670186535.291543,10.10.1.100:51434,546.1,816.025,0,66,40,
1670186535.429890,10.10.1.100:59438,374.2,815.305,0,70,29,16
1670186535.434946,10.10.1.100:51434,548.6,816.585,0,66,40,
1670186535.571948,10.10.1.100:59438,385.4,825.795,0,70,29,16
1670186535.577318,10.10.1.100:51434,554.6,824.212,0,66,40,
1670186535.670380,10.10.1.100:59438,388.0,833.167,0,70,29,16
1670186535.673321,10.10.1.100:51434,568.4,830.831,0,66,40,
1670186535.750233,10.10.1.100:59438,393.9,829.838,1,71,28,15
1670186535.753286,10.10.1.100:51434,562.6,836.934,1,67,39,
1670186535.831617,10.10.1.100:59438,399.7,824.222,1,71,27,15
1670186535.834610,10.10.1.100:51434,554.5,827.242,1,67,39,
1670186535.912068,10.10.1.100:59438,393.8,820.883,1,71,26,15
1670186535.914945,10.10.1.100:51434,562.4,820.655,1,67,39,
1670186535.991228,10.10.1.100:59438,399.5,817.445,1,71,25,15
1670186535.994146,10.10.1.100:51434,553.8,810.909,1,67,39,
1670186536.071129,10.10.1.100:59438,405.6,811.928,1,71,24,15
1670186536.074073,10.10.1.100:51434,553.8,804.384,1,67,39,
1670186536.150868,10.10.1.100:59438,391.4,805.144,1,71,22,15
1670186536.152531,10.10.1.100:51434,547.4,797.952,1,67,39,
1670186536.239792,10.10.1.100:59438,399.6,799.065,1,71,21,15
1670186536.243075,10.10.1.100:51434,528.8,794.733,1,67,39,
1670186536.319830,10.10.1.100:59438,371.0,796.214,1,71,19,15
1670186536.322705,10.10.1.100:51434,534.7,792.246,1,67,39,
1670186536.399758,10.10.1.100:59438,388.1,795.666,1,71,18,15
1670186536.402635,10.10.1.100:51434,534.7,793.401,1,67,39,
1670186536.481486,10.10.1.100:59438,388.0,794.851,1,71,16,15
1670186536.484420,10.10.1.100:51434,529.6,794.635,1,67,39,
1670186536.561814,10.10.1.100:59438,413.7,798.5,0,71,15,15
1670186536.564664,10.10.1.100:51434,548.5,799.129,0,67,40,
1670186536.642205,10.10.1.100:59438,413.7,798.5,0,71,15,15
1670186536.645048,10.10.1.100:51434,548.5,803.214,0,67,40,
1670186536.721350,10.10.1.100:59438,388.6,804.652,0,71,15,15
1670186536.724200,10.10.1.100:51434,563.0,803.743,0,67,40,
1670186536.800996,10.10.1.100:59438,356.7,808.501,0,71,15,15
1670186536.803773,10.10.1.100:51434,570.2,801.487,0,67,40,
1670186536.880501,10.10.1.100:59438,333.3,808.836,0,71,15,15
1670186536.883356,10.10.1.100:51434,570.3,791.567,0,67,42,
1670186536.959631,10.10.1.100:59438,309.0,804.607,0,71,15,15
1670186536.962446,10.10.1.100:51434,565.8,784.881,0,67,42,
1670186537.039674,10.10.1.100:59438,279.5,797.831,0,71,15,15
1670186537.042494,10.10.1.100:51434,553.5,770.763,0,67,42,
1670186537.119498,10.10.1.100:59438,250.2,785.875,0,71,15,15
1670186537.122378,10.10.1.100:51434,551.6,742.453,0,67,42,
1670186537.199213,10.10.1.100:59438,214.3,769.365,0,71,16,15
1670186537.202108,10.10.1.100:51434,550.9,732.099,0,67,42,
1670186537.279577,10.10.1.100:59438,220.7,743.475,0,71,16,15
1670186537.282443,10.10.1.100:51434,549.5,701.6,0,67,42,
1670186537.373239,10.10.1.100:59438,220.7,743.475,0,71,16,15
1670186537.378216,10.10.1.100:51434,531.8,684.891,0,67,42,
1670186537.513980,10.10.1.100:59438,231.5,712.518,0,71,16,15
1670186537.519121,10.10.1.100:51434,544.2,658.547,0,67,42,
1670186537.637192,10.10.1.100:59438,239.2,697.701,0,71,16,15
1670186537.640046,10.10.1.100:51434,566.7,636.654,0,67,42,
1670186537.716961,10.10.1.100:59438,265.8,671.864,0,71,16,15
1670186537.719724,10.10.1.100:51434,576.9,624.36,0,67,42,
1670186537.797270,10.10.1.100:59438,270.7,662.121,0,71,16,15
1670186537.800068,10.10.1.100:51434,587.6,620.014,0,67,42,
1670186537.877683,10.10.1.100:59438,276.0,656.179,0,71,17,15
1670186537.880511,10.10.1.100:51434,604.4,618.222,0,67,40,
1670186537.957246,10.10.1.100:59438,300.0,648.173,0,71,17,15
1670186537.960051,10.10.1.100:51434,641.1,615.177,0,67,42,
1670186538.038220,10.10.1.100:59438,300.0,648.173,0,71,17,15
1670186538.041114,10.10.1.100:51434,622.2,611.933,0,67,42,
1670186538.118479,10.10.1.100:59438,312.0,633.791,0,71,17,15
1670186538.121328,10.10.1.100:51434,603.4,608.986,0,67,42,
1670186538.198277,10.10.1.100:59438,312.0,627.237,0,71,17,15
1670186538.201127,10.10.1.100:51434,637.5,602.904,0,67,42,
1670186538.278852,10.10.1.100:59438,318.6,621.546,0,71,17,15
1670186538.281675,10.10.1.100:51434,637.6,598.236,0,67,42,
1670186538.358545,10.10.1.100:59438,312.1,615.024,0,71,17,15
1670186538.361419,10.10.1.100:51434,612.1,597.273,0,67,42,
1670186538.438139,10.10.1.100:59438,304.1,610.171,0,71,18,15
1670186538.440951,10.10.1.100:51434,622.1,596.108,0,67,42,
1670186538.562176,10.10.1.100:59438,331.7,608.1,0,71,18,15
1670186538.567311,10.10.1.100:51434,621.3,597.337,0,67,42,
1670186538.698187,10.10.1.100:59438,331.6,609.184,0,71,18,15
1670186538.702813,10.10.1.100:51434,607.4,599.167,0,67,42,
1670186538.818322,10.10.1.100:59438,338.5,604.121,0,71,18,15
1670186538.823427,10.10.1.100:51434,600.0,601.159,0,67,42,
1670186538.959525,10.10.1.100:59438,331.8,602.788,0,71,18,15
1670186538.964536,10.10.1.100:51434,624.3,599.297,0,67,42,
1670186539.051840,10.10.1.100:59438,318.0,607.551,0,71,19,15
1670186539.054711,10.10.1.100:51434,625.2,605.502,0,67,42,
1670186539.131310,10.10.1.100:59438,337.5,608.835,0,71,19,15
1670186539.134159,10.10.1.100:51434,625.6,611.751,0,67,42,
1670186539.210808,10.10.1.100:59438,331.2,611.422,0,71,19,15
1670186539.213658,10.10.1.100:51434,626.4,617.486,0,67,42,
1670186539.290904,10.10.1.100:59438,307.0,620.512,0,71,19,15
1670186539.293799,10.10.1.100:51434,637.7,624.007,0,67,42,
1670186539.370697,10.10.1.100:59438,292.4,632.097,0,71,19,15
1670186539.373583,10.10.1.100:51434,648.9,637.271,0,67,42,
1670186539.449950,10.10.1.100:59438,312.9,640.143,0,71,19,15
1670186539.452815,10.10.1.100:51434,648.8,645.603,0,67,42,
1670186539.529846,10.10.1.100:59438,324.5,640.434,0,71,19,15
1670186539.532639,10.10.1.100:51434,614.7,650.729,0,67,42,
1670186539.609206,10.10.1.100:59438,324.7,640.64,0,71,19,15
1670186539.611982,10.10.1.100:51434,625.2,649.386,0,67,42,
1670186539.689639,10.10.1.100:59438,335.7,637.965,0,71,20,15
1670186539.692453,10.10.1.100:51434,613.2,648.736,0,67,42,
1670186539.769942,10.10.1.100:59438,342.6,638.528,0,71,20,15
1670186539.772807,10.10.1.100:51434,613.1,649.879,0,67,42,
1670186539.901403,10.10.1.100:59438,342.6,639.026,0,71,20,15
1670186539.906444,10.10.1.100:51434,610.1,647.111,0,67,42,
1670186540.045697,10.10.1.100:59438,312.8,638.72,0,71,20,15
1670186540.050689,10.10.1.100:51434,605.1,642.261,0,67,42,
1670186540.155862,10.10.1.100:59438,330.3,641.053,0,71,20,15
1670186540.158715,10.10.1.100:51434,599.5,645.491,0,67,42,
1670186540.235126,10.10.1.100:59438,342.8,641.306,0,71,20,15
1670186540.237920,10.10.1.100:51434,603.9,649.094,0,67,42,
1670186540.315104,10.10.1.100:59438,336.5,642.909,0,71,20,15
1670186540.317973,10.10.1.100:51434,626.1,653.683,0,67,42,
1670186540.415924,10.10.1.100:59438,330.5,651.579,0,71,21,15
1670186540.421147,10.10.1.100:51434,614.8,658.075,0,67,42,
1670186540.557885,10.10.1.100:59438,341.6,663.163,0,71,21,15
1670186540.563016,10.10.1.100:51434,614.5,671.833,0,67,42,
1670186540.699661,10.10.1.100:59438,348.0,663.799,0,71,21,15
1670186540.704835,10.10.1.100:51434,615.1,676.582,0,67,4,
1670186540.796188,10.10.1.100:59438,330.4,668.155,0,71,21,15
1670186540.799243,10.10.1.100:51434,614.7,682.816,0,67,4,
1670186540.876113,10.10.1.100:59438,341.7,676.756,0,71,21,15
1670186540.879014,10.10.1.100:51434,614.8,686.228,0,67,4,
1670186540.955954,10.10.1.100:59438,335.6,678.459,0,71,21,15
1670186540.958828,10.10.1.100:51434,626.6,689.35,0,67,4,
1670186541.035842,10.10.1.100:59438,329.8,682.774,0,71,21,15
1670186541.038694,10.10.1.100:51434,626.4,692.301,0,67,4,
1670186541.115435,10.10.1.100:59438,329.7,685.265,0,71,22,15
1670186541.118293,10.10.1.100:51434,616.8,694.517,0,67,4,
1670186541.195067,10.10.1.100:59438,329.7,701.673,0,71,22,15
1670186541.198655,10.10.1.100:51434,616.2,705.516,0,67,4,
1670186541.276389,10.10.1.100:59438,311.9,711.465,0,71,22,15
1670186541.279270,10.10.1.100:51434,616.1,711.906,0,67,4,
1670186541.356402,10.10.1.100:59438,358.6,707.681,0,71,22,15
1670186541.359263,10.10.1.100:51434,588.9,720.854,0,67,4,
1670186541.436103,10.10.1.100:59438,335.5,651.557,0,71,22,15
1670186541.438935,10.10.1.100:51434,588.9,720.854,0,67,4,
1670186541.516276,10.10.1.100:59438,362.7,586.011,0,71,23,15
1670186541.519459,10.10.1.100:51434,588.9,720.854,0,67,4,
1670186541.597531,10.10.1.100:59438,356.6,508.762,0,71,23,15
1670186541.600377,10.10.1.100:51434,588.9,673.837,0,67,43,
1670186541.677730,10.10.1.100:59438,412.6,462.017,0,71,23,15
1670186541.680600,10.10.1.100:51434,588.9,628.937,0,67,44,
1670186541.756903,10.10.1.100:59438,539.6,413.403,0,71,23,15
1670186541.759838,10.10.1.100:51434,588.9,592.804,0,67,44,
1670186541.847050,10.10.1.100:59438,601.3,380.833,0,71,23,15
1670186541.852165,10.10.1.100:51434,588.9,592.804,0,67,44,
1670186541.990145,10.10.1.100:59438,744.5,364.608,0,71,24,15
1670186541.994768,10.10.1.100:51434,588.9,560.401,0,67,44,
1670186542.117704,10.10.1.100:59438,758.2,356.577,0,71,24,15
1670186542.120592,10.10.1.100:51434,588.9,494.626,0,67,44,
1670186542.197792,10.10.1.100:59438,666.4,367.221,0,71,24,15
1670186542.200642,10.10.1.100:51434,588.9,476.572,0,67,44,
1670186542.277352,10.10.1.100:59438,610.8,382.056,0,71,24,15
1670186542.280195,10.10.1.100:51434,588.9,474.646,0,67,44,
1670186542.357017,10.10.1.100:59438,564.3,404.806,0,71,25,15
1670186542.359873,10.10.1.100:51434,588.9,475.491,0,67,44,
1670186542.436660,10.10.1.100:59438,515.9,432.903,0,71,25,15
1670186542.439619,10.10.1.100:51434,588.9,484.12,0,67,44,
1670186542.574346,10.10.1.100:59438,523.6,458.682,0,71,25,15
1670186542.579679,10.10.1.100:51434,422.6,494.085,0,67,44,
1670186542.708013,10.10.1.100:59438,500.2,484.763,0,71,25,15
1670186542.712896,10.10.1.100:51434,449.0,519.059,0,67,44,
1670186542.799132,10.10.1.100:59438,468.2,522.476,0,71,25,15
1670186542.801985,10.10.1.100:51434,468.8,533.777,0,67,44,
1670186542.878904,10.10.1.100:59438,458.4,534.364,0,71,25,15
1670186542.881826,10.10.1.100:51434,469.5,551.196,0,67,44,
1670186542.958664,10.10.1.100:59438,468.7,556.56,0,71,26,15
1670186542.961536,10.10.1.100:51434,520.7,566.591,0,67,44,
1670186543.038105,10.10.1.100:59438,451.0,575.279,0,71,26,15
1670186543.041033,10.10.1.100:51434,514.9,576.021,0,67,44,
1670186543.118436,10.10.1.100:59438,441.5,587.396,0,71,26,15
1670186543.121310,10.10.1.100:51434,521.6,594.7,0,67,44,
1670186543.198740,10.10.1.100:59438,433.2,600.265,0,71,26,15
1670186543.201596,10.10.1.100:51434,527.6,618.474,0,67,44,
1670186543.279373,10.10.1.100:59438,434.9,619.481,0,71,26,15
1670186543.282237,10.10.1.100:51434,546.4,632.692,0,67,44,
1670186543.358850,10.10.1.100:59438,426.8,631.966,0,71,26,15
1670186543.361690,10.10.1.100:51434,527.6,639.509,0,67,44,
1670186543.438608,10.10.1.100:59438,419.3,639.306,0,71,26,15
1670186543.441446,10.10.1.100:51434,546.5,652.396,0,67,44,
1670186543.518348,10.10.1.100:59438,419.4,645.711,0,71,26,15
1670186543.521252,10.10.1.100:51434,560.6,670.67,0,67,44,
1670186543.598167,10.10.1.100:59438,412.2,659.055,0,71,26,15
1670186543.601063,10.10.1.100:51434,560.5,676.582,0,67,44,
1670186543.677982,10.10.1.100:59438,398.5,667.515,0,71,26,15
1670186543.680857,10.10.1.100:51434,518.7,691.843,0,67,44,
1670186543.757896,10.10.1.100:59438,401.0,690.821,0,71,27,15
1670186543.760691,10.10.1.100:51434,544.3,707.392,0,67,44,
1670186543.836997,10.10.1.100:59438,401.0,698.349,0,71,27,15
1670186543.839871,10.10.1.100:51434,570.8,726.561,0,67,44,
1670186543.916843,10.10.1.100:59438,401.0,704.936,0,71,27,15
1670186543.919695,10.10.1.100:51434,570.9,735.06,0,67,44,
1670186543.996225,10.10.1.100:59438,394.7,712.198,0,71,27,15
1670186543.999031,10.10.1.100:51434,573.9,743.615,0,67,44,
1670186544.075776,10.10.1.100:59438,368.0,732.536,0,71,27,15
1670186544.078654,10.10.1.100:51434,574.1,752.883,0,67,44,
1670186544.155751,10.10.1.100:59438,382.5,739.392,0,71,27,15
1670186544.158571,10.10.1.100:51434,585.3,763.837,0,67,44,
1670186544.234912,10.10.1.100:59438,371.4,754.887,0,71,27,15
1670186544.237762,10.10.1.100:51434,585.4,776.021,0,67,44,
1670186544.315311,10.10.1.100:59438,360.3,765.004,0,71,27,15
1670186544.318196,10.10.1.100:51434,595.9,789.168,0,67,44,
1670186544.395112,10.10.1.100:59438,360.3,765.004,0,71,27,15
1670186544.397940,10.10.1.100:51434,604.8,809.362,0,67,44,
1670186544.474223,10.10.1.100:59438,351.6,791.954,1,72,25,13
1670186544.477041,10.10.1.100:51434,604.8,814.265,0,67,44,
1670186544.553817,10.10.1.100:59438,351.7,799.137,1,72,23,13
1670186544.556650,10.10.1.100:51434,601.3,821.498,0,67,44,
1670186544.633898,10.10.1.100:59438,360.4,809.883,1,72,22,13
1670186544.636728,10.10.1.100:51434,590.6,826.867,0,67,44,
1670186544.713787,10.10.1.100:59438,371.1,808.966,1,72,21,13
1670186544.716670,10.10.1.100:51434,590.7,828.671,0,67,44,
1670186544.794336,10.10.1.100:59438,371.1,808.246,1,72,20,13
1670186544.797241,10.10.1.100:51434,590.8,827.889,0,67,44,
1670186544.874430,10.10.1.100:59438,368.0,807.248,1,72,18,13
1670186544.877356,10.10.1.100:51434,599.5,827.831,0,67,44,
1670186544.954246,10.10.1.100:59438,365.7,809.746,1,72,17,13
1670186544.957103,10.10.1.100:51434,590.7,828.169,0,67,44,
1670186545.033775,10.10.1.100:59438,365.7,811.647,1,72,16,13
1670186545.035963,10.10.1.100:51434,590.7,829.36,0,67,44,
1670186545.124889,10.10.1.100:59438,365.6,813.159,1,72,15,13
1670186545.128219,10.10.1.100:51434,578.4,830.774,0,67,44,
1670186545.209255,10.10.1.100:59438,360.3,814.242,1,72,14,13
1670186545.212259,10.10.1.100:51434,585.3,831.009,0,67,44,
1670186545.291012,10.10.1.100:59438,365.7,813.613,0,72,13,13
1670186545.293917,10.10.1.100:51434,601.2,833.339,0,67,44,
1670186545.370885,10.10.1.100:59438,341.8,819.392,0,72,13,13
1670186545.373833,10.10.1.100:51434,605.3,832.35,0,67,44,
1670186545.450688,10.10.1.100:59438,305.0,822.941,0,72,13,13
1670186545.453631,10.10.1.100:51434,620.3,825.941,0,67,44,
1670186545.558173,10.10.1.100:59438,285.5,824.491,0,72,13,13
1670186545.563377,10.10.1.100:51434,613.1,810.344,0,67,44,
1670186545.700151,10.10.1.100:59438,257.0,824.393,0,72,13,13
1670186545.705380,10.10.1.100:51434,611.6,788.442,0,67,44,
1670186545.798829,10.10.1.100:59438,228.4,819.757,0,72,13,13
1670186545.802568,10.10.1.100:51434,605.8,758.97,0,67,44,
1670186545.947583,10.10.1.100:59438,228.4,819.757,0,72,13,13
1670186545.952666,10.10.1.100:51434,601.9,740.182,0,67,44,
1670186546.075346,10.10.1.100:59438,171.3,806.274,0,72,14,13
1670186546.079680,10.10.1.100:51434,612.3,714.238,0,67,44,
1670186546.168633,10.10.1.100:59438,197.4,775.823,0,72,14,13
1670186546.171482,10.10.1.100:51434,643.1,703.895,0,67,44,
1670186546.263744,10.10.1.100:59438,197.4,775.823,0,72,14,13
1670186546.269509,10.10.1.100:51434,631.3,694.057,0,67,44,
1670186546.271948,10.10.1.100:51432,8400.0,5.779,,,10,
1670186546.402493,10.10.1.100:59438,203.8,760.603,0,72,14,13
1670186546.407559,10.10.1.100:51434,634.9,677.498,0,67,44,
1670186546.409996,10.10.1.100:51432,8400.0,5.779,,,10,
1670186546.545215,10.10.1.100:59438,210.7,745.8,0,72,14,13
1670186546.550420,10.10.1.100:51434,657.8,665.401,0,67,44,
1670186546.552830,10.10.1.100:51432,8400.0,5.779,0,1,10,
1670186546.658134,10.10.1.100:59438,232.4,728.488,0,72,15,13
1670186546.661132,10.10.1.100:51434,691.3,662.827,0,67,46,
1670186546.662517,10.10.1.100:51432,8400.0,1,1,2,1,7
1670186546.741719,10.10.1.100:59438,243.4,720.71,0,72,15,13
1670186546.744581,10.10.1.100:51434,725.0,667.296,0,67,50,
1670186546.745953,10.10.1.100:51432,8400.0,1,1,2,1,7
1670186546.824230,10.10.1.100:59438,239.0,715.421,0,72,15,13
1670186546.827115,10.10.1.100:51434,704.8,671.623,0,67,50,
1670186546.828552,10.10.1.100:51432,8400.0,1,1,2,1,7
1670186546.906231,10.10.1.100:59438,224.2,712.841,0,72,15,13
1670186546.909149,10.10.1.100:51432,8400.0,90.057,0,2,10,
1670186546.985230,10.10.1.100:59438,247.9,704.047,0,72,15,13
1670186546.988090,10.10.1.100:51432,8400.0,90.057,0,2,10,
1670186547.064429,10.10.1.100:59438,252.5,691.878,0,72,15,13
1670186547.067266,10.10.1.100:51432,8400.0,90.057,0,2,10,
1670186547.143487,10.10.1.100:59438,252.4,678.117,0,72,15,13
1670186547.146401,10.10.1.100:51432,8400.0,90.057,0,2,10,
1670186547.222219,10.10.1.100:59438,249.0,668.245,0,72,16,13
1670186547.225194,10.10.1.100:51432,8400.0,90.057,0,2,10,
1670186547.301842,10.10.1.100:59438,260.8,660.615,0,72,16,13
1670186547.304612,10.10.1.100:51432,8400.0,90.057,0,2,10,
1670186547.380615,10.10.1.100:59438,256.1,653.916,0,72,16,13
1670186547.383458,10.10.1.100:51432,8400.0,90.057,0,2,10,
1670186547.459772,10.10.1.100:59438,260.8,648.029,0,72,16,13
1670186547.462771,10.10.1.100:51432,8400.0,90.057,0,2,10,
1670186547.541047,10.10.1.100:59438,278.7,622.16,0,72,16,13
1670186547.543944,10.10.1.100:51432,8400.0,155.898,0,2,10,
1670186547.619563,10.10.1.100:59438,305.2,544.247,0,72,17,13
1670186547.698072,10.10.1.100:59438,331.5,440.616,0,72,17,13
1670186547.783214,10.10.1.100:59438,507.1,360.032,0,72,17,13
1670186547.878618,10.10.1.100:59438,833.4,299.928,0,72,18,13
1670186547.962211,10.10.1.100:59438,944.4,266.338,0,72,18,13
1670186548.043245,10.10.1.100:59438,952.4,250.982,0,72,19,13
1670186548.120853,10.10.1.100:59438,950.3,240.596,0,72,19,13
1670186548.198077,10.10.1.100:59438,949.6,231.862,0,72,19,13
1670186548.276190,10.10.1.100:59438,949.4,230.491,0,72,20,13
1670186548.352926,10.10.1.100:59438,950.8,234.572,0,72,20,13
1670186548.430280,10.10.1.100:59438,949.6,237.25,0,72,20,13
1670186548.506899,10.10.1.100:59438,957.3,238.911,0,72,21,13
1670186548.583126,10.10.1.100:59438,956.3,239.984,0,72,21,13
1670186548.660429,10.10.1.100:59438,956.0,240.934,0,72,21,13
1670186548.736840,10.10.1.100:59438,955.6,241.465,0,72,21,13
1670186548.813689,10.10.1.100:59438,956.3,249.741,0,72,22,13
1670186548.890567,10.10.1.100:59438,956.5,255.253,0,72,22,13
1670186548.968432,10.10.1.100:59438,954.0,258.946,0,72,22,13
1670186549.045434,10.10.1.100:59438,956.6,261.364,0,72,23,13
1670186549.131352,10.10.1.100:59438,956.7,263.446,0,72,23,13
1670186549.265302,10.10.1.100:59438,955.0,264.739,0,72,23,13
1670186549.380333,10.10.1.100:59438,955.3,271.352,0,72,24,13
1670186549.457083,10.10.1.100:59438,956.3,279.422,0,72,24,13
1670186549.533533,10.10.1.100:59438,955.5,284.037,0,72,24,13
1670186549.610401,10.10.1.100:59438,957.3,286.16,0,72,25,13
1670186549.686982,10.10.1.100:59438,956.9,287.58,0,72,25,13
1670186549.763752,10.10.1.100:59438,957.1,288.569,0,72,25,13
1670186549.841810,10.10.1.100:59438,956.8,289.255,0,72,25,13
1670186549.919032,10.10.1.100:59438,955.5,295.551,0,72,26,13
1670186549.996129,10.10.1.100:59438,956.7,301.931,0,72,26,13
1670186550.072400,10.10.1.100:59438,956.4,306.215,0,72,26,13
1670186550.202214,10.10.1.100:59438,956.3,309.065,0,72,26,13
1670186550.330965,10.10.1.100:59438,955.6,312.403,0,72,27,13
1670186550.419810,10.10.1.100:59438,955.5,313.744,0,72,27,13
1670186550.421295,10.10.1.100:59436,66.2,527.635,,,10,
1670186550.495914,10.10.1.100:59438,956.6,314.16,0,72,27,13
1670186550.497513,10.10.1.100:59436,66.2,527.635,,,10,
1670186550.574707,10.10.1.100:59438,956.4,317.393,0,72,28,13
1670186550.576238,10.10.1.100:59436,66.2,527.635,,,10,
1670186550.652602,10.10.1.100:59436,66.2,502.279,,,10,
1670186550.727354,10.10.1.100:59436,66.2,502.279,,,10,
1670186550.802165,10.10.1.100:59436,66.2,502.279,,,10,
1670186550.929342,10.10.1.100:59436,66.2,502.279,,,10,
