1670182007.574236,10.10.1.100:59404,23200.0,2.474,,,13,
1670182007.710174,10.10.1.100:59404,955.7,86.314,,,25,
1670182007.805854,10.10.1.100:59404,956.5,156.013,,,36,
1670182007.881893,10.10.1.100:59404,957.3,208.137,,,43,
1670182007.957488,10.10.1.100:59404,957.3,235.66,,,49,
1670182008.033788,10.10.1.100:59404,957.3,264.738,,,55,
1670182008.109255,10.10.1.100:59404,957.5,311.17,,,62,
1670182008.193211,10.10.1.100:59404,957.5,356.261,,,68,
1670182008.328603,10.10.1.100:59404,957.5,411.559,,,76,
1670182008.427445,10.10.1.100:59404,957.5,479.02,,,87,
1670182008.503375,10.10.1.100:59404,957.5,520.237,,,94,
1670182008.579633,10.10.1.100:59404,956.6,542.069,,,100,
1670182008.683607,10.10.1.100:59404,956.6,569.979,,,106,
1670182008.822006,10.10.1.100:59404,956.0,650.058,,,117,
1670182008.953712,10.10.1.100:59404,956.3,727.172,,,128,
1670182009.090675,10.10.1.100:59404,956.3,795.587,,,139,
1670182009.185039,10.10.1.100:59404,956.4,826.46,6,6,123,69
1670182009.261466,10.10.1.100:59404,956.4,832.004,9,9,112,69
1670182009.339221,10.10.1.100:59404,956.5,833.959,12,12,103,69
1670182009.474511,10.10.1.100:59404,955.9,831.522,16,16,92,69
1670182009.602995,10.10.1.100:59404,956.1,833.326,22,22,75,69
1670182009.690440,10.10.1.100:59404,956.5,835.054,30,30,63,69
1670182009.766994,10.10.1.100:59404,956.9,835.266,37,37,56,69
1670182009.843996,10.10.1.100:59404,956.3,835.383,43,43,50,69
1670182009.919948,10.10.1.100:59404,928.6,831.128,67,70,69,69
1670182010.028175,10.10.1.100:59404,832.0,785.913,60,70,69,69
1670182010.165206,10.10.1.100:59404,692.8,683.55,50,70,69,69
1670182010.281461,10.10.1.100:59404,637.8,588.89,39,70,69,69
1670182010.357478,10.10.1.100:59404,637.8,567.958,31,70,69,69
1670182010.433883,10.10.1.100:59404,637.7,561.359,24,70,69,69
1670182010.511919,10.10.1.100:59404,706.6,578.293,18,70,69,69
1670182010.632432,10.10.1.100:59404,789.5,625.562,12,70,69,69
1670182010.820192,10.10.1.100:59404,954.9,754.183,0,70,69,69
1670182010.922752,10.10.1.100:59404,956.5,824.674,0,70,69,69
1670182011.000196,10.10.1.100:59404,956.6,831.33,0,70,69,69
1670182011.095994,10.10.1.100:59404,956.6,833.871,0,70,69,69
1670182011.234693,10.10.1.100:59404,956.3,835.146,0,70,69,69
1670182011.321955,10.10.1.100:59404,956.3,835.783,0,70,69,69
1670182011.400063,10.10.1.100:59404,956.3,835.852,0,70,69,69
1670182011.478154,10.10.1.100:59404,956.9,835.618,0,70,69,69
1670182011.555977,10.10.1.100:59404,956.5,835.566,0,70,70,69
1670182011.632386,10.10.1.100:59404,956.3,835.618,0,70,70,69
1670182011.725975,10.10.1.100:59404,955.6,838.585,0,70,70,69
1670182011.727321,10.10.1.100:51406,0,836.804,,,10,
1670182011.807107,10.10.1.100:59404,955.8,841.868,0,70,70,69
1670182011.808570,10.10.1.100:51406,0,836.804,,,10,
1670182011.888431,10.10.1.100:59404,955.5,844.101,0,70,70,69
1670182011.889831,10.10.1.100:51406,0,836.804,,,10,
1670182011.966046,10.10.1.100:59404,955.7,846.042,0,70,70,69
1670182011.967385,10.10.1.100:51406,0,836.804,,,10,
1670182012.044033,10.10.1.100:59404,955.9,846.848,0,70,70,69
1670182012.045427,10.10.1.100:51406,0,836.804,,,10,
1670182012.121456,10.10.1.100:59404,956.0,847.296,0,70,70,69
1670182012.122869,10.10.1.100:51406,0,836.804,,,10,
1670182012.198795,10.10.1.100:59404,955.6,847.677,0,70,70,69
1670182012.200143,10.10.1.100:51406,0,836.804,,,10,
1670182012.276001,10.10.1.100:59404,955.5,848.027,0,70,70,69
1670182012.277406,10.10.1.100:51406,0,836.804,,,10,
1670182012.359425,10.10.1.100:59404,955.7,848.17,0,70,70,69
1670182012.361890,10.10.1.100:51406,0,836.804,,,10,
1670182012.496549,10.10.1.100:59404,955.6,843.366,1,71,68,35
1670182012.498940,10.10.1.100:51406,0,836.804,,,10,
1670182012.625549,10.10.1.100:59404,954.7,835.196,1,71,63,35
1670182012.627928,10.10.1.100:51406,13.8,836.761,,,10,
1670182012.761077,10.10.1.100:59404,941.4,831.452,1,71,57,35
1670182012.762404,10.10.1.100:51406,13.8,836.761,,,10,
1670182012.838251,10.10.1.100:59404,941.9,830.735,1,71,52,35
1670182012.839664,10.10.1.100:51406,13.8,836.761,,,10,
1670182012.915857,10.10.1.100:59404,942.0,830.67,1,71,49,35
1670182012.917240,10.10.1.100:51406,13.8,836.761,,,10,
1670182012.992948,10.10.1.100:59404,955.0,831.367,1,71,46,35
1670182012.994274,10.10.1.100:51406,13.8,836.761,,,10,
1670182013.110291,10.10.1.100:59404,955.4,831.186,1,71,43,35
1670182013.112628,10.10.1.100:51406,13.8,836.761,,,10,
1670182013.248027,10.10.1.100:59404,954.7,831.455,1,71,37,35
1670182013.250461,10.10.1.100:51406,13.8,836.761,,,10,
1670182013.329206,10.10.1.100:59404,871.8,809.002,1,72,35,35
1670182013.330522,10.10.1.100:51406,13.8,836.761,,,10,
1670182013.406324,10.10.1.100:59404,775.1,748.617,1,72,35,35
1670182013.407636,10.10.1.100:51406,14.2,834.476,,,10,
1670182013.483915,10.10.1.100:59404,691.9,684.675,1,72,35,35
1670182013.485281,10.10.1.100:51406,14.2,834.476,,,10,
1670182013.561740,10.10.1.100:59404,595.3,604.277,1,72,35,35
1670182013.563066,10.10.1.100:51406,14.2,834.476,,,10,
1670182013.639104,10.10.1.100:59404,511.9,533.02,1,72,35,35
1670182013.640449,10.10.1.100:51406,14.2,834.476,,,10,
1670182013.715715,10.10.1.100:59404,506.2,491.016,0,72,35,35
1670182013.717078,10.10.1.100:51406,14.2,834.476,,,10,
1670182013.828118,10.10.1.100:59404,557.0,473.011,0,72,35,35
1670182013.961064,10.10.1.100:59404,667.9,455.739,0,72,35,35
1670182014.056958,10.10.1.100:59404,878.7,445.739,0,72,35,35
1670182014.137023,10.10.1.100:59404,926.4,442.934,0,72,36,35
1670182014.272488,10.10.1.100:59404,929.4,441.054,0,72,36,35
1670182014.423259,10.10.1.100:51408,0,424.826,,,10,
1670182014.425184,10.10.1.100:59404,925.7,438.567,0,72,36,35
1670182014.663391,10.10.1.100:51408,0,424.826,,,10,
1670182014.665915,10.10.1.100:59404,953.4,437.677,0,72,37,35
1670182014.821089,10.10.1.100:59404,953.5,437.617,0,72,37,35
1670182014.975417,10.10.1.100:59404,953.4,437.446,0,72,37,35
1670182015.110018,10.10.1.100:59404,953.1,448.999,0,72,38,35
1670182015.246828,10.10.1.100:51408,27.2,424.935,,,10,
1670182015.249215,10.10.1.100:59404,953.5,454.893,0,72,38,35
1670182015.329786,10.10.1.100:51408,27.2,424.935,,,10,
1670182015.331121,10.10.1.100:59404,954.1,457.915,0,72,38,35
1670182015.409209,10.10.1.100:51408,27.2,424.935,,,10,
1670182015.410532,10.10.1.100:59404,954.2,459.152,0,72,38,35
1670182015.488015,10.10.1.100:51408,27.2,424.935,,,10,
1670182015.489390,10.10.1.100:59404,955.0,459.734,0,72,39,35
1670182015.567614,10.10.1.100:51408,27.2,430.873,,,11,
1670182015.568981,10.10.1.100:59404,955.2,460.115,0,72,39,35
1670182015.647408,10.10.1.100:51408,148.7,479.589,,,17,
1670182015.648730,10.10.1.100:59404,955.2,460.115,0,72,39,35
1670182015.728881,10.10.1.100:51408,199.2,509.41,,,20,
1670182015.731703,10.10.1.100:59404,756.8,488.605,0,72,39,35
1670182015.871653,10.10.1.100:51408,199.2,509.41,,,20,
1670182015.874055,10.10.1.100:59404,756.9,527.097,0,72,39,35
1670182016.001263,10.10.1.100:51408,199.2,509.41,,,20,
1670182016.003411,10.10.1.100:59404,756.5,557.305,0,72,39,35
1670182016.110415,10.10.1.100:51408,199.2,509.41,,,20,
1670182016.112825,10.10.1.100:59404,756.6,573.129,0,72,40,35
1670182016.252883,10.10.1.100:51408,225.0,558.337,,,24,24
1670182016.255567,10.10.1.100:59404,710.1,590.586,0,72,40,35
1670182016.387584,10.10.1.100:51408,301.9,640.095,,,24,24
1670182016.389009,10.10.1.100:59404,710.1,590.586,0,72,40,35
1670182016.484024,10.10.1.100:51408,324.1,662.29,,,24,24
1670182016.486451,10.10.1.100:59404,632.0,631.594,0,72,40,35
1670182016.625408,10.10.1.100:51408,324.1,662.29,,,24,24
1670182016.627764,10.10.1.100:59404,632.3,665.992,0,72,40,35
1670182016.933333,10.10.1.100:51408,334.7,676.061,,,24,24
1670182016.935793,10.10.1.100:59404,632.5,716.753,0,72,41,35
1670182017.044796,10.10.1.100:51408,358.7,743.648,,,25,24
1670182017.046160,10.10.1.100:59404,579.1,733.019,0,72,41,35
1670182017.124931,10.10.1.100:51408,358.8,762.063,,,25,24
1670182017.126269,10.10.1.100:59404,579.1,733.019,0,72,41,35
1670182017.204307,10.10.1.100:51408,358.8,767.411,,,26,24
1670182017.205761,10.10.1.100:59404,598.1,738.234,0,72,41,35
1670182017.283800,10.10.1.100:51408,358.8,767.411,,,26,24
1670182017.285210,10.10.1.100:59404,597.7,753.489,0,72,41,35
1670182017.362591,10.10.1.100:51408,358.8,767.411,,,26,24
1670182017.363933,10.10.1.100:59404,597.7,760.669,0,72,41,35
1670182017.446325,10.10.1.100:51408,358.8,767.411,,,26,24
1670182017.449496,10.10.1.100:59404,597.9,765.452,0,72,41,35
1670182017.589041,10.10.1.100:51408,358.8,767.411,,,26,24
1670182017.591367,10.10.1.100:59404,597.8,769.42,0,72,42,35
1670182017.730494,10.10.1.100:51408,358.8,769.234,,,26,24
1670182017.732895,10.10.1.100:59404,573.6,787.548,0,72,42,35
1670182017.871601,10.10.1.100:51408,362.4,790.547,,,26,24
1670182017.874112,10.10.1.100:59404,568.2,797.131,0,72,42,35
1670182017.954766,10.10.1.100:51408,362.3,800.823,,,27,24
1670182017.957089,10.10.1.100:59404,568.2,797.131,0,72,42,35
1670182018.089725,10.10.1.100:51408,371.2,802.154,,,27,24
1670182018.092088,10.10.1.100:59404,585.1,800.543,0,72,42,35
1670182018.229922,10.10.1.100:51408,371.2,802.154,,,27,24
1670182018.232455,10.10.1.100:59404,585.3,806.622,0,72,42,35
1670182018.370235,10.10.1.100:51408,371.2,802.154,,,27,24
1670182018.372616,10.10.1.100:59404,585.2,809.306,0,72,42,35
1670182018.453568,10.10.1.100:51408,371.2,802.154,,,27,24
1670182018.454895,10.10.1.100:59404,585.3,820.4,0,72,43,35
1670182018.532695,10.10.1.100:51408,371.3,806.329,,,28,24
1670182018.534070,10.10.1.100:59404,587.6,825.299,0,72,43,35
1670182018.613070,10.10.1.100:51408,365.9,810.317,,,29,24
1670182018.614394,10.10.1.100:59404,565.7,829.634,0,72,43,35
1670182018.692077,10.10.1.100:51408,365.9,813.458,,,30,24
1670182018.693446,10.10.1.100:59404,573.9,831.902,0,72,43,35
1670182018.771807,10.10.1.100:51408,365.8,819.68,,,31,24
1670182018.773185,10.10.1.100:59404,573.9,831.902,0,72,43,35
1670182018.881632,10.10.1.100:51408,356.5,832.594,,,31,24
1670182018.883642,10.10.1.100:59404,582.4,832.345,0,72,43,35
1670182019.001237,10.10.1.100:51408,356.5,832.594,,,31,24
1670182019.003257,10.10.1.100:59404,582.1,833.969,0,72,43,35
1670182019.082506,10.10.1.100:51408,356.5,832.594,,,31,24
1670182019.083908,10.10.1.100:59404,582.1,834.837,0,72,43,35
1670182019.164684,10.10.1.100:51408,356.5,832.594,,,31,24
1670182019.166075,10.10.1.100:59404,582.3,835.131,0,72,43,35
1670182019.245018,10.10.1.100:51408,356.5,832.594,,,31,24
1670182019.246368,10.10.1.100:59404,576.8,832.714,1,73,42,22
1670182019.325334,10.10.1.100:51408,379.7,831.496,,,32,24
1670182019.326698,10.10.1.100:59404,568.2,832.748,1,73,40,22
1670182019.405074,10.10.1.100:51408,401.8,837.85,,,35,24
1670182019.406420,10.10.1.100:59404,568.2,832.748,1,73,40,22
1670182019.508374,10.10.1.100:51408,393.8,833.924,1,1,34,24
1670182019.511119,10.10.1.100:59404,552.3,832.658,1,73,38,22
1670182019.651701,10.10.1.100:51408,379.5,831.161,3,3,29,24
1670182019.654158,10.10.1.100:59404,560.2,832.181,2,74,38,22
1670182019.776841,10.10.1.100:51408,369.7,829.847,3,3,28,24
1670182019.778179,10.10.1.100:59404,568.1,829.616,2,74,34,22
1670182019.856009,10.10.1.100:51408,369.7,829.847,3,3,28,24
1670182019.857458,10.10.1.100:59404,554.3,828.957,2,74,29,22
1670182019.935252,10.10.1.100:51408,369.7,829.847,3,3,28,24
1670182019.936585,10.10.1.100:59404,554.4,828.941,2,74,26,22
1670182020.014895,10.10.1.100:51408,369.7,829.847,3,3,28,24
1670182020.016276,10.10.1.100:59404,567.9,829.584,2,74,22,22
1670182020.094091,10.10.1.100:51408,379.7,824.496,3,3,27,24
1670182020.095429,10.10.1.100:59404,548.7,827.229,2,75,22,22
1670182020.173461,10.10.1.100:51408,407.8,816.748,3,3,26,24
1670182020.174805,10.10.1.100:59404,526.6,823.753,2,75,22,22
1670182020.253146,10.10.1.100:51408,421.8,822.497,4,4,23,24
1670182020.254481,10.10.1.100:59404,526.6,823.753,2,75,22,22
1670182020.333767,10.10.1.100:51408,429.7,823.09,3,4,24,24
1670182020.335113,10.10.1.100:59404,517.1,823.659,1,75,22,22
1670182020.414252,10.10.1.100:51408,374.0,804.516,1,4,24,24
1670182020.415701,10.10.1.100:59404,517.1,823.659,1,75,22,22
1670182020.517958,10.10.1.100:51408,382.2,799.34,1,4,24,24
1670182020.519833,10.10.1.100:59404,443.6,780.738,1,75,22,22
1670182020.630785,10.10.1.100:51408,382.2,799.34,1,4,24,24
1670182020.632094,10.10.1.100:59404,295.4,671.999,1,75,22,22
1670182020.710165,10.10.1.100:51408,371.3,748.285,1,4,24,24
1670182020.711499,10.10.1.100:59404,318.8,643.259,0,75,22,22
1670182020.789764,10.10.1.100:51408,318.9,630.214,1,4,24,24
1670182020.791328,10.10.1.100:59404,318.8,643.259,0,75,22,22
1670182020.868700,10.10.1.100:51408,337.5,604.931,0,4,25,24
1670182020.870133,10.10.1.100:59404,318.8,643.259,0,75,22,22
1670182020.948708,10.10.1.100:51408,353.1,583.496,0,4,26,24
1670182020.950104,10.10.1.100:59404,309.5,637.826,0,75,22,22
1670182021.027664,10.10.1.100:51408,364.3,574.821,0,4,26,24
1670182021.029040,10.10.1.100:59404,350.7,623.077,0,75,22,22
1670182021.106524,10.10.1.100:51408,364.3,574.821,0,4,26,24
1670182021.107868,10.10.1.100:59404,389.6,605.322,0,75,22,22
1670182021.185508,10.10.1.100:51408,364.3,574.821,0,4,26,24
1670182021.186861,10.10.1.100:59404,438.2,593.404,0,75,23,22
1670182021.282043,10.10.1.100:51408,478.1,567.838,0,4,27,24
1670182021.284438,10.10.1.100:59404,418.7,590.763,0,75,23,22
1670182021.421834,10.10.1.100:51408,498.8,558.663,0,4,29,24
1670182021.424009,10.10.1.100:59404,424.4,591.977,0,75,23,22
1670182021.533320,10.10.1.100:51408,517.7,561.971,0,4,30,24
1670182021.534654,10.10.1.100:59404,424.4,591.977,0,75,23,22
1670182021.612383,10.10.1.100:51408,528.7,568.549,0,4,30,24
1670182021.613792,10.10.1.100:59404,438.1,591.818,0,75,23,22
1670182021.691969,10.10.1.100:51408,528.7,568.549,0,4,30,24
1670182021.693382,10.10.1.100:59404,438.3,588.391,0,75,23,22
1670182021.770932,10.10.1.100:51408,528.7,568.549,0,4,30,24
1670182021.772334,10.10.1.100:59404,438.4,586.063,0,75,23,22
1670182021.849351,10.10.1.100:51408,526.8,575.656,0,4,31,24
1670182021.850700,10.10.1.100:59404,419.3,594.381,0,75,24,22
1670182021.929240,10.10.1.100:51408,525.2,588.697,0,4,31,24
1670182021.930589,10.10.1.100:59404,439.8,595.811,0,75,24,22
1670182022.009008,10.10.1.100:51408,533.4,607.797,0,4,32,24
1670182022.010380,10.10.1.100:59404,408.6,602.838,0,75,24,22
1670182022.088611,10.10.1.100:51408,533.5,619.904,0,4,33,24
1670182022.090014,10.10.1.100:59404,408.6,602.838,0,75,24,22
1670182022.167084,10.10.1.100:51408,551.8,628.558,0,4,33,24
1670182022.168428,10.10.1.100:59404,408.6,602.838,0,75,24,22
1670182022.286768,10.10.1.100:51408,541.8,631.617,0,4,33,24
1670182022.289176,10.10.1.100:59404,404.8,616.953,0,75,24,22
1670182022.406519,10.10.1.100:51408,541.8,631.617,0,4,33,24
1670182022.407906,10.10.1.100:59404,404.4,637.448,0,75,24,22
1670182022.485585,10.10.1.100:51408,549.2,639.858,0,4,33,24
1670182022.487002,10.10.1.100:59404,425.1,641.377,0,75,25,22
1670182022.565687,10.10.1.100:51408,539.1,648.52,0,4,34,24
1670182022.567028,10.10.1.100:59404,391.6,653.364,0,75,25,22
1670182022.645461,10.10.1.100:51408,546.6,656.748,0,4,34,24
1670182022.646817,10.10.1.100:59404,391.6,653.364,0,75,25,22
1670182022.724195,10.10.1.100:51408,546.7,668.619,0,4,34,24
1670182022.725643,10.10.1.100:59404,388.2,661.208,0,75,25,22
1670182022.821602,10.10.1.100:51408,553.7,677.362,0,4,34,24
1670182022.824823,10.10.1.100:59404,388.2,661.208,0,75,25,22
1670182022.964059,10.10.1.100:51408,563.5,686.269,0,4,34,24
1670182022.966792,10.10.1.100:59404,402.5,664.89,0,75,25,22
1670182023.105398,10.10.1.100:51408,563.5,686.269,0,4,34,24
1670182023.107744,10.10.1.100:59404,402.7,678.892,0,75,25,22
1670182023.245293,10.10.1.100:51408,544.2,692.939,0,4,34,24
1670182023.247651,10.10.1.100:59404,389.1,690.319,0,75,26,22
1670182023.329007,10.10.1.100:51408,551.3,703.691,0,4,35,24
1670182023.330347,10.10.1.100:59404,387.4,698.794,0,75,26,22
1670182023.408320,10.10.1.100:51408,551.2,709.95,0,4,35,24
1670182023.409748,10.10.1.100:59404,387.4,698.794,0,75,26,22
1670182023.487133,10.10.1.100:51408,551.2,712.662,0,4,35,24
1670182023.488470,10.10.1.100:59404,385.1,705.434,0,75,26,22
1670182023.566628,10.10.1.100:51408,551.1,713.324,0,4,35,24
1670182023.567968,10.10.1.100:59404,385.1,705.434,0,75,26,22
1670182023.645979,10.10.1.100:51408,551.0,713.677,0,4,35,24
1670182023.647354,10.10.1.100:59404,405.2,707.619,0,75,26,22
1670182023.725861,10.10.1.100:51408,551.0,713.677,0,4,35,24
1670182023.727251,10.10.1.100:59404,405.2,709.933,0,75,26,22
1670182023.804926,10.10.1.100:51408,551.0,713.677,0,4,35,24
1670182023.806292,10.10.1.100:59404,405.3,711.458,0,75,26,22
1670182023.884192,10.10.1.100:51408,551.5,713.739,0,4,35,24
1670182023.885594,10.10.1.100:59404,405.3,712.196,0,75,26,22
1670182024.000042,10.10.1.100:51408,542.0,716.787,0,4,35,24
1670182024.002194,10.10.1.100:59404,414.5,719.531,0,75,27,22
1670182024.136070,10.10.1.100:51408,541.9,731.728,0,4,35,24
1670182024.137436,10.10.1.100:59404,394.2,725.098,0,75,27,22
1670182024.216017,10.10.1.100:51408,542.2,739.613,0,4,35,24
1670182024.218560,10.10.1.100:59404,396.2,729.478,0,75,27,22
1670182024.357412,10.10.1.100:51408,542.1,744.21,0,4,35,24
1670182024.359759,10.10.1.100:59404,396.2,729.478,0,75,27,22
1670182024.489406,10.10.1.100:51408,518.8,749.588,0,4,35,24
1670182024.491592,10.10.1.100:59404,407.7,734.013,0,75,27,22
1670182024.575096,10.10.1.100:51408,518.8,749.588,0,4,35,24
1670182024.576438,10.10.1.100:59404,407.7,736.048,0,75,27,22
1670182024.654758,10.10.1.100:51408,557.9,746.735,0,4,35,24
1670182024.656087,10.10.1.100:59404,407.6,736.723,0,75,28,22
1670182024.733761,10.10.1.100:51408,539.8,747.738,0,4,35,24
1670182024.735148,10.10.1.100:59404,393.8,749.447,0,75,28,22
1670182024.812451,10.10.1.100:51408,548.9,746.163,0,4,36,24
1670182024.813875,10.10.1.100:59404,393.8,749.447,0,75,28,22
1670182024.891177,10.10.1.100:51408,548.9,746.218,0,4,36,24
1670182024.892541,10.10.1.100:59404,396.9,754.267,0,75,28,22
1670182024.969756,10.10.1.100:51408,539.8,746.001,0,4,36,24
1670182024.971145,10.10.1.100:59404,397.0,758.469,0,75,28,22
1670182025.048892,10.10.1.100:51408,539.9,748.104,0,4,36,24
1670182025.050246,10.10.1.100:59404,397.0,758.469,0,75,28,22
1670182025.127732,10.10.1.100:51408,539.9,748.453,0,4,36,24
1670182025.129114,10.10.1.100:59404,423.4,755.997,0,75,28,22
1670182025.206499,10.10.1.100:51408,512.0,753.887,0,4,36,24
1670182025.207865,10.10.1.100:59404,416.5,753.884,0,75,28,22
1670182025.293246,10.10.1.100:51408,512.0,753.887,0,4,36,24
1670182025.295664,10.10.1.100:59404,416.6,752.875,0,75,28,22
1670182025.429856,10.10.1.100:51408,539.9,753.512,0,4,37,24
1670182025.432247,10.10.1.100:59404,416.5,752.236,0,75,28,22
1670182025.571487,10.10.1.100:51408,531.3,755.277,0,4,37,24
1670182025.574079,10.10.1.100:59404,408.3,763.256,0,75,29,22
1670182025.713388,10.10.1.100:51408,531.2,770.85,0,4,38,24
1670182025.715784,10.10.1.100:59404,405.5,767.841,0,75,29,22
1670182025.845853,10.10.1.100:51408,531.4,778.95,0,4,38,24
1670182025.848013,10.10.1.100:59404,405.4,771.881,0,75,29,22
1670182025.939465,10.10.1.100:51408,511.1,785.309,0,4,39,24
1670182025.940878,10.10.1.100:59404,425.0,770.145,0,75,29,22
1670182026.018645,10.10.1.100:51408,491.8,793.142,0,4,39,24
1670182026.019985,10.10.1.100:59404,418.5,771.787,0,75,29,22
1670182026.097667,10.10.1.100:51408,491.8,793.142,0,4,39,24
1670182026.099008,10.10.1.100:59404,418.3,772.956,0,75,29,22
1670182026.176428,10.10.1.100:51408,546.6,794.959,0,4,39,24
1670182026.177792,10.10.1.100:59404,412.1,774.97,0,75,29,22
1670182026.256062,10.10.1.100:51408,538.1,798.525,0,4,40,24
1670182026.257470,10.10.1.100:59404,411.9,776.532,0,75,30,22
1670182026.341401,10.10.1.100:51408,529.9,803.903,0,4,40,24
1670182026.344158,10.10.1.100:59404,399.9,790.883,0,75,30,22
1670182026.487986,10.10.1.100:51408,550.5,805.512,0,4,41,24
1670182026.490802,10.10.1.100:59404,399.9,790.883,0,75,30,22
1670182026.621245,10.10.1.100:51408,550.7,804.685,0,4,43,24
1670182026.623561,10.10.1.100:59404,396.1,798.037,0,75,30,22
1670182026.706246,10.10.1.100:51408,553.7,806.92,0,4,44,24
1670182026.707698,10.10.1.100:59404,420.3,803.647,0,75,30,22
1670182026.785405,10.10.1.100:51408,553.7,806.92,0,4,44,24
1670182026.786835,10.10.1.100:59404,414.1,808.705,0,75,30,22
1670182026.865140,10.10.1.100:51408,553.7,806.92,0,4,44,24
1670182026.866586,10.10.1.100:59404,407.9,811.162,0,75,30,22
1670182026.947164,10.10.1.100:51408,522.8,814.07,0,4,44,24
1670182026.948608,10.10.1.100:59404,408.0,815.235,0,75,30,22
1670182027.026887,10.10.1.100:51408,548.5,816.321,0,4,45,24
1670182027.028231,10.10.1.100:59404,414.0,814.381,0,75,30,22
1670182027.105343,10.10.1.100:51408,548.5,817.244,0,4,46,24
1670182027.106713,10.10.1.100:59404,415.6,822.653,0,75,31,22
1670182027.183835,10.10.1.100:51408,548.5,831.984,0,4,47,24
1670182027.185181,10.10.1.100:59404,415.6,822.653,0,75,31,22
1670182027.262750,10.10.1.100:51408,548.6,831.978,1,5,47,33
1670182027.264075,10.10.1.100:59404,415.6,822.653,0,75,31,22
1670182027.342029,10.10.1.100:51408,548.6,827.905,2,6,44,33
1670182027.343440,10.10.1.100:59404,396.1,821.905,1,76,30,15
1670182027.421096,10.10.1.100:51408,556.7,827.111,3,7,41,33
1670182027.422435,10.10.1.100:59404,396.1,821.905,1,76,30,15
1670182027.499806,10.10.1.100:51408,554.6,828.011,3,7,39,33
1670182027.501256,10.10.1.100:59404,393.7,821.719,1,76,29,15
1670182027.579171,10.10.1.100:51408,554.3,828.555,3,7,39,33
1670182027.580511,10.10.1.100:59404,402.1,826.174,1,76,26,15
1670182027.685329,10.10.1.100:51408,554.3,828.555,3,7,39,33
1670182027.687761,10.10.1.100:59404,402.0,828.31,1,76,23,15
1670182027.819912,10.10.1.100:51408,548.4,828.397,4,8,37,33
1670182027.822150,10.10.1.100:59404,401.9,826.505,1,76,19,15
1670182027.942375,10.10.1.100:51408,568.2,827.94,5,9,33,33
1670182027.945042,10.10.1.100:59404,388.3,828.256,1,76,17,15
1670182028.086273,10.10.1.100:51408,554.4,829.711,7,11,31,33
1670182028.088590,10.10.1.100:59404,401.7,828.647,2,77,15,15
1670182028.227505,10.10.1.100:51408,512.9,819.562,6,12,33,33
1670182028.230337,10.10.1.100:59404,411.3,826.441,1,77,15,15
1670182028.370672,10.10.1.100:51408,471.1,782.439,5,12,33,33
1670182028.373377,10.10.1.100:59404,337.6,776.293,1,77,15,15
1670182028.509317,10.10.1.100:51408,456.8,707.041,3,12,33,33
1670182028.510643,10.10.1.100:59404,223.2,674.855,1,77,15,15
1670182028.588373,10.10.1.100:51408,415.8,593.814,1,12,33,33
1670182028.589767,10.10.1.100:59404,208.0,658.623,0,77,15,15
1670182028.667099,10.10.1.100:51408,457.2,583.516,0,12,34,33
1670182028.668445,10.10.1.100:59404,208.0,658.623,0,77,15,15
1670182028.745794,10.10.1.100:51408,471.1,588.308,0,12,35,33
1670182028.747109,10.10.1.100:59404,208.0,658.623,0,77,15,15
1670182028.824931,10.10.1.100:51408,501.0,589.975,0,12,36,33
1670182028.826272,10.10.1.100:59404,214.1,654.223,0,77,15,15
1670182028.903195,10.10.1.100:51408,517.4,595.688,0,12,36,33
1670182028.904324,10.10.1.100:59404,243.2,642.588,0,77,15,15
1670182028.980927,10.10.1.100:51408,517.4,595.688,0,12,36,33
1670182028.982253,10.10.1.100:59404,275.8,626.289,0,77,15,15
1670182029.060520,10.10.1.100:51408,657.5,596.648,0,12,37,33
1670182029.061892,10.10.1.100:59404,299.2,619.812,0,77,16,15
1670182029.139755,10.10.1.100:51408,657.9,595.506,0,12,38,33
1670182029.141115,10.10.1.100:59404,299.2,619.812,0,77,16,15
1670182029.218101,10.10.1.100:51408,657.8,593.265,0,12,39,33
1670182029.219429,10.10.1.100:59404,299.2,619.812,0,77,16,15
1670182029.297340,10.10.1.100:51408,657.5,594.967,0,12,40,33
1670182029.298664,10.10.1.100:59404,299.2,619.812,0,77,16,15
1670182029.375633,10.10.1.100:51408,683.1,595.662,0,12,40,33
1670182029.376999,10.10.1.100:59404,299.2,619.812,0,77,16,15
1670182029.470165,10.10.1.100:51408,683.1,601.948,0,12,41,33
1670182029.472514,10.10.1.100:59404,271.5,622.332,0,77,16,15
1670182029.610825,10.10.1.100:51408,642.4,607.851,0,12,41,33
1670182029.613281,10.10.1.100:59404,281.1,618.37,0,77,16,15
1670182029.698071,10.10.1.100:51408,680.1,624.357,0,12,42,33
1670182029.699418,10.10.1.100:59404,275.7,618.485,0,77,17,15
1670182029.777199,10.10.1.100:51408,667.6,630.178,0,12,42,33
1670182029.778554,10.10.1.100:59404,271.3,626.565,0,77,17,15
1670182029.856164,10.10.1.100:51408,667.4,642.068,0,12,43,33
1670182029.857600,10.10.1.100:59404,271.3,626.565,0,77,17,15
1670182029.934861,10.10.1.100:51408,678.3,650.04,0,12,44,33
1670182029.936297,10.10.1.100:59404,271.3,626.565,0,77,17,15
1670182030.014793,10.10.1.100:51408,677.9,661.123,0,12,44,33
1670182030.016151,10.10.1.100:59404,271.3,626.565,0,77,17,15
1670182030.093611,10.10.1.100:51408,700.0,669.294,0,12,44,33
1670182030.094995,10.10.1.100:59404,271.3,626.565,0,77,17,15
1670182030.172962,10.10.1.100:51408,687.8,674.27,0,12,45,33
1670182030.174340,10.10.1.100:59404,273.3,642.83,0,77,17,15
1670182030.252298,10.10.1.100:51408,652.4,680.985,0,12,45,33
1670182030.253716,10.10.1.100:59404,273.3,655.698,0,77,17,15
1670182030.331591,10.10.1.100:51408,687.9,683.185,0,12,45,33
1670182030.333023,10.10.1.100:59404,273.3,660.971,0,77,17,15
1670182030.411035,10.10.1.100:51408,652.8,694.357,0,12,45,33
1670182030.412424,10.10.1.100:59404,263.9,666.144,0,77,17,15
1670182030.491605,10.10.1.100:51408,680.9,699.912,0,12,46,33
1670182030.493029,10.10.1.100:59404,282.2,676.719,0,77,18,15
1670182030.583611,10.10.1.100:51408,680.8,710.443,0,12,46,33
1670182030.586015,10.10.1.100:59404,282.2,676.719,0,77,18,15
1670182030.724700,10.10.1.100:51408,689.8,724.37,0,12,46,33
1670182030.727125,10.10.1.100:59404,282.2,676.719,0,77,18,15
1670182030.816813,10.10.1.100:51408,689.8,731.434,0,12,47,33
1670182030.818193,10.10.1.100:59404,282.2,676.719,0,77,18,15
1670182030.895634,10.10.1.100:51408,689.7,734.891,0,12,47,33
1670182030.897010,10.10.1.100:59404,250.9,688.37,0,77,18,15
1670182030.976625,10.10.1.100:51408,657.2,742.174,0,12,47,33
1670182030.979109,10.10.1.100:59404,250.9,711.682,0,77,18,15
1670182031.119541,10.10.1.100:51408,690.0,754.468,0,12,47,33
1670182031.121960,10.10.1.100:59404,250.9,726.718,0,77,18,15
1670182031.259137,10.10.1.100:51408,705.5,756.895,0,12,47,33
1670182031.261604,10.10.1.100:59404,262.3,737.242,0,77,19,15
1670182031.391381,10.10.1.100:51408,683.4,772.015,0,12,47,33
1670182031.392816,10.10.1.100:59404,258.7,745.825,0,77,19,15
1670182031.472895,10.10.1.100:51408,683.2,779.367,0,12,47,33
1670182031.474245,10.10.1.100:59404,258.7,745.825,0,77,19,15
1670182031.552855,10.10.1.100:51408,691.7,781.942,0,12,48,33
1670182031.554240,10.10.1.100:59404,258.7,745.825,0,77,19,15
1670182031.633256,10.10.1.100:51408,691.7,783.66,0,12,48,33
1670182031.634611,10.10.1.100:59404,258.7,745.825,0,77,19,15
1670182031.714635,10.10.1.100:51408,702.6,782.567,0,12,48,33
1670182031.716127,10.10.1.100:59404,268.9,752.744,0,77,19,15
1670182031.848181,10.10.1.100:51408,702.2,786.185,0,12,48,33
1670182031.850601,10.10.1.100:59404,268.9,761.299,0,77,19,15
1670182031.981879,10.10.1.100:51408,691.6,784.089,0,12,48,33
1670182031.984058,10.10.1.100:59404,255.6,773.157,0,77,19,15
1670182032.073042,10.10.1.100:51408,681.0,786.681,0,12,48,33
1670182032.074388,10.10.1.100:59404,273.1,782.51,0,77,20,15
1670182032.153858,10.10.1.100:51408,681.1,791.943,0,12,48,33
1670182032.155182,10.10.1.100:59404,273.1,782.51,0,77,20,15
1670182032.233383,10.10.1.100:51408,681.2,794.402,0,12,48,33
1670182032.234712,10.10.1.100:59404,273.1,782.51,0,77,20,15
1670182032.326199,10.10.1.100:51408,681.3,795.996,0,12,48,33
1670182032.328530,10.10.1.100:59404,273.1,782.51,0,77,20,15
1670182032.466577,10.10.1.100:51408,680.8,805.689,0,12,48,33
1670182032.468997,10.10.1.100:59404,273.1,782.51,0,77,20,15
1670182032.562466,10.10.1.100:51408,650.1,813.875,0,12,48,33
1670182032.563802,10.10.1.100:59404,271.1,793.217,0,77,20,15
1670182032.641849,10.10.1.100:51408,681.3,818.845,0,12,48,33
1670182032.643173,10.10.1.100:59404,271.3,797.417,0,77,20,15
1670182032.720388,10.10.1.100:51408,691.6,825.671,0,12,48,33
1670182032.721769,10.10.1.100:59404,271.4,799.126,0,77,20,15
1670182032.845329,10.10.1.100:51408,691.4,828.162,0,12,48,33
1670182032.847656,10.10.1.100:59404,260.9,803.136,0,77,20,15
1670182032.976944,10.10.1.100:51408,674.9,828.363,0,12,49,33
1670182032.979293,10.10.1.100:59404,281.2,810.604,0,77,21,15
1670182033.121961,10.10.1.100:51408,675.0,825.8,0,12,49,33
1670182033.124937,10.10.1.100:59404,281.2,810.604,0,77,21,15
1670182033.266992,10.10.1.100:51408,674.9,824.719,0,12,49,33
1670182033.269386,10.10.1.100:59404,281.2,810.604,0,77,21,15
1670182033.409479,10.10.1.100:51408,650.1,827.383,0,12,49,33
1670182033.411970,10.10.1.100:59404,281.3,813.727,0,77,21,15
1670182033.552219,10.10.1.100:51408,674.9,826.213,0,12,49,33
1670182033.554629,10.10.1.100:59404,285.4,813.048,0,77,21,15
1670182033.665512,10.10.1.100:51408,684.9,822.661,0,12,50,33
1670182033.666934,10.10.1.100:59404,285.4,812.632,0,77,21,15
1670182033.744134,10.10.1.100:51408,660.8,829.864,0,12,50,33
1670182033.745529,10.10.1.100:59404,281.6,818.893,0,77,22,15
1670182033.823233,10.10.1.100:51408,660.9,829.513,1,13,48,35
1670182033.824584,10.10.1.100:59404,281.6,818.893,0,77,22,15
1670182033.902566,10.10.1.100:51408,660.9,829.448,1,13,46,35
1670182033.903919,10.10.1.100:59404,281.6,818.893,0,77,22,15
1670182033.981527,10.10.1.100:51408,665.4,830.017,1,13,44,35
1670182033.982881,10.10.1.100:59404,281.6,818.893,0,77,22,15
1670182034.061382,10.10.1.100:51408,661.1,829.203,1,13,42,35
1670182034.062882,10.10.1.100:59404,281.6,818.893,0,77,22,15
1670182034.173033,10.10.1.100:51408,665.4,829.989,1,13,41,35
1670182034.174649,10.10.1.100:59404,295.3,821.291,0,77,22,15
1670182034.264647,10.10.1.100:51408,665.3,828.675,1,13,40,35
1670182034.266012,10.10.1.100:59404,291.1,826.056,0,77,22,15
1670182034.344061,10.10.1.100:51408,665.7,829.178,1,13,39,35
1670182034.345430,10.10.1.100:59404,291.0,827.296,0,77,22,15
1670182034.424983,10.10.1.100:51408,665.5,829.359,2,14,37,35
1670182034.426574,10.10.1.100:59404,291.2,829.21,0,77,22,15
1670182034.507861,10.10.1.100:51408,665.5,829.46,2,14,35,35
1670182034.509487,10.10.1.100:59404,291.2,830.686,0,77,22,15
1670182034.590612,10.10.1.100:51408,665.6,827.916,2,14,35,35
1670182034.592193,10.10.1.100:59404,281.6,829.281,1,78,21,11
1670182034.671101,10.10.1.100:51408,637.5,826.915,1,14,35,35
1670182034.672426,10.10.1.100:59404,281.6,829.281,1,78,21,11
1670182034.750318,10.10.1.100:51408,610.1,809.601,1,14,35,35
1670182034.751643,10.10.1.100:59404,281.6,829.281,1,78,21,11
1670182034.828879,10.10.1.100:51408,568.3,779.806,1,14,35,35
1670182034.830215,10.10.1.100:59404,281.6,829.281,1,78,21,11
1670182034.909232,10.10.1.100:51408,567.7,770.145,1,14,35,35
1670182034.910554,10.10.1.100:59404,277.2,781.58,1,78,18,11
1670182034.988528,10.10.1.100:51408,540.6,764.687,1,14,35,35
1670182034.989903,10.10.1.100:59404,291.1,758.277,1,78,16,11
1670182035.068528,10.10.1.100:51408,527.0,750.631,1,14,35,35
1670182035.069896,10.10.1.100:59404,291.1,739.999,1,78,14,11
1670182035.149350,10.10.1.100:51408,513.0,741.327,0,14,35,35
1670182035.150670,10.10.1.100:59404,277.3,721.924,1,78,12,11
1670182035.228641,10.10.1.100:51408,492.5,734.977,0,14,35,35
1670182035.230003,10.10.1.100:59404,296.9,702.676,0,78,11,11
1670182035.308491,10.10.1.100:51408,485.3,716.544,0,14,37,35
1670182035.309866,10.10.1.100:59404,296.9,702.676,0,78,11,11
1670182035.388306,10.10.1.100:51408,507.3,707.903,0,14,38,35
1670182035.389665,10.10.1.100:59404,296.9,702.676,0,78,11,11
1670182035.468380,10.10.1.100:51408,531.6,702.114,0,14,39,35
1670182035.469784,10.10.1.100:59404,296.9,702.676,0,78,11,11
1670182035.548050,10.10.1.100:51408,548.9,701.257,0,14,40,35
1670182035.549464,10.10.1.100:59404,297.9,699.618,0,78,11,11
1670182035.656484,10.10.1.100:51408,558.0,693.843,0,14,40,35
1670182035.658136,10.10.1.100:59404,239.2,687.473,0,78,11,11
1670182035.749330,10.10.1.100:51408,576.9,674.522,0,14,41,35
1670182035.750890,10.10.1.100:59404,187.8,666.393,0,78,12,11
1670182035.829943,10.10.1.100:51408,614.8,634.646,0,14,42,35
1670182035.831308,10.10.1.100:59404,187.9,657.883,0,78,12,11
1670182035.908686,10.10.1.100:51408,614.7,616.102,0,14,42,35
1670182035.910088,10.10.1.100:59404,187.9,657.883,0,78,12,11
1670182035.987216,10.10.1.100:51408,649.0,608.645,0,14,43,35
1670182035.988615,10.10.1.100:59404,187.9,657.883,0,78,12,11
1670182036.068264,10.10.1.100:51408,649.1,606.687,0,14,44,35
1670182036.069744,10.10.1.100:59404,187.9,657.883,0,78,12,11
1670182036.181177,10.10.1.100:51408,673.2,613.365,0,14,44,35
1670182036.183510,10.10.1.100:59404,194.9,649.821,0,78,12,11
1670182036.322745,10.10.1.100:51408,750.1,614.868,0,14,45,35
1670182036.325304,10.10.1.100:59404,210.3,640.84,0,78,12,11
1670182036.462822,10.10.1.100:51408,754.1,623.39,0,14,45,35
1670182036.465407,10.10.1.100:59404,206.4,641.356,0,78,13,11
1670182036.560436,10.10.1.100:51408,739.5,639.624,0,14,46,35
1670182036.561809,10.10.1.100:59404,204.4,646.189,0,78,13,11
1670182036.639590,10.10.1.100:51408,747.6,650.612,0,14,47,35
1670182036.641008,10.10.1.100:59404,204.4,646.189,0,78,13,11
1670182036.720832,10.10.1.100:51408,747.9,655.715,0,14,47,35
1670182036.722155,10.10.1.100:59404,204.4,646.189,0,78,13,11
1670182036.828569,10.10.1.100:51408,747.9,663.782,0,14,47,35
1670182036.830968,10.10.1.100:59404,208.6,648.695,0,78,13,11
1670182037.020847,10.10.1.100:51408,751.3,681.646,0,14,48,35
1670182037.023225,10.10.1.100:59404,205.0,655.59,0,78,13,11
1670182037.147436,10.10.1.100:51408,741.9,688.218,0,14,48,35
1670182037.148830,10.10.1.100:59404,220.4,665.076,0,78,14,11
1670182037.226856,10.10.1.100:51408,742.2,698.523,0,14,48,35
1670182037.228217,10.10.1.100:59404,220.4,665.076,0,78,14,11
1670182037.306076,10.10.1.100:51408,742.0,707.784,0,14,49,35
1670182037.307447,10.10.1.100:59404,203.5,674.425,0,78,14,11
1670182037.426299,10.10.1.100:51408,749.2,714.041,0,14,49,35
1670182037.428678,10.10.1.100:59404,203.5,674.425,0,78,14,11
1670182037.562005,10.10.1.100:51408,748.9,720.315,0,14,49,35
1670182037.564148,10.10.1.100:59404,210.6,679.505,0,78,14,11
1670182037.667663,10.10.1.100:51408,752.9,723.828,0,14,49,35
1670182037.669062,10.10.1.100:59404,203.8,690.767,0,78,14,11
1670182037.746331,10.10.1.100:51408,753.0,727.257,0,14,49,35
1670182037.747710,10.10.1.100:59404,207.4,695.186,0,78,14,11
1670182037.825014,10.10.1.100:51408,752.9,729.894,0,14,49,35
1670182037.826441,10.10.1.100:59404,203.9,700.593,0,78,14,11
1670182037.903829,10.10.1.100:51408,740.5,734.79,0,14,49,35
1670182037.905290,10.10.1.100:59404,204.6,716.216,0,78,15,11
1670182037.982530,10.10.1.100:51408,752.3,737.391,0,14,49,35
1670182037.983881,10.10.1.100:59404,204.6,716.216,0,78,15,11
1670182038.061473,10.10.1.100:51408,740.6,744.872,0,14,50,35
1670182038.062874,10.10.1.100:59404,206.8,724.708,0,78,15,11
1670182038.141413,10.10.1.100:51408,740.5,757.437,0,14,50,35
1670182038.142773,10.10.1.100:59404,206.8,724.708,0,78,15,11
1670182038.220083,10.10.1.100:51408,740.6,763.275,0,14,50,35
1670182038.221511,10.10.1.100:59404,206.8,724.708,0,78,15,11
1670182038.306803,10.10.1.100:51408,740.5,769.09,0,14,50,35
1670182038.309239,10.10.1.100:59404,212.5,729.526,0,78,15,11
1670182038.447555,10.10.1.100:51408,740.4,773.498,0,14,50,35
1670182038.450062,10.10.1.100:59404,212.5,737.394,0,78,15,11
1670182038.589112,10.10.1.100:51408,740.4,779.264,0,14,50,35
1670182038.591449,10.10.1.100:59404,212.5,743.465,0,78,15,11
1670182038.686606,10.10.1.100:51408,728.6,784.831,0,14,50,35
1670182038.687929,10.10.1.100:59404,219.3,747.39,0,78,16,11
1670182038.766362,10.10.1.100:51408,740.3,785.481,0,14,50,35
1670182038.767683,10.10.1.100:59404,219.3,747.39,0,78,16,11
1670182038.845120,10.10.1.100:51408,735.8,786.037,0,14,50,35
1670182038.846454,10.10.1.100:59404,217.2,753.946,0,78,16,11
1670182038.923648,10.10.1.100:51408,736.0,786.348,0,14,50,35
1670182038.925047,10.10.1.100:59404,217.2,753.946,0,78,16,11
1670182039.001900,10.10.1.100:51408,735.9,786.693,0,14,50,35
1670182039.003226,10.10.1.100:59404,217.2,753.946,0,78,16,11
1670182039.081004,10.10.1.100:51408,735.9,786.773,0,14,50,35
1670182039.082575,10.10.1.100:59404,224.3,756.529,0,78,16,11
1670182039.217747,10.10.1.100:51408,735.9,786.826,0,14,50,35
1670182039.220070,10.10.1.100:59404,224.2,760.855,0,78,16,11
1670182039.349204,10.10.1.100:51408,735.3,787.062,0,14,50,35
1670182039.351348,10.10.1.100:59404,224.1,764.27,0,78,16,11
1670182039.445742,10.10.1.100:51408,735.5,787.159,0,14,51,35
1670182039.448590,10.10.1.100:59404,224.2,766.812,0,78,16,11
1670182039.590502,10.10.1.100:51408,724.5,792.214,0,14,51,35
1670182039.592909,10.10.1.100:59404,223.2,774.718,0,78,17,11
1670182039.731946,10.10.1.100:51408,724.2,794.393,0,14,51,35
1670182039.734368,10.10.1.100:59404,221.7,782.384,0,78,17,11
1670182039.820674,10.10.1.100:51408,724.4,796.961,0,14,51,35
1670182039.822077,10.10.1.100:59404,221.7,782.384,0,78,17,11
1670182039.900223,10.10.1.100:51408,724.5,797.772,0,14,51,35
1670182039.901651,10.10.1.100:59404,231.8,784.529,0,78,17,11
1670182039.979040,10.10.1.100:51408,724.5,797.978,0,14,51,35
1670182039.980440,10.10.1.100:59404,231.9,788.013,0,78,17,11
1670182040.058225,10.10.1.100:51408,724.8,798.355,0,14,52,35
1670182040.059583,10.10.1.100:59404,231.9,788.013,0,78,17,11
1670182040.137742,10.10.1.100:51408,724.7,798.467,0,14,52,35
1670182040.139094,10.10.1.100:59404,231.9,790.614,0,78,17,11
1670182040.216582,10.10.1.100:51408,724.9,798.595,0,14,52,35
1670182040.217951,10.10.1.100:59404,231.9,791.685,0,78,17,11
1670182040.296554,10.10.1.100:51408,713.8,808.56,0,14,52,35
1670182040.297949,10.10.1.100:59404,237.2,795.527,0,78,18,11
1670182040.375393,10.10.1.100:51408,714.0,817.452,0,14,53,35
1670182040.376864,10.10.1.100:59404,237.2,795.527,0,78,18,11
1670182040.455829,10.10.1.100:51408,724.2,823.443,0,14,53,35
1670182040.457214,10.10.1.100:59404,237.2,795.527,0,78,18,11
1670182040.535062,10.10.1.100:51408,713.9,827.421,0,14,53,35
1670182040.536417,10.10.1.100:59404,232.2,802.079,0,78,18,11
1670182040.614472,10.10.1.100:51408,713.8,830.794,0,14,54,35
1670182040.615915,10.10.1.100:59404,232.2,802.079,0,78,18,11
1670182040.694182,10.10.1.100:51408,713.8,834.937,0,14,54,35
1670182040.695608,10.10.1.100:59404,239.1,804.784,0,78,18,11
1670182040.774545,10.10.1.100:51408,713.8,838.159,0,14,55,35
1670182040.776059,10.10.1.100:59404,239.1,807.135,0,78,18,11
1670182040.853302,10.10.1.100:51408,720.4,840.301,0,14,55,35
1670182040.854735,10.10.1.100:59404,239.1,809.205,0,78,18,11
1670182040.961603,10.10.1.100:51408,720.8,838.817,0,14,55,35
1670182040.963918,10.10.1.100:59404,235.6,812.529,0,78,18,11
1670182041.101722,10.10.1.100:51408,720.6,838.159,0,14,56,35
1670182041.104168,10.10.1.100:59404,239.0,818.73,0,78,18,11
1670182041.193086,10.10.1.100:51408,703.0,835.163,2,16,54,39
1670182041.194436,10.10.1.100:59404,237.2,826.742,0,78,19,11
1670182041.272281,10.10.1.100:51408,707.0,832.419,2,16,51,39
1670182041.273690,10.10.1.100:59404,237.2,826.742,0,78,19,11
1670182041.351565,10.10.1.100:51408,706.9,827.365,2,16,50,39
1670182041.352950,10.10.1.100:59404,237.2,826.742,0,78,19,11
1670182041.431214,10.10.1.100:51408,707.0,828.805,3,17,47,39
1670182041.432579,10.10.1.100:59404,239.1,832.409,0,78,19,11
1670182041.511605,10.10.1.100:51408,703.2,828.697,3,17,45,39
1670182041.513022,10.10.1.100:59404,253.1,831.273,0,78,19,11
1670182041.593335,10.10.1.100:51408,703.2,828.944,3,17,44,39
1670182041.595015,10.10.1.100:59404,253.2,830.32,0,78,19,11
1670182041.673006,10.10.1.100:51408,706.5,829.76,4,18,42,39
1670182041.674349,10.10.1.100:59404,253.1,829.488,0,78,19,11
1670182041.751832,10.10.1.100:51408,693.1,829.076,4,18,39,39
1670182041.753214,10.10.1.100:59404,249.5,830.25,0,78,19,11
1670182041.830415,10.10.1.100:51408,706.6,829.927,4,18,39,39
1670182041.831766,10.10.1.100:59404,249.5,830.918,0,78,19,11
1670182041.909408,10.10.1.100:51408,706.6,829.9,5,19,38,39
1670182041.910759,10.10.1.100:59404,249.5,832.021,0,78,19,11
1670182041.988559,10.10.1.100:51408,706.7,826.661,5,19,38,39
1670182041.989995,10.10.1.100:59404,249.5,832.463,0,78,19,11
1670182042.067856,10.10.1.100:51408,689.4,824.385,3,19,39,39
1670182042.069258,10.10.1.100:59404,237.3,837.404,0,78,19,11
1670182042.188003,10.10.1.100:51408,651.4,806.534,3,19,39,39
1670182042.190476,10.10.1.100:59404,239.1,828.966,1,79,18,9
1670182042.322954,10.10.1.100:51408,604.7,769.423,2,19,39,39
1670182042.325228,10.10.1.100:59404,239.1,797.56,1,79,16,9
1670182042.424903,10.10.1.100:51408,562.6,734.871,1,19,39,39
1670182042.426264,10.10.1.100:59404,253.1,772.858,1,79,15,9
1670182042.504189,10.10.1.100:51408,526.8,716.175,1,19,39,39
1670182042.505916,10.10.1.100:59404,235.7,725.163,1,79,12,9
1670182042.583413,10.10.1.100:51408,534.7,711.921,0,19,39,39
1670182042.584910,10.10.1.100:59404,249.5,708.339,1,79,11,9
1670182042.663195,10.10.1.100:51408,534.4,709.518,0,19,40,39
1670182042.664651,10.10.1.100:59404,249.5,699.986,1,79,9,9
1670182042.742867,10.10.1.100:51408,548.5,703.591,0,19,41,39
1670182042.744328,10.10.1.100:59404,239.1,697.903,1,79,9,9
1670182042.822321,10.10.1.100:51408,582.7,703.215,0,19,42,39
1670182042.823799,10.10.1.100:59404,239.1,697.903,1,79,9,9
1670182042.901364,10.10.1.100:51408,592.3,704.116,0,19,43,39
1670182042.902791,10.10.1.100:59404,270.8,697.04,0,79,9,9
1670182043.038788,10.10.1.100:51408,601.6,705.259,0,19,44,39
1670182043.041333,10.10.1.100:59404,255.0,697.72,0,79,9,9
1670182043.162695,10.10.1.100:51408,666.2,682.676,0,19,45,39
1670182043.165185,10.10.1.100:59404,222.0,689.654,0,79,9,9
1670182043.305647,10.10.1.100:51408,683.4,652.125,0,19,46,39
1670182043.308045,10.10.1.100:59404,187.9,683.726,0,79,9,9
1670182043.448639,10.10.1.100:51408,704.7,630.844,0,19,47,39
1670182043.451052,10.10.1.100:59404,152.6,679.354,0,79,10,9
1670182043.552380,10.10.1.100:51408,704.9,630.172,0,19,49,39
1670182043.553797,10.10.1.100:59404,150.9,675.374,0,79,10,9
1670182043.631965,10.10.1.100:51408,794.3,633.561,0,19,49,39
1670182043.633435,10.10.1.100:59404,159.4,668.191,0,79,10,9
1670182043.726822,10.10.1.100:51408,793.9,634.798,0,19,50,39
1670182043.728265,10.10.1.100:59404,154.2,669.185,0,79,10,9
1670182043.805922,10.10.1.100:51408,793.9,640.191,0,19,50,39
1670182043.807303,10.10.1.100:59404,162.4,664.124,0,79,10,9
1670182043.885327,10.10.1.100:51408,800.1,652.984,0,19,51,39
1670182043.886739,10.10.1.100:59404,162.4,664.124,0,79,10,9
1670182043.963658,10.10.1.100:51408,800.0,657.341,0,19,51,39
1670182043.965077,10.10.1.100:59404,162.4,664.124,0,79,10,9
1670182044.042533,10.10.1.100:51408,814.8,659.561,0,19,51,39
1670182044.043933,10.10.1.100:59404,169.4,666.57,0,79,11,9
1670182044.180811,10.10.1.100:51408,791.4,677.351,0,19,52,39
1670182044.182788,10.10.1.100:59404,169.4,666.57,0,79,11,9
1670182044.291664,10.10.1.100:51408,791.7,686.77,0,19,53,39
1670182044.293104,10.10.1.100:59404,164.9,677.77,0,79,11,9
1670182044.370745,10.10.1.100:51408,805.6,705.234,0,19,53,39
1670182044.372077,10.10.1.100:59404,164.9,677.77,0,79,11,9
1670182044.450913,10.10.1.100:51408,797.3,712.285,0,19,53,39
1670182044.452303,10.10.1.100:59404,156.6,685.526,0,79,11,9
1670182044.530215,10.10.1.100:51408,797.1,714.076,0,19,54,39
1670182044.531555,10.10.1.100:59404,162.2,692.286,0,79,11,9
1670182044.610509,10.10.1.100:51408,797.3,719.261,0,19,54,39
1670182044.612152,10.10.1.100:59404,162.2,692.286,0,79,11,9
1670182044.749861,10.10.1.100:51408,796.8,729.678,0,19,54,39
1670182044.752195,10.10.1.100:59404,162.2,692.286,0,79,11,9
1670182044.878949,10.10.1.100:51408,786.5,745.975,0,19,54,39
1670182044.881026,10.10.1.100:59404,163.3,707.065,0,79,12,9
1670182044.958519,10.10.1.100:51408,799.8,758.098,0,19,55,39
1670182044.959856,10.10.1.100:59404,163.3,707.065,0,79,12,9
1670182045.037859,10.10.1.100:51408,792.0,763.686,0,19,55,39
1670182045.039272,10.10.1.100:59404,167.0,722.923,0,79,12,9
1670182045.122669,10.10.1.100:51408,791.9,767.506,0,19,55,39
1670182045.124193,10.10.1.100:59404,167.0,722.923,0,79,12,9
1670182045.202091,10.10.1.100:51408,804.3,767.287,0,19,55,39
1670182045.203484,10.10.1.100:59404,167.0,722.923,0,79,12,9
1670182045.281280,10.10.1.100:51408,792.1,769.159,0,19,55,39
1670182045.282660,10.10.1.100:59404,156.0,743.817,0,79,12,9
1670182045.359554,10.10.1.100:51408,791.9,781.451,0,19,55,39
1670182045.360965,10.10.1.100:59404,161.8,749.28,0,79,12,9
1670182045.438787,10.10.1.100:51408,791.9,787.439,0,19,55,39
1670182045.440111,10.10.1.100:59404,161.8,749.28,0,79,12,9
1670182045.518524,10.10.1.100:51408,792.2,791.339,0,19,55,39
1670182045.519881,10.10.1.100:59404,161.8,749.28,0,79,12,9
1670182045.598695,10.10.1.100:51408,807.6,792.752,0,19,55,39
1670182045.600058,10.10.1.100:59404,164.4,752.488,0,79,12,9
1670182045.695680,10.10.1.100:51408,782.9,794.83,0,19,56,39
1670182045.698134,10.10.1.100:59404,177.8,756.169,0,79,13,9
1670182045.835348,10.10.1.100:51408,794.6,805.154,0,19,56,39
1670182045.837730,10.10.1.100:59404,177.8,756.169,0,79,13,9
1670182045.933221,10.10.1.100:51408,782.4,816.204,0,19,56,39
1670182045.934567,10.10.1.100:59404,162.5,777.74,0,79,13,9
1670182046.012034,10.10.1.100:51408,794.9,818.556,0,19,56,39
1670182046.013391,10.10.1.100:59404,162.5,777.74,0,79,13,9
1670182046.090697,10.10.1.100:51408,794.6,820.66,0,19,56,39
1670182046.092071,10.10.1.100:59404,161.8,784.975,0,79,13,9
1670182046.169557,10.10.1.100:51408,782.8,823.865,0,19,56,39
1670182046.170892,10.10.1.100:59404,165.4,791.929,0,79,13,9
1670182046.248590,10.10.1.100:51408,782.9,823.706,0,19,56,39
1670182046.250030,10.10.1.100:59404,165.4,791.929,0,79,13,9
1670182046.327336,10.10.1.100:51408,782.8,823.584,0,19,56,39
1670182046.328658,10.10.1.100:59404,165.4,791.929,0,79,13,9
1670182046.406095,10.10.1.100:51408,782.4,826.221,0,19,56,39
1670182046.407447,10.10.1.100:59404,173.9,792.854,0,79,13,9
1670182046.486072,10.10.1.100:51408,773.7,828.278,0,19,56,39
1670182046.487392,10.10.1.100:59404,173.9,803.969,0,79,14,9
1670182046.567256,10.10.1.100:51408,773.7,832.365,0,19,56,39
1670182046.568638,10.10.1.100:59404,173.9,803.969,0,79,14,9
1670182046.646731,10.10.1.100:51408,785.4,837.424,0,19,56,39
1670182046.648060,10.10.1.100:59404,173.9,803.969,0,79,14,9
1670182046.757959,10.10.1.100:51408,785.4,839.609,0,19,56,39
1670182046.760336,10.10.1.100:59404,182.9,806.396,0,79,14,9
1670182046.890245,10.10.1.100:51408,773.5,843.646,0,19,56,39
1670182046.891625,10.10.1.100:59404,172.7,814.599,0,79,14,9
1670182046.969507,10.10.1.100:51408,785.2,848.559,0,19,56,39
1670182046.970880,10.10.1.100:59404,182.8,816.776,0,79,14,9
1670182047.048619,10.10.1.100:51408,773.6,848.357,0,19,57,39
1670182047.050040,10.10.1.100:59404,172.7,823.699,0,79,14,9
1670182047.127571,10.10.1.100:51408,773.2,848.296,0,19,57,39
1670182047.129025,10.10.1.100:59404,172.7,823.699,0,79,14,9
1670182047.207303,10.10.1.100:51408,773.5,850.892,0,19,57,39
1670182047.208904,10.10.1.100:59404,182.8,823.698,0,79,14,9
1670182047.310197,10.10.1.100:51408,787.6,849.789,0,19,57,39
1670182047.313117,10.10.1.100:59404,182.8,823.691,0,79,14,9
1670182047.456269,10.10.1.100:51408,762.1,838.206,1,20,55,39
1670182047.458654,10.10.1.100:59404,187.4,824.447,0,79,15,9
1670182047.597884,10.10.1.100:51408,773.3,829.603,1,20,51,39
1670182047.600276,10.10.1.100:59404,196.8,824.376,0,79,15,9
1670182047.691570,10.10.1.100:51408,762.2,828.625,1,20,49,39
1670182047.692961,10.10.1.100:59404,196.8,829.505,0,79,15,9
1670182047.770670,10.10.1.100:51408,759.3,828.506,1,20,47,39
1670182047.772069,10.10.1.100:59404,196.8,828.77,0,79,15,9
1670182047.849603,10.10.1.100:51408,776.3,828.332,1,20,45,39
1670182047.850940,10.10.1.100:59404,196.8,828.77,0,79,15,9
1670182047.928214,10.10.1.100:51408,773.1,828.578,1,20,43,39
1670182047.929664,10.10.1.100:59404,196.8,828.77,0,79,15,9
1670182048.009073,10.10.1.100:51408,773.4,828.838,1,20,42,39
1670182048.010410,10.10.1.100:59404,182.8,826.23,1,80,13,7
1670182048.087989,10.10.1.100:51408,775.9,829.93,1,20,40,39
1670182048.089433,10.10.1.100:59404,182.8,824.328,1,80,12,7
1670182048.167580,10.10.1.100:51408,776.2,830.025,1,20,39,39
1670182048.169003,10.10.1.100:59404,180.1,825.738,1,80,11,7
1670182048.246130,10.10.1.100:51408,762.1,833.734,0,20,40,39
1670182048.247507,10.10.1.100:59404,180.1,825.738,1,80,11,7
1670182048.379036,10.10.1.100:51408,741.9,826.038,0,20,41,39
1670182048.381711,10.10.1.100:59404,182.8,818.211,2,81,9,7
1670182048.515030,10.10.1.100:51408,679.0,809.104,0,20,42,39
1670182048.516453,10.10.1.100:59404,182.8,780.519,2,81,7,7
1670182048.595259,10.10.1.100:51408,609.9,775.157,0,20,43,39
1670182048.596619,10.10.1.100:59404,182.8,780.519,2,81,7,7
1670182048.691468,10.10.1.100:51408,582.2,745.272,0,20,44,39
1670182048.693362,10.10.1.100:59404,185.6,766.205,1,81,7,7
1670182048.823035,10.10.1.100:51408,526.6,694.83,0,20,46,39
1670182048.825508,10.10.1.100:59404,154.7,732.514,1,81,7,7
1670182048.927633,10.10.1.100:51408,579.5,656.425,0,20,47,39
1670182048.929085,10.10.1.100:59404,147.1,716.7,0,81,7,7
1670182049.007026,10.10.1.100:51408,617.0,639.936,0,20,48,39
1670182049.008363,10.10.1.100:59404,147.1,716.7,0,81,7,7
1670182049.085853,10.10.1.100:51408,658.7,631.696,0,20,48,39
1670182049.087234,10.10.1.100:59404,109.8,693.814,0,81,7,7
1670182049.165646,10.10.1.100:51408,692.4,622.112,0,20,49,39
1670182049.167013,10.10.1.100:59404,109.8,693.814,0,81,7,7
1670182049.244934,10.10.1.100:51408,738.0,620.672,0,20,50,39
1670182049.246322,10.10.1.100:59404,109.8,693.814,0,81,7,7
1670182049.324601,10.10.1.100:51408,809.3,619.815,0,20,50,39
1670182049.325966,10.10.1.100:59404,126.3,688.872,0,81,7,7
1670182049.404953,10.10.1.100:51408,824.5,626.353,0,20,51,39
1670182049.406339,10.10.1.100:59404,122.7,685.381,0,81,8,7
1670182049.484046,10.10.1.100:51408,830.5,632.743,0,20,51,39
1670182049.485410,10.10.1.100:59404,122.7,685.381,0,81,8,7
1670182049.562940,10.10.1.100:51408,830.4,638.702,0,20,52,39
1670182049.564294,10.10.1.100:59404,118.6,685.131,0,81,8,7
1670182049.644714,10.10.1.100:51408,846.5,647.677,0,20,52,39
1670182049.646105,10.10.1.100:59404,118.6,685.131,0,81,8,7
1670182049.725137,10.10.1.100:51408,850.2,649.136,0,20,52,39
1670182049.726816,10.10.1.100:59404,106.3,683.446,0,81,8,7
1670182049.804525,10.10.1.100:51408,834.9,654.71,0,20,53,39
1670182049.805935,10.10.1.100:59404,114.2,686.744,0,81,8,7
1670182049.884297,10.10.1.100:51408,834.9,666.443,0,20,53,39
1670182049.885734,10.10.1.100:59404,114.2,686.744,0,81,8,7
1670182049.963970,10.10.1.100:51408,854.1,674.848,0,20,54,39
1670182049.965378,10.10.1.100:59404,114.2,686.744,0,81,8,7
1670182050.043465,10.10.1.100:51408,853.8,676.99,0,20,54,39
1670182050.044894,10.10.1.100:59404,117.4,687.21,0,81,8,7
1670182050.123213,10.10.1.100:51408,824.8,683.214,0,20,54,39
1670182050.124583,10.10.1.100:59404,130.9,689.775,0,81,9,7
1670182050.203307,10.10.1.100:51408,824.5,697.543,0,20,54,39
1670182050.204707,10.10.1.100:59404,130.9,689.775,0,81,9,7
1670182050.283082,10.10.1.100:51408,842.7,705.702,0,20,55,39
1670182050.284426,10.10.1.100:59404,130.9,689.775,0,81,9,7
1670182050.362409,10.10.1.100:51408,828.8,712.658,0,20,55,39
1670182050.363810,10.10.1.100:59404,123.2,697.567,0,81,9,7
1670182050.442210,10.10.1.100:51408,828.8,717.318,0,20,55,39
1670182050.443515,10.10.1.100:59404,127.4,701.292,0,81,9,7
1670182050.521754,10.10.1.100:51408,829.0,724.912,0,20,55,39
1670182050.523172,10.10.1.100:59404,127.4,701.292,0,81,9,7
1670182050.602531,10.10.1.100:51408,828.8,733.466,0,20,56,39
1670182050.603879,10.10.1.100:59404,121.9,708.637,0,81,9,7
1670182050.681204,10.10.1.100:51408,829.5,739.185,0,20,56,39
1670182050.682571,10.10.1.100:59404,121.9,708.637,0,81,9,7
1670182050.762288,10.10.1.100:51408,833.1,741.897,0,20,56,39
1670182050.763635,10.10.1.100:59404,123.4,713.909,0,81,9,7
1670182050.841111,10.10.1.100:51408,832.9,744.831,0,20,56,39
1670182050.842509,10.10.1.100:59404,125.4,717.011,0,81,9,7
1670182050.919897,10.10.1.100:51408,819.7,750.875,0,20,56,39
1670182050.921285,10.10.1.100:59404,131.6,726.409,0,81,10,7
1670182050.998725,10.10.1.100:51408,820.0,757.856,0,20,56,39
1670182051.000168,10.10.1.100:59404,131.6,726.409,0,81,10,7
1670182051.077641,10.10.1.100:51408,819.8,767.547,0,20,56,39
1670182051.079014,10.10.1.100:59404,131.6,726.409,0,81,10,7
1670182051.156817,10.10.1.100:51408,819.9,774.037,0,20,56,39
1670182051.158196,10.10.1.100:59404,130.3,735.606,0,81,10,7
1670182051.235240,10.10.1.100:51408,820.0,780.157,0,20,56,39
1670182051.236558,10.10.1.100:59404,134.5,740.51,0,81,10,7
1670182051.314823,10.10.1.100:51408,819.9,781.15,0,20,56,39
1670182051.316226,10.10.1.100:59404,134.5,740.51,0,81,10,7
1670182051.393965,10.10.1.100:51408,824.2,783.154,0,20,57,39
1670182051.395311,10.10.1.100:59404,128.4,749.436,0,81,10,7
1670182051.475005,10.10.1.100:51408,823.8,784.537,0,20,57,39
1670182051.476408,10.10.1.100:59404,128.4,749.436,0,81,10,7
1670182051.555107,10.10.1.100:51408,823.9,785.424,0,20,57,39
1670182051.556511,10.10.1.100:59404,132.4,754.168,0,81,10,7
1670182051.636579,10.10.1.100:51408,824.2,785.859,0,20,57,39
1670182051.638015,10.10.1.100:59404,132.4,758.332,0,81,10,7
1670182051.715738,10.10.1.100:51408,811.8,786.36,0,20,57,39
1670182051.717146,10.10.1.100:59404,146.2,761.298,0,81,11,7
1670182051.795502,10.10.1.100:51408,811.5,791.737,0,20,57,39
1670182051.796969,10.10.1.100:59404,146.2,761.298,0,81,11,7
1670182051.874547,10.10.1.100:51408,824.0,792.739,0,20,57,39
1670182051.875909,10.10.1.100:59404,146.2,761.298,0,81,11,7
1670182051.953627,10.10.1.100:51408,811.5,793.759,0,20,57,39
1670182051.954974,10.10.1.100:59404,138.6,770.626,0,81,11,7
1670182052.034531,10.10.1.100:51408,811.5,795.067,0,20,57,39
1670182052.035899,10.10.1.100:59404,147.2,772.697,0,81,11,7
1670182052.113582,10.10.1.100:51408,824.1,794.938,0,20,57,39
1670182052.114904,10.10.1.100:59404,147.2,772.697,0,81,11,7
1670182052.192383,10.10.1.100:51408,811.5,795.233,0,20,57,39
1670182052.193769,10.10.1.100:59404,138.6,780.616,0,81,11,7
1670182052.334033,10.10.1.100:51408,811.3,806.98,0,20,57,39
1670182052.336441,10.10.1.100:59404,138.6,780.616,0,81,11,7
1670182052.474973,10.10.1.100:51408,811.7,816.211,0,20,57,39
1670182052.477464,10.10.1.100:59404,142.7,784.482,0,81,11,7
1670182052.567410,10.10.1.100:51408,799.3,827.675,0,20,57,39
1670182052.568814,10.10.1.100:59404,147.2,800.208,0,81,12,7
1670182052.647273,10.10.1.100:51408,799.5,830.314,0,20,57,39
1670182052.648636,10.10.1.100:59404,147.2,800.208,0,81,12,7
1670182052.726534,10.10.1.100:51408,811.6,832.526,0,20,58,39
1670182052.727900,10.10.1.100:59404,147.2,800.208,0,81,12,7
1670182052.805432,10.10.1.100:51408,799.5,833.259,0,20,58,39
1670182052.806756,10.10.1.100:59404,150.3,806.159,0,81,12,7
1670182052.884451,10.10.1.100:51408,799.4,836.365,0,20,58,39
1670182052.885825,10.10.1.100:59404,154.7,808.328,0,81,12,7
1670182052.962952,10.10.1.100:51408,811.5,836.125,0,20,58,39
1670182052.964273,10.10.1.100:59404,154.7,808.328,0,81,12,7
1670182053.041923,10.10.1.100:51408,799.5,835.979,0,20,58,39
1670182053.043254,10.10.1.100:59404,150.3,813.271,0,81,12,7
1670182053.120792,10.10.1.100:51408,799.7,835.838,0,20,58,39
1670182053.122126,10.10.1.100:59404,150.3,813.271,0,81,12,7
1670182053.199860,10.10.1.100:51408,799.8,838.377,0,20,58,39
1670182053.201234,10.10.1.100:59404,157.0,813.012,0,81,12,7
1670182053.278690,10.10.1.100:51408,799.7,840.731,0,20,58,39
1670182053.280052,10.10.1.100:59404,157.0,812.778,0,81,12,7
1670182053.375036,10.10.1.100:51408,799.2,840.62,0,20,59,39
1670182053.377687,10.10.1.100:59404,157.0,812.578,0,81,12,7
1670182053.516172,10.10.1.100:51408,787.5,843.575,0,20,59,39
1670182053.518494,10.10.1.100:59404,160.6,814.732,0,81,13,7
1670182053.639898,10.10.1.100:51408,801.5,833.471,1,21,57,41
1670182053.641326,10.10.1.100:59404,160.6,814.732,0,81,13,7
1670182053.721575,10.10.1.100:51408,789.9,831.731,1,21,55,41
1670182053.722958,10.10.1.100:59404,160.3,824.147,0,81,13,7
1670182053.800926,10.10.1.100:51408,790.0,830.916,1,21,54,41
1670182053.802281,10.10.1.100:59404,160.3,824.147,0,81,13,7
1670182053.920294,10.10.1.100:51408,789.8,826.686,1,21,52,41
1670182053.922697,10.10.1.100:59404,160.3,824.147,0,81,13,7
1670182054.056468,10.10.1.100:51408,787.1,828.512,1,21,49,41
1670182054.058691,10.10.1.100:59404,168.7,829.393,0,81,13,7
1670182054.164805,10.10.1.100:51408,789.7,830.013,1,21,47,41
1670182054.166170,10.10.1.100:59404,168.7,828.106,0,81,13,7
1670182054.244181,10.10.1.100:51408,776.2,830.667,3,23,43,41
1670182054.245573,10.10.1.100:59404,171.4,833.898,0,81,14,7
1670182054.323276,10.10.1.100:51408,773.4,829.62,3,23,41,41
1670182054.324672,10.10.1.100:59404,171.4,833.898,0,81,14,7
1670182054.402776,10.10.1.100:51408,775.6,830.891,3,23,41,41
1670182054.404121,10.10.1.100:59404,171.4,833.898,0,81,14,7
1670182054.481742,10.10.1.100:51408,762.0,827.469,2,23,41,41
1670182054.483060,10.10.1.100:59404,182.9,832.558,0,81,14,7
1670182054.561816,10.10.1.100:51408,745.3,815.599,2,23,41,41
1670182054.563141,10.10.1.100:59404,173.6,834.482,0,81,14,7
1670182054.641668,10.10.1.100:51408,692.8,789.217,2,23,41,41
1670182054.642987,10.10.1.100:59404,173.6,834.482,0,81,14,7
1670182054.720022,10.10.1.100:51408,665.0,771.716,2,23,41,41
1670182054.721379,10.10.1.100:59404,182.7,817.369,0,81,14,7
1670182054.798868,10.10.1.100:51408,646.6,747.677,2,23,41,41
1670182054.800227,10.10.1.100:59404,182.8,804.469,0,81,14,7
1670182054.878146,10.10.1.100:51408,632.6,733.787,1,23,41,41
1670182054.879469,10.10.1.100:59404,182.8,793.209,0,81,14,7
1670182054.956986,10.10.1.100:51408,595.9,718.386,0,23,41,41
1670182054.958308,10.10.1.100:59404,184.7,768.246,0,81,15,7
1670182055.035725,10.10.1.100:51408,568.3,704.986,0,23,42,41
1670182055.037084,10.10.1.100:59404,184.7,768.246,0,81,15,7
1670182055.114153,10.10.1.100:51408,568.4,696.043,0,23,43,41
1670182055.115505,10.10.1.100:59404,184.7,768.246,0,81,15,7
1670182055.193010,10.10.1.100:51408,585.3,690.353,0,23,44,41
1670182055.194324,10.10.1.100:59404,197.0,755.484,0,81,15,7
1670182055.314776,10.10.1.100:51408,612.8,686.348,0,23,45,41
1670182055.317184,10.10.1.100:59404,191.2,748.545,0,81,15,7
1670182055.449367,10.10.1.100:51408,643.0,684.844,0,23,46,41
1670182055.451525,10.10.1.100:59404,203.9,740.546,0,81,15,7
1670182055.550177,10.10.1.100:51408,676.4,688.433,0,23,47,41
1670182055.551523,10.10.1.100:59404,227.0,720.271,0,81,15,7
1670182055.629718,10.10.1.100:51408,671.5,693.253,0,23,48,41
1670182055.631373,10.10.1.100:59404,237.1,707.657,0,81,15,7
1670182055.708270,10.10.1.100:51408,704.8,692.323,0,23,49,41
1670182055.709698,10.10.1.100:59404,241.3,709.176,0,81,16,7
1670182055.787201,10.10.1.100:51408,704.5,697.196,0,23,50,41
1670182055.788568,10.10.1.100:59404,241.3,709.176,0,81,16,7
1670182055.866784,10.10.1.100:51408,713.2,703.946,0,23,50,41
1670182055.868145,10.10.1.100:59404,247.3,708.348,0,81,16,7
1670182055.946051,10.10.1.100:51408,725.6,704.645,0,23,51,41
1670182055.947377,10.10.1.100:59404,247.3,708.348,0,81,16,7
1670182056.025246,10.10.1.100:51408,713.6,713.587,0,23,51,41
1670182056.026586,10.10.1.100:59404,231.1,713.803,0,81,16,7
1670182056.104132,10.10.1.100:51408,721.7,719.398,0,23,52,41
1670182056.105561,10.10.1.100:59404,239.2,715.361,0,81,16,7
1670182056.183495,10.10.1.100:51408,733.5,721.044,0,23,52,41
1670182056.184843,10.10.1.100:59404,227.0,718.851,0,81,16,7
1670182056.262796,10.10.1.100:51408,721.5,731.188,0,23,53,41
1670182056.264126,10.10.1.100:59404,235.3,726.552,0,81,16,7
1670182056.341262,10.10.1.100:51408,721.4,738.165,0,23,53,41
1670182056.342679,10.10.1.100:59404,235.2,729.394,0,81,16,7
1670182056.446296,10.10.1.100:51408,740.5,745.836,0,23,53,41
1670182056.449265,10.10.1.100:59404,240.7,734.46,0,81,17,7
1670182056.590758,10.10.1.100:51408,717.1,768.206,0,23,54,41
1670182056.594441,10.10.1.100:59404,240.7,734.46,0,81,17,7
1670182056.737421,10.10.1.100:51408,724.4,783.503,0,23,55,41
1670182056.739979,10.10.1.100:59404,235.4,741.08,0,81,17,7
1670182056.884218,10.10.1.100:51408,724.3,801.369,0,23,56,41
1670182056.885625,10.10.1.100:59404,221.6,752.968,0,81,17,7
1670182056.963109,10.10.1.100:51408,731.3,812.282,0,23,56,41
1670182056.964500,10.10.1.100:59404,224.9,761.84,0,81,17,7
1670182057.042411,10.10.1.100:51408,742.1,812.211,0,23,56,41
1670182057.043747,10.10.1.100:59404,217.3,775.908,0,81,17,7
1670182057.123169,10.10.1.100:51408,731.3,820.967,0,23,57,41
1670182057.124510,10.10.1.100:59404,225.0,790.184,0,81,17,7
1670182057.203330,10.10.1.100:51408,731.3,829.938,0,23,57,41
1670182057.204662,10.10.1.100:59404,225.0,794.399,0,81,17,7
1670182057.283157,10.10.1.100:51408,731.2,837.182,0,23,57,41
1670182057.284609,10.10.1.100:59404,221.7,799.596,0,81,17,7
1670182057.361951,10.10.1.100:51408,734.6,834.857,1,24,55,39
1670182057.363320,10.10.1.100:59404,221.7,799.596,0,81,17,7
1670182057.440837,10.10.1.100:51408,734.9,832.183,1,24,53,39
1670182057.442279,10.10.1.100:59404,210.9,802.64,1,82,16,8
1670182057.520368,10.10.1.100:51408,734.7,830.986,2,25,50,39
1670182057.521776,10.10.1.100:59404,221.8,806.783,1,82,15,8
1670182057.599854,10.10.1.100:51408,734.7,830.416,2,25,49,39
1670182057.601250,10.10.1.100:59404,221.8,806.783,1,82,15,8
1670182057.679126,10.10.1.100:51408,748.5,829.101,2,25,46,39
1670182057.680457,10.10.1.100:59404,221.8,806.783,1,82,15,8
1670182057.758858,10.10.1.100:51408,748.4,829.508,2,25,45,39
1670182057.760170,10.10.1.100:59404,208.0,812.195,2,83,13,8
1670182057.837349,10.10.1.100:51408,745.3,829.045,2,25,43,39
1670182057.838729,10.10.1.100:59404,208.0,816.294,2,83,12,8
1670182057.916373,10.10.1.100:51408,759.3,827.091,2,25,43,39
1670182057.917791,10.10.1.100:59404,204.0,819.5,2,83,11,8
1670182058.026003,10.10.1.100:51408,745.3,827.311,3,26,41,39
1670182058.028399,10.10.1.100:59404,210.9,818.841,2,83,8,8
1670182058.169776,10.10.1.100:51408,745.2,828.719,3,26,39,39
1670182058.171986,10.10.1.100:59404,207.8,818.625,2,83,8,8
1670182058.282336,10.10.1.100:51408,706.8,816.69,2,26,39,39
1670182058.283691,10.10.1.100:59404,210.9,816.172,1,83,8,8
1670182058.361074,10.10.1.100:51408,661.1,776.292,1,26,39,39
1670182058.362487,10.10.1.100:59404,210.9,816.172,1,83,8,8
1670182058.454655,10.10.1.100:51408,609.8,744.326,1,26,39,39
1670182058.457071,10.10.1.100:59404,196.9,801.9,0,83,8,8
1670182058.599361,10.10.1.100:51408,590.8,697.877,1,26,39,39
1670182058.601751,10.10.1.100:59404,168.8,789.484,0,83,8,8
1670182058.732619,10.10.1.100:51408,548.4,647.49,0,26,39,39
1670182058.735038,10.10.1.100:59404,112.5,748.696,0,83,8,8
1670182058.877194,10.10.1.100:51408,573.8,616.811,0,26,41,39
1670182058.879557,10.10.1.100:59404,112.5,748.696,0,83,8,8
1670182059.012572,10.10.1.100:51408,621.4,597.337,0,26,42,39
1670182059.013955,10.10.1.100:59404,116.0,731.771,0,83,9,8
1670182059.090855,10.10.1.100:51408,666.3,593.426,0,26,42,39
1670182059.092189,10.10.1.100:59404,141.7,698.271,0,83,9,8
1670182059.170060,10.10.1.100:51408,773.0,593.168,0,26,43,39
1670182059.171403,10.10.1.100:59404,147.1,682.125,0,83,9,8
1670182059.248951,10.10.1.100:51408,773.3,593.005,0,26,43,39
1670182059.250278,10.10.1.100:59404,162.8,666.473,0,83,9,8
1670182059.328611,10.10.1.100:51408,797.4,589.096,0,26,44,39
1670182059.330013,10.10.1.100:59404,162.8,666.473,0,83,9,8
1670182059.407211,10.10.1.100:51408,813.7,584.945,0,26,44,39
1670182059.408574,10.10.1.100:59404,162.8,666.473,0,83,9,8
1670182059.512613,10.10.1.100:51408,781.1,593.346,0,26,45,39
1670182059.515008,10.10.1.100:59404,170.0,657.906,0,83,10,8
1670182059.651148,10.10.1.100:51408,787.7,605.139,0,26,45,39
1670182059.653357,10.10.1.100:59404,170.0,657.906,0,83,10,8
1670182059.770045,10.10.1.100:51408,787.5,606.803,0,26,46,39
1670182059.771367,10.10.1.100:59404,160.5,653.166,0,83,10,8
1670182059.849313,10.10.1.100:51408,787.7,623.773,0,26,46,39
1670182059.850677,10.10.1.100:59404,168.7,644.893,0,83,10,8
1670182059.928497,10.10.1.100:51408,787.5,629.809,0,26,46,39
1670182059.929862,10.10.1.100:59404,168.7,644.893,0,83,10,8
1670182060.007232,10.10.1.100:51408,794.1,634.79,0,26,46,39
1670182060.008558,10.10.1.100:59404,168.7,644.893,0,83,10,8
1670182060.085299,10.10.1.100:51408,794.0,636.465,0,26,47,39
1670182060.086639,10.10.1.100:59404,165.5,643.003,0,83,10,8
1670182060.163830,10.10.1.100:51408,779.2,645.279,0,26,47,39
1670182060.165189,10.10.1.100:59404,169.8,647.862,0,83,11,8
1670182060.242106,10.10.1.100:51408,779.4,656.12,0,26,47,39
1670182060.243431,10.10.1.100:59404,169.8,647.862,0,83,11,8
1670182060.321165,10.10.1.100:51408,779.6,663.356,0,26,47,39
1670182060.322499,10.10.1.100:59404,169.8,647.862,0,83,11,8
1670182060.399760,10.10.1.100:51408,800.3,667.92,0,26,47,39
1670182060.401154,10.10.1.100:59404,174.0,650.108,0,83,11,8
1670182060.478608,10.10.1.100:51408,786.0,670.275,0,26,47,39
1670182060.479934,10.10.1.100:59404,163.8,659.482,0,83,11,8
1670182060.559464,10.10.1.100:51408,785.9,672.121,0,26,47,39
1670182060.561933,10.10.1.100:59404,174.0,660.285,0,83,11,8
1670182060.707197,10.10.1.100:51408,785.2,675.195,0,26,47,39
1670182060.709642,10.10.1.100:59404,174.0,660.285,0,83,11,8
1670182060.806780,10.10.1.100:51408,799.7,685.252,0,26,48,39
1670182060.808102,10.10.1.100:59404,167.8,664.054,0,83,11,8
1670182060.886801,10.10.1.100:51408,772.2,694.914,0,26,48,39
1670182060.888154,10.10.1.100:59404,185.6,666.866,0,83,12,8
1670182060.965555,10.10.1.100:51408,771.9,701.361,0,26,48,39
1670182060.966902,10.10.1.100:59404,185.6,666.866,0,83,12,8
1670182061.044400,10.10.1.100:51408,771.7,708.813,0,26,48,39
1670182061.045820,10.10.1.100:59404,184.6,669.798,0,83,12,8
1670182061.123592,10.10.1.100:51408,785.5,713.218,0,26,48,39
1670182061.125125,10.10.1.100:59404,181.4,673.88,0,83,12,8
1670182061.202835,10.10.1.100:51408,771.7,716.607,0,26,48,39
1670182061.204204,10.10.1.100:59404,167.7,679.923,0,83,12,8
1670182061.281886,10.10.1.100:51408,771.9,715.931,0,26,48,39
1670182061.283268,10.10.1.100:59404,171.1,688,0,83,12,8
1670182061.360397,10.10.1.100:51408,772.1,715.483,0,26,48,39
1670182061.361817,10.10.1.100:59404,171.1,688,0,83,12,8
1670182061.445407,10.10.1.100:51408,772.0,715.169,0,26,48,39
1670182061.448333,10.10.1.100:59404,171.1,688,0,83,12,8
1670182061.589848,10.10.1.100:51408,778.2,715.027,0,26,48,39
1670182061.592184,10.10.1.100:59404,181.3,691.44,0,83,12,8
1670182061.688471,10.10.1.100:51408,765.0,721.642,0,26,48,39
1670182061.689902,10.10.1.100:59404,183.5,699.689,0,83,13,8
1670182061.767911,10.10.1.100:51408,765.0,722.853,0,26,48,39
1670182061.769342,10.10.1.100:59404,194.5,701.576,0,83,13,8
1670182061.846468,10.10.1.100:51408,765.0,724.152,0,26,48,39
1670182061.847790,10.10.1.100:59404,194.5,703.233,0,83,13,8
1670182061.926978,10.10.1.100:51408,778.3,721.886,0,26,48,39
1670182061.928355,10.10.1.100:59404,194.6,704.616,0,83,13,8
1670182062.006035,10.10.1.100:51408,765.0,722.349,0,26,48,39
1670182062.007404,10.10.1.100:59404,182.0,712.019,0,83,13,8
1670182062.084472,10.10.1.100:51408,765.1,723.806,0,26,48,39
1670182062.085922,10.10.1.100:59404,182.0,712.019,0,83,13,8
1670182062.163854,10.10.1.100:51408,765.2,724.739,0,26,48,39
1670182062.165473,10.10.1.100:59404,182.0,712.019,0,83,13,8
1670182062.243049,10.10.1.100:51408,765.0,725.2,0,26,48,39
1670182062.244425,10.10.1.100:59404,191.3,715.467,0,83,13,8
1670182062.322303,10.10.1.100:51408,752.8,725.704,0,26,48,39
1670182062.323666,10.10.1.100:59404,198.8,716.08,0,83,14,8
1670182062.401536,10.10.1.100:51408,752.8,729.971,0,26,49,39
1670182062.402906,10.10.1.100:59404,198.8,716.08,0,83,14,8
1670182062.481092,10.10.1.100:51408,752.8,732.868,0,26,49,39
1670182062.482441,10.10.1.100:59404,198.8,716.08,0,83,14,8
1670182062.559792,10.10.1.100:51408,752.7,734.255,0,26,49,39
1670182062.561199,10.10.1.100:59404,203.8,721.427,0,83,14,8
1670182062.639066,10.10.1.100:51408,752.6,735.326,0,26,49,39
1670182062.640395,10.10.1.100:59404,203.8,723.598,0,83,14,8
1670182062.717662,10.10.1.100:51408,764.9,735.073,0,26,49,39
1670182062.719008,10.10.1.100:59404,203.8,723.598,0,83,14,8
1670182062.796693,10.10.1.100:51408,752.1,736.428,0,26,49,39
1670182062.798094,10.10.1.100:59404,197.1,728.668,0,83,14,8
1670182062.875845,10.10.1.100:51408,752.5,737.299,0,26,49,39
1670182062.877229,10.10.1.100:59404,197.1,728.668,0,83,14,8
1670182062.984692,10.10.1.100:51408,752.1,737.757,0,26,49,39
1670182062.987104,10.10.1.100:59404,203.6,730.057,0,83,14,8
1670182063.125558,10.10.1.100:51408,740.0,739.773,0,26,50,39
1670182063.127965,10.10.1.100:59404,203.7,732.217,0,83,14,8
1670182063.208533,10.10.1.100:51408,740.2,753.377,0,26,50,39
1670182063.210900,10.10.1.100:59404,204.9,739.619,0,83,15,8
1670182063.350372,10.10.1.100:51408,739.9,763.399,0,26,50,39
1670182063.352883,10.10.1.100:59404,212.5,742.571,0,83,15,8
1670182063.481380,10.10.1.100:51408,740.2,773.12,0,26,51,39
1670182063.483525,10.10.1.100:59404,212.3,747.513,0,83,15,8
1670182063.569811,10.10.1.100:51408,740.6,774.092,0,26,52,39
1670182063.571151,10.10.1.100:59404,206.8,752.077,0,83,15,8
1670182063.690118,10.10.1.100:51408,740.3,774.475,0,26,52,39
1670182063.692512,10.10.1.100:59404,206.8,752.077,0,83,15,8
1670182063.826081,10.10.1.100:51408,747.3,777.098,0,26,53,39
1670182063.828316,10.10.1.100:59404,209.2,756.09,0,83,15,8
1670182063.928526,10.10.1.100:51408,735.5,778.213,0,26,53,39
1670182063.929908,10.10.1.100:59404,219.5,760.086,0,83,16,8
1670182064.049030,10.10.1.100:51408,735.7,781.985,0,26,54,39
1670182064.051381,10.10.1.100:59404,219.5,760.086,0,83,16,8
1670182064.170501,10.10.1.100:51408,735.8,783.693,0,26,55,39
1670182064.172716,10.10.1.100:59404,224.2,763.662,0,83,16,8
1670182064.276775,10.10.1.100:51408,735.7,797.477,0,26,56,39
1670182064.278355,10.10.1.100:59404,220.7,766.595,0,83,16,8
1670182064.358086,10.10.1.100:51408,735.5,801.975,0,26,57,39
1670182064.359401,10.10.1.100:59404,220.7,766.595,0,83,16,8
1670182064.462873,10.10.1.100:51408,742.4,805.14,0,26,57,39
1670182064.465264,10.10.1.100:59404,207.8,775.271,0,83,16,8
1670182064.595470,10.10.1.100:51408,742.2,807.768,0,26,58,39
1670182064.598068,10.10.1.100:59404,217.3,778.295,0,83,16,8
1670182064.737420,10.10.1.100:51408,741.8,820.077,0,26,59,39
1670182064.739778,10.10.1.100:59404,210.9,793.367,0,83,16,8
1670182064.824201,10.10.1.100:51408,734.1,833.224,1,27,60,42
1670182064.825634,10.10.1.100:59404,211.4,803.763,0,83,17,8
1670182064.906362,10.10.1.100:51408,730.6,831.103,1,27,58,42
1670182064.907722,10.10.1.100:59404,221.7,807.769,0,83,17,8
1670182064.986208,10.10.1.100:51408,734.4,831.15,2,28,56,42
1670182064.987564,10.10.1.100:59404,221.7,811.291,0,83,17,8
1670182065.065614,10.10.1.100:51408,734.3,830.832,2,28,55,42
1670182065.066957,10.10.1.100:59404,224.9,812.869,0,83,17,8
1670182065.145351,10.10.1.100:51408,730.8,829.799,3,29,51,42
1670182065.146714,10.10.1.100:59404,224.9,812.869,0,83,17,8
1670182065.224868,10.10.1.100:51408,745.0,828.554,3,29,49,42
1670182065.226234,10.10.1.100:59404,224.9,812.869,0,83,17,8
1670182065.304562,10.10.1.100:51408,745.3,829.156,3,29,46,42
1670182065.305959,10.10.1.100:59404,224.9,812.869,0,83,17,8
1670182065.386262,10.10.1.100:51408,748.2,830.116,4,30,45,42
1670182065.387643,10.10.1.100:59404,207.9,816.926,1,84,15,8
1670182065.466629,10.10.1.100:51408,748.5,830.108,4,30,44,42
1670182065.467962,10.10.1.100:59404,210.9,817.3,1,84,13,8
1670182065.549050,10.10.1.100:51408,762.5,828.22,5,31,42,42
1670182065.550379,10.10.1.100:59404,210.9,817.423,1,84,12,8
1670182065.629436,10.10.1.100:51408,761.9,829.842,6,32,41,42
1670182065.631120,10.10.1.100:59404,210.9,817.423,1,84,12,8
1670182065.709746,10.10.1.100:51408,748.5,829.789,5,32,42,42
1670182065.711075,10.10.1.100:59404,194.0,817.493,2,85,9,8
1670182065.789643,10.10.1.100:51408,720.6,819.278,4,32,42,42
1670182065.790976,10.10.1.100:59404,194.0,814.705,3,86,8,8
1670182065.869369,10.10.1.100:51408,702.8,800.577,3,32,42,42
1670182065.870698,10.10.1.100:59404,196.8,809.695,3,86,8,8
1670182065.949618,10.10.1.100:51408,660.6,771.875,3,32,42,42
1670182065.950950,10.10.1.100:59404,196.8,809.695,3,86,8,8
1670182066.029743,10.10.1.100:51408,609.7,741.432,2,32,42,42
1670182066.031098,10.10.1.100:59404,196.9,796.358,2,86,8,8
1670182066.108285,10.10.1.100:51408,568.3,702.989,1,32,42,42
1670182066.109692,10.10.1.100:59404,171.3,765.677,2,86,8,8
1670182066.188259,10.10.1.100:51408,568.5,661.56,1,32,42,42
1670182066.189669,10.10.1.100:59404,157.0,748.701,2,86,8,8
1670182066.307687,10.10.1.100:51408,582.2,639.096,0,32,42,42
1670182066.310345,10.10.1.100:59404,157.0,748.701,2,86,8,8
1670182066.441989,10.10.1.100:51408,608.8,636.301,0,32,43,42
1670182066.444145,10.10.1.100:59404,114.2,717.989,0,86,8,8
1670182066.546059,10.10.1.100:51408,658.8,627.478,0,32,45,42
1670182066.547439,10.10.1.100:59404,116.0,705.521,0,86,8,8
1670182066.625691,10.10.1.100:51408,680.9,624.386,0,32,46,42
1670182066.627057,10.10.1.100:59404,116.0,705.521,0,86,8,8
1670182066.724346,10.10.1.100:51408,716.9,624.161,0,32,47,42
1670182066.726442,10.10.1.100:59404,141.7,689.827,0,86,8,8
1670182066.866914,10.10.1.100:51408,787.2,622.445,0,32,48,42
1670182066.869386,10.10.1.100:59404,143.1,684.532,0,86,8,8
1670182067.011061,10.10.1.100:51408,787.1,616.151,0,32,49,42
1670182067.013533,10.10.1.100:59404,143.5,679.695,0,86,9,8
1670182067.143199,10.10.1.100:51408,809.4,625.918,0,32,51,42
1670182067.144559,10.10.1.100:59404,150.0,668.603,0,86,9,8
1670182067.223535,10.10.1.100:51408,815.0,637.769,0,32,52,42
1670182067.225038,10.10.1.100:59404,150.0,668.603,0,86,9,8
1670182067.303679,10.10.1.100:51408,830.5,641.539,0,32,52,42
1670182067.305096,10.10.1.100:59404,150.0,668.603,0,86,9,8
1670182067.383437,10.10.1.100:51408,817.5,652.719,0,32,53,42
1670182067.384836,10.10.1.100:59404,126.3,668.992,0,86,9,8
1670182067.462360,10.10.1.100:51408,817.5,657.48,0,32,53,42
1670182067.463678,10.10.1.100:59404,133.5,672.123,0,86,9,8
1670182067.540490,10.10.1.100:59402,8400.0,5.813,,,10,
1670182067.541956,10.10.1.100:51408,822.6,671.088,0,32,54,42
1670182067.543303,10.10.1.100:59404,131.6,676.095,0,86,9,8
1670182067.619197,10.10.1.100:59402,8400.0,5.813,,,10,
1670182067.620928,10.10.1.100:51408,836.9,675.88,0,32,55,42
1670182067.622475,10.10.1.100:59404,131.6,676.095,0,86,9,8
1670182067.699134,10.10.1.100:59402,8400.0,5.813,,,10,
1670182067.700604,10.10.1.100:51408,822.8,682.145,0,32,55,42
1670182067.702108,10.10.1.100:59404,151.9,677.354,0,86,10,8
1670182067.778364,10.10.1.100:59402,8400.0,5.813,0,1,10,
1670182067.779935,10.10.1.100:51408,810.4,695.611,0,32,56,42
1670182067.781321,10.10.1.100:59404,140.3,690.143,0,86,10,8
1670182067.857972,10.10.1.100:59402,8400.0,5.813,0,1,10,
1670182067.859435,10.10.1.100:51408,810.5,707.54,0,32,56,42
1670182067.860862,10.10.1.100:59404,140.3,690.143,0,86,10,8
1670182067.937228,10.10.1.100:59402,8400.0,1,1,2,1,7
1670182067.938678,10.10.1.100:51408,815.1,717.837,0,32,56,42
1670182067.940066,10.10.1.100:59404,140.3,690.143,0,86,10,8
1670182068.015479,10.10.1.100:59402,8400.0,1,1,2,1,7
1670182068.017022,10.10.1.100:51408,815.1,724.848,0,32,57,42
1670182068.018433,10.10.1.100:59404,140.3,690.143,0,86,10,8
1670182068.094350,10.10.1.100:59402,8400.0,1,1,2,1,7
1670182068.095769,10.10.1.100:51408,835.5,735.541,0,32,57,42
1670182068.097183,10.10.1.100:59404,141.1,696.223,0,86,10,8
1670182068.173136,10.10.1.100:59402,8400.0,1,1,2,1,7
1670182068.174600,10.10.1.100:51408,817.4,737.86,0,32,58,42
1670182068.175977,10.10.1.100:59404,133.6,706.703,0,86,10,8
1670182068.252254,10.10.1.100:59402,8400.0,1,1,2,1,7
1670182068.253756,10.10.1.100:51408,818.0,742.522,0,32,58,42
1670182068.255392,10.10.1.100:59404,133.6,706.703,0,86,10,8
1670182068.330768,10.10.1.100:59402,8400.0,100.461,0,2,10,
1670182068.332360,10.10.1.100:51408,817.3,753.404,0,32,58,42
1670182068.452118,10.10.1.100:59402,8400.0,100.461,0,2,10,
1670182068.454760,10.10.1.100:51408,821.5,760.696,0,32,59,42
1670182068.583113,10.10.1.100:59402,8400.0,100.461,0,2,10,
1670182068.585596,10.10.1.100:51408,818.7,769.176,0,32,59,42
1670182068.679577,10.10.1.100:59402,8400.0,100.461,0,2,10,
1670182068.681088,10.10.1.100:51408,810.7,784.385,0,32,59,42
1670182068.757396,10.10.1.100:59402,8400.0,100.461,0,2,10,
1670182068.758844,10.10.1.100:51408,810.1,791.087,0,32,59,42
1670182068.850019,10.10.1.100:59402,8400.0,100.461,0,2,10,
1670182068.852667,10.10.1.100:51408,810.1,802.267,0,32,60,42
1670182068.987653,10.10.1.100:59402,8400.0,100.461,0,2,10,
1670182068.990321,10.10.1.100:51408,822.3,814.08,0,32,60,42
1670182069.073112,10.10.1.100:59402,8400.0,100.461,0,2,10,
1670182069.074547,10.10.1.100:51408,826.0,816.226,0,32,60,42
1670182069.150571,10.10.1.100:59402,8400.0,192.575,0,2,10,
1670182069.151996,10.10.1.100:51408,813.4,819.397,0,32,60,42
1670182069.227459,10.10.1.100:59402,8400.0,192.575,0,2,10,
1670182069.229043,10.10.1.100:51408,813.7,821.561,0,32,60,42
1670182069.305083,10.10.1.100:59402,8400.0,192.575,0,2,10,
1670182069.306520,10.10.1.100:51408,877.9,822.462,0,32,60,42
1670182069.382807,10.10.1.100:59402,8400.0,192.575,0,2,10,
1670182069.384293,10.10.1.100:51408,839.4,804.799,0,32,60,42
1670182069.462733,10.10.1.100:51408,839.5,796.33,0,32,60,42
1670182069.540428,10.10.1.100:51408,839.0,790.876,0,32,60,42
1670182069.618509,10.10.1.100:51408,867.9,787.16,0,32,61,42
1670182069.696808,10.10.1.100:51408,867.8,778.919,0,32,61,42
1670182069.774304,10.10.1.100:51408,841.9,766.265,0,32,61,42
1670182069.857931,10.10.1.100:51408,841.4,755.624,0,32,61,42
1670182069.936192,10.10.1.100:51408,841.4,747.115,0,32,61,42
1670182070.013867,10.10.1.100:51408,880.5,741.493,0,32,61,42
1670182070.091654,10.10.1.100:51408,922.9,736.47,0,32,61,42
1670182070.169673,10.10.1.100:51408,920.2,733.917,0,32,61,42
1670182070.246789,10.10.1.100:51408,920.1,731.671,0,32,61,42
1670182070.324362,10.10.1.100:51408,919.9,730.164,0,32,61,42
1670182070.454179,10.10.1.100:51408,920.4,736.988,0,32,61,42
1670182070.584214,10.10.1.100:51408,951.3,745.072,0,32,61,42
1670182070.678277,10.10.1.100:51408,951.9,748.79,0,32,61,42
1670182070.755319,10.10.1.100:51408,953.0,750.183,0,32,61,42
1670182070.830621,10.10.1.100:51408,953.0,751.118,0,32,61,42
1670182070.906848,10.10.1.100:51408,954.4,751.763,0,32,62,42
1670182070.982661,10.10.1.100:51408,954.0,752.055,0,32,62,42
1670182071.058789,10.10.1.100:51408,954.3,752.308,0,32,62,42
1670182071.135253,10.10.1.100:51408,954.4,752.432,0,32,62,42
1670182071.211377,10.10.1.100:51408,953.6,752.598,0,32,62,42
1670182071.287836,10.10.1.100:51408,953.9,752.749,0,32,62,42
1670182071.363518,10.10.1.100:51408,953.5,752.877,0,32,62,42
1670182071.439867,10.10.1.100:51408,953.5,752.607,0,32,63,42
1670182071.516505,10.10.1.100:51408,953.6,752.532,0,32,63,42
1670182071.621408,10.10.1.100:51408,954.8,752.427,0,32,63,42
1670182071.756057,10.10.1.100:51408,954.8,752.301,0,32,63,42
1670182071.831800,10.10.1.100:51408,954.1,752.341,0,32,64,42
1670182071.908434,10.10.1.100:51408,955.4,752.145,0,32,64,42
1670182072.034972,10.10.1.100:51408,956.0,751.889,0,32,64,42
1670182072.154595,10.10.1.100:51408,955.9,751.613,0,32,65,42
1670182072.238626,10.10.1.100:51408,956.0,759.479,0,32,66,42
1670182072.373913,10.10.1.100:51408,956.0,766.125,0,32,66,42
1670182072.499011,10.10.1.100:51408,954.8,771.392,0,32,67,42
1670182072.578455,10.10.1.100:51408,956.4,773.09,0,32,68,42
1670182072.655470,10.10.1.100:51408,955.5,773.891,0,32,69,42
1670182072.731492,10.10.1.100:51408,956.2,774.599,0,32,69,42
1670182072.808359,10.10.1.100:51408,955.9,777.933,0,32,70,42
1670182072.884783,10.10.1.100:51408,956.4,785.143,0,32,70,42
1670182072.960998,10.10.1.100:51408,956.8,789.793,0,32,71,42
1670182073.037420,10.10.1.100:51408,956.6,792.896,0,32,72,42
1670182073.113405,10.10.1.100:51408,956.9,794.962,0,32,72,42
1670182073.189543,10.10.1.100:51408,956.4,799.749,0,32,73,42
1670182073.266003,10.10.1.100:51408,956.8,807.556,0,32,74,42
1670182073.341989,10.10.1.100:51408,956.8,812.766,0,32,75,42
1670182073.418850,10.10.1.100:51408,956.7,816.311,0,32,76,42
1670182073.495250,10.10.1.100:51408,956.4,821.683,0,32,77,42
1670182073.570898,10.10.1.100:51408,956.5,830.297,0,32,78,42
1670182073.648142,10.10.1.100:51408,956.4,836.053,0,32,79,42
1670182073.726019,10.10.1.100:51408,956.4,831.582,1,33,76,55
1670182073.802653,10.10.1.100:51408,956.4,830.264,2,34,74,55
1670182073.878522,10.10.1.100:51408,956.5,829.751,3,35,71,55
1670182073.954784,10.10.1.100:51408,956.5,830.245,3,35,69,55
1670182074.078640,10.10.1.100:51408,956.2,830.154,4,36,66,55
1670182074.214349,10.10.1.100:51408,956.2,829.426,5,37,60,55
1670182074.308682,10.10.1.100:51408,956.0,829.538,8,40,54,55
1670182074.385167,10.10.1.100:51408,956.0,829.489,8,40,54,55
1670182074.461424,10.10.1.100:51408,956.1,830.31,9,41,53,55
1670182074.537762,10.10.1.100:51408,942.8,830.58,9,42,55,55
1670182074.614470,10.10.1.100:51408,914.1,813.691,8,42,55,55
1670182074.691874,10.10.1.100:51408,885.9,789.322,7,42,55,55
1670182074.693392,10.10.1.100:51406,26.9,784.04,,,10,
1670182074.769033,10.10.1.100:51408,817.4,754.62,6,42,55,55
1670182074.770547,10.10.1.100:51406,26.9,784.04,,,10,
1670182074.845405,10.10.1.100:51408,790.1,724.742,5,42,55,55
1670182074.846844,10.10.1.100:51406,26.9,784.04,,,10,
1670182074.921999,10.10.1.100:51408,748.2,688.603,3,42,55,55
1670182074.923436,10.10.1.100:51406,26.9,784.04,,,10,
1670182074.998533,10.10.1.100:51408,720.7,656.188,2,42,55,55
1670182075.000007,10.10.1.100:51406,26.9,784.04,,,10,
1670182075.105694,10.10.1.100:51408,720.5,641.589,1,42,55,55
1670182075.107201,10.10.1.100:51406,26.9,784.04,,,10,
1670182075.256910,10.10.1.100:51408,762.2,646.302,0,42,56,55
1670182075.258408,10.10.1.100:51406,26.9,784.04,,,10,
1670182075.339356,10.10.1.100:51406,26.9,770.488,,,10,
1670182075.414677,10.10.1.100:51406,26.9,770.488,,,10,
1670182075.489718,10.10.1.100:51406,26.9,770.488,,,10,
1670182075.564729,10.10.1.100:51406,26.9,770.488,,,10,
1670182075.640437,10.10.1.100:51406,26.9,770.488,,,10,
1670182075.730841,10.10.1.100:51406,26.9,770.488,,,10,
1670182075.863376,10.10.1.100:51406,26.9,770.488,,,10,
1670182075.944997,10.10.1.100:51406,26.9,770.488,,,10,
