1669558350.364264,10.10.1.100:59254,,,10,
1669558350.438950,10.10.1.100:59256,,,15,
1669558350.440442,10.10.1.100:59260,,,10,
1669558350.441669,10.10.1.100:59258,,,10,
1669558350.516998,10.10.1.100:59256,,,19,
1669558350.518481,10.10.1.100:59260,,,10,
1669558350.519874,10.10.1.100:59258,,,13,
1669558350.625253,10.10.1.100:59256,,,19,
1669558350.627871,10.10.1.100:59260,,,10,
1669558350.630336,10.10.1.100:59258,,,19,
1669558350.762399,10.10.1.100:59256,,,19,
1669558350.765000,10.10.1.100:59260,,,20,
1669558350.767200,10.10.1.100:59258,,,20,
1669558350.878425,10.10.1.100:59256,,,24,24
1669558350.880013,10.10.1.100:59260,,,21,
1669558350.881343,10.10.1.100:59258,,,21,
1669558350.957853,10.10.1.100:59256,,,24,24
1669558350.959375,10.10.1.100:59260,,,21,
1669558350.960758,10.10.1.100:59258,,,21,
1669558351.090687,10.10.1.100:59256,,,24,24
1669558351.093242,10.10.1.100:59260,,,21,
1669558351.095638,10.10.1.100:59258,,,24,24
1669558351.222908,10.10.1.100:59256,,,24,24
1669558351.225887,10.10.1.100:59260,,,21,
1669558351.228478,10.10.1.100:59258,,,24,24
1669558351.367505,10.10.1.100:59256,,,24,24
1669558351.369958,10.10.1.100:59260,,,24,24
1669558351.372167,10.10.1.100:59258,,,24,24
1669558351.492770,10.10.1.100:59256,,,24,24
1669558351.494195,10.10.1.100:59260,,,24,24
1669558351.495558,10.10.1.100:59258,,,24,24
1669558351.573283,10.10.1.100:59256,,,25,24
1669558351.574810,10.10.1.100:59260,,,24,24
1669558351.576165,10.10.1.100:59258,,,24,24
1669558351.653420,10.10.1.100:59256,,,25,24
1669558351.654934,10.10.1.100:59260,,,24,24
1669558351.656291,10.10.1.100:59258,,,24,24
1669558351.733608,10.10.1.100:59256,,,25,24
1669558351.735101,10.10.1.100:59260,,,24,24
1669558351.736445,10.10.1.100:59258,,,24,24
1669558351.812464,10.10.1.100:59256,,,25,24
1669558351.813905,10.10.1.100:59260,,,24,24
1669558351.815275,10.10.1.100:59258,,,25,24
1669558351.891505,10.10.1.100:59256,,,25,24
1669558351.892928,10.10.1.100:59260,,,24,24
1669558351.894258,10.10.1.100:59258,,,25,24
1669558351.972520,10.10.1.100:59256,,,25,24
1669558351.973986,10.10.1.100:59260,,,24,24
1669558351.975408,10.10.1.100:59258,,,25,24
1669558352.051716,10.10.1.100:59256,,,25,24
1669558352.053142,10.10.1.100:59260,,,24,24
1669558352.054460,10.10.1.100:59258,,,26,24
1669558352.130320,10.10.1.100:59256,,,25,24
1669558352.131977,10.10.1.100:59260,3,3,20,16
1669558352.133324,10.10.1.100:59258,,,26,24
1669558352.209389,10.10.1.100:59256,,,25,24
1669558352.210851,10.10.1.100:59260,3,3,18,16
1669558352.212174,10.10.1.100:59258,,,26,24
1669558352.288300,10.10.1.100:59256,,,26,24
1669558352.289848,10.10.1.100:59260,3,3,16,16
1669558352.291225,10.10.1.100:59258,,,26,24
1669558352.367863,10.10.1.100:59256,1,1,25,18
1669558352.369301,10.10.1.100:59260,3,3,16,16
1669558352.370657,10.10.1.100:59258,,,26,24
1669558352.446669,10.10.1.100:59256,1,1,24,18
1669558352.448221,10.10.1.100:59260,3,3,16,16
1669558352.449581,10.10.1.100:59258,,,26,24
1669558352.526240,10.10.1.100:59256,1,1,22,18
1669558352.527730,10.10.1.100:59260,3,3,16,16
1669558352.529067,10.10.1.100:59258,,,26,24
1669558352.604580,10.10.1.100:59256,1,1,20,18
1669558352.606088,10.10.1.100:59260,3,3,16,16
1669558352.607807,10.10.1.100:59258,,,26,24
1669558352.684249,10.10.1.100:59256,1,1,20,18
1669558352.685690,10.10.1.100:59260,3,3,16,16
1669558352.687052,10.10.1.100:59258,1,1,24,18
1669558352.763176,10.10.1.100:59256,1,1,20,18
1669558352.764653,10.10.1.100:59260,3,3,16,16
1669558352.765993,10.10.1.100:59258,1,1,22,18
1669558352.842927,10.10.1.100:59256,1,1,20,18
1669558352.844428,10.10.1.100:59260,3,3,16,16
1669558352.845789,10.10.1.100:59258,1,1,21,18
1669558352.923022,10.10.1.100:59256,1,1,20,18
1669558352.924549,10.10.1.100:59260,2,3,16,16
1669558352.926043,10.10.1.100:59258,1,1,19,18
1669558353.045427,10.10.1.100:59256,1,1,20,18
1669558353.048037,10.10.1.100:59260,0,3,16,16
1669558353.050354,10.10.1.100:59258,1,1,19,18
1669558353.179434,10.10.1.100:59256,1,1,18,18
1669558353.181794,10.10.1.100:59260,0,3,17,16
1669558353.183989,10.10.1.100:59258,1,1,19,18
1669558353.279297,10.10.1.100:59256,0,1,18,18
1669558353.280761,10.10.1.100:59260,0,3,17,16
1669558353.282075,10.10.1.100:59258,2,2,18,18
1669558353.375445,10.10.1.100:59256,0,1,19,18
1669558353.378041,10.10.1.100:59260,0,3,17,16
1669558353.380586,10.10.1.100:59258,2,2,18,18
1669558353.513268,10.10.1.100:59256,0,1,19,18
1669558353.515690,10.10.1.100:59260,0,3,17,16
1669558353.517840,10.10.1.100:59258,1,2,18,18
1669558353.628229,10.10.1.100:59256,0,1,19,18
1669558353.629636,10.10.1.100:59260,0,3,18,16
1669558353.631044,10.10.1.100:59258,1,2,18,18
1669558353.708759,10.10.1.100:59256,0,1,19,18
1669558353.710542,10.10.1.100:59260,0,3,19,16
1669558353.711985,10.10.1.100:59258,1,2,18,18
1669558353.788224,10.10.1.100:59256,0,1,20,18
1669558353.789685,10.10.1.100:59260,0,3,20,16
1669558353.791096,10.10.1.100:59258,1,2,18,18
1669558353.867982,10.10.1.100:59256,0,1,21,18
1669558353.869487,10.10.1.100:59260,0,3,20,16
1669558353.870855,10.10.1.100:59258,1,2,18,18
1669558353.946892,10.10.1.100:59256,0,1,22,18
1669558353.948341,10.10.1.100:59260,0,3,20,16
1669558353.949794,10.10.1.100:59258,0,2,18,18
1669558354.026180,10.10.1.100:59256,0,1,22,18
1669558354.027686,10.10.1.100:59260,0,3,20,16
1669558354.029090,10.10.1.100:59258,0,2,18,18
1669558354.104704,10.10.1.100:59256,0,1,22,18
1669558354.106122,10.10.1.100:59260,0,3,20,16
1669558354.107899,10.10.1.100:59258,0,2,19,18
1669558354.183758,10.10.1.100:59256,0,1,22,18
1669558354.185241,10.10.1.100:59260,0,3,20,16
1669558354.186645,10.10.1.100:59258,0,2,19,18
1669558354.263904,10.10.1.100:59256,0,1,22,18
1669558354.265429,10.10.1.100:59260,0,3,21,16
1669558354.266802,10.10.1.100:59258,0,2,20,18
1669558354.343785,10.10.1.100:59256,0,1,22,18
1669558354.345188,10.10.1.100:59260,0,3,22,16
1669558354.346623,10.10.1.100:59258,0,2,20,18
1669558354.423033,10.10.1.100:59256,0,1,23,18
1669558354.424435,10.10.1.100:59260,0,3,22,16
1669558354.425838,10.10.1.100:59258,0,2,20,18
1669558354.504138,10.10.1.100:59256,0,1,23,18
1669558354.505617,10.10.1.100:59260,0,3,22,16
1669558354.507088,10.10.1.100:59258,0,2,20,18
1669558354.583226,10.10.1.100:59256,0,1,24,18
1669558354.584694,10.10.1.100:59260,0,3,23,16
1669558354.586035,10.10.1.100:59258,0,2,20,18
1669558354.662222,10.10.1.100:59256,0,1,24,18
1669558354.663735,10.10.1.100:59260,0,3,23,16
1669558354.665142,10.10.1.100:59258,0,2,20,18
1669558354.741076,10.10.1.100:59256,0,1,25,18
1669558354.742496,10.10.1.100:59260,0,3,23,16
1669558354.743913,10.10.1.100:59258,0,2,21,18
1669558354.820104,10.10.1.100:59256,0,1,25,18
1669558354.821604,10.10.1.100:59260,0,3,23,16
1669558354.823009,10.10.1.100:59258,0,2,21,18
1669558354.899694,10.10.1.100:59256,0,1,25,18
1669558354.901121,10.10.1.100:59260,0,3,23,16
1669558354.902484,10.10.1.100:59258,0,2,22,18
1669558354.978851,10.10.1.100:59256,0,1,25,18
1669558354.980391,10.10.1.100:59260,0,3,23,16
1669558354.982039,10.10.1.100:59258,0,2,23,18
1669558355.058499,10.10.1.100:59256,0,1,25,18
1669558355.060085,10.10.1.100:59260,0,3,23,16
1669558355.061427,10.10.1.100:59258,0,2,23,18
1669558355.192749,10.10.1.100:59256,0,1,25,18
1669558355.195476,10.10.1.100:59260,0,3,23,16
1669558355.197928,10.10.1.100:59258,0,2,23,18
1669558355.325642,10.10.1.100:59256,0,1,25,18
1669558355.328011,10.10.1.100:59260,0,3,23,16
1669558355.330230,10.10.1.100:59258,0,2,23,18
1669558355.417427,10.10.1.100:59256,0,1,25,18
1669558355.418999,10.10.1.100:59260,0,3,24,16
1669558355.420365,10.10.1.100:59258,0,2,23,18
1669558355.496174,10.10.1.100:59256,0,1,25,18
1669558355.497645,10.10.1.100:59260,0,3,24,16
1669558355.499049,10.10.1.100:59258,0,2,23,18
1669558355.575094,10.10.1.100:59256,0,1,26,18
1669558355.576559,10.10.1.100:59260,0,3,24,16
1669558355.577881,10.10.1.100:59258,0,2,23,18
1669558355.655046,10.10.1.100:59256,0,1,26,18
1669558355.656576,10.10.1.100:59260,0,3,24,16
1669558355.657900,10.10.1.100:59258,0,2,24,18
1669558355.734582,10.10.1.100:59256,0,1,26,18
1669558355.736061,10.10.1.100:59260,0,3,24,16
1669558355.737390,10.10.1.100:59258,1,3,22,16
1669558355.813456,10.10.1.100:59256,0,1,26,18
1669558355.814973,10.10.1.100:59260,0,3,24,16
1669558355.816325,10.10.1.100:59258,2,4,20,16
1669558355.892590,10.10.1.100:59256,0,1,26,18
1669558355.893985,10.10.1.100:59260,0,3,24,16
1669558355.895405,10.10.1.100:59258,2,4,20,16
1669558355.971648,10.10.1.100:59256,0,1,26,18
1669558355.973190,10.10.1.100:59260,0,3,24,16
1669558355.974616,10.10.1.100:59258,2,4,20,16
1669558356.051417,10.10.1.100:59256,0,1,26,18
1669558356.052959,10.10.1.100:59260,0,3,24,16
1669558356.054359,10.10.1.100:59258,2,4,20,16
1669558356.131098,10.10.1.100:59256,0,1,26,18
1669558356.132637,10.10.1.100:59260,0,3,24,16
1669558356.134028,10.10.1.100:59258,2,4,20,16
1669558356.210592,10.10.1.100:59256,0,1,26,18
1669558356.212080,10.10.1.100:59260,0,3,24,16
1669558356.213631,10.10.1.100:59258,2,4,20,16
1669558356.289738,10.10.1.100:59256,0,1,26,18
1669558356.291239,10.10.1.100:59260,0,3,24,16
1669558356.292583,10.10.1.100:59258,2,4,19,16
1669558356.369410,10.10.1.100:59256,0,1,26,18
1669558356.370921,10.10.1.100:59260,0,3,24,16
1669558356.372274,10.10.1.100:59258,2,4,19,16
1669558356.448486,10.10.1.100:59256,1,2,25,18
1669558356.449929,10.10.1.100:59260,0,3,24,16
1669558356.451294,10.10.1.100:59258,3,5,16,16
1669558356.528057,10.10.1.100:59256,1,2,25,18
1669558356.529564,10.10.1.100:59260,0,3,24,16
1669558356.530926,10.10.1.100:59258,2,5,16,16
1669558356.607904,10.10.1.100:59256,1,2,25,18
1669558356.609544,10.10.1.100:59260,1,4,23,16
1669558356.610929,10.10.1.100:59258,1,5,16,16
1669558356.695484,10.10.1.100:59256,1,2,25,18
1669558356.698033,10.10.1.100:59260,1,4,21,16
1669558356.700569,10.10.1.100:59258,1,5,16,16
1669558356.836027,10.10.1.100:59256,1,2,25,18
1669558356.838654,10.10.1.100:59260,1,4,18,16
1669558356.841066,10.10.1.100:59258,1,5,16,16
1669558356.967987,10.10.1.100:59256,1,2,23,18
1669558356.970464,10.10.1.100:59260,1,4,16,16
1669558356.972734,10.10.1.100:59258,1,5,16,16
1669558357.066632,10.10.1.100:59256,1,2,21,18
1669558357.069269,10.10.1.100:59260,1,4,16,16
1669558357.071704,10.10.1.100:59258,1,5,16,16
1669558357.207456,10.10.1.100:59256,1,2,18,18
1669558357.210095,10.10.1.100:59260,1,4,16,16
1669558357.212560,10.10.1.100:59258,1,5,16,16
1669558357.298607,10.10.1.100:59256,0,2,18,18
1669558357.300095,10.10.1.100:59260,1,4,16,16
1669558357.301429,10.10.1.100:59258,0,5,16,16
1669558357.378178,10.10.1.100:59256,0,2,18,18
1669558357.379681,10.10.1.100:59260,1,4,16,16
1669558357.381009,10.10.1.100:59258,0,5,16,16
1669558357.456616,10.10.1.100:59256,0,2,18,18
1669558357.458091,10.10.1.100:59260,0,4,16,16
1669558357.459479,10.10.1.100:59258,0,5,16,16
1669558357.536171,10.10.1.100:59256,0,2,18,18
1669558357.537644,10.10.1.100:59260,0,4,16,16
1669558357.539012,10.10.1.100:59258,0,5,16,16
1669558357.616234,10.10.1.100:59256,0,2,19,18
1669558357.617738,10.10.1.100:59260,0,4,17,16
1669558357.619150,10.10.1.100:59258,0,5,16,16
1669558357.695284,10.10.1.100:59256,0,2,20,18
1669558357.696770,10.10.1.100:59260,0,4,17,16
1669558357.698089,10.10.1.100:59258,0,5,17,16
1669558357.774158,10.10.1.100:59256,0,2,20,18
1669558357.775680,10.10.1.100:59260,0,4,17,16
1669558357.777000,10.10.1.100:59258,0,5,17,16
1669558357.852707,10.10.1.100:59256,0,2,21,18
1669558357.854185,10.10.1.100:59260,0,4,17,16
1669558357.855552,10.10.1.100:59258,0,5,17,16
1669558357.931893,10.10.1.100:59256,0,2,21,18
1669558357.933330,10.10.1.100:59260,0,4,17,16
1669558357.934740,10.10.1.100:59258,0,5,18,16
1669558358.010894,10.10.1.100:59256,0,2,21,18
1669558358.012461,10.10.1.100:59260,0,4,18,16
1669558358.013793,10.10.1.100:59258,0,5,18,16
1669558358.110116,10.10.1.100:59256,0,2,21,18
1669558358.112796,10.10.1.100:59260,0,4,19,16
1669558358.115202,10.10.1.100:59258,0,5,18,16
1669558358.250399,10.10.1.100:59256,0,2,22,18
1669558358.252885,10.10.1.100:59260,0,4,20,16
1669558358.255110,10.10.1.100:59258,0,5,18,16
1669558358.371408,10.10.1.100:59256,0,2,23,18
1669558358.372871,10.10.1.100:59260,0,4,20,16
1669558358.374203,10.10.1.100:59258,0,5,19,16
1669558358.449666,10.10.1.100:59256,0,2,23,18
1669558358.451216,10.10.1.100:59260,0,4,20,16
1669558358.452557,10.10.1.100:59258,0,5,19,16
1669558358.528932,10.10.1.100:59256,0,2,23,18
1669558358.530436,10.10.1.100:59260,0,4,20,16
1669558358.531810,10.10.1.100:59258,0,5,19,16
1669558358.608615,10.10.1.100:59256,0,2,24,18
1669558358.610121,10.10.1.100:59260,0,4,20,16
1669558358.611523,10.10.1.100:59258,0,5,19,16
1669558358.687355,10.10.1.100:59256,0,2,24,18
1669558358.688820,10.10.1.100:59260,0,4,21,16
1669558358.690161,10.10.1.100:59258,0,5,19,16
1669558358.766941,10.10.1.100:59256,0,2,24,18
1669558358.768396,10.10.1.100:59260,0,4,22,16
1669558358.769764,10.10.1.100:59258,0,5,19,16
1669558358.846868,10.10.1.100:59256,0,2,24,18
1669558358.848363,10.10.1.100:59260,0,4,22,16
1669558358.849744,10.10.1.100:59258,0,5,19,16
1669558358.925847,10.10.1.100:59256,0,2,24,18
1669558358.927354,10.10.1.100:59260,0,4,22,16
1669558358.928787,10.10.1.100:59258,0,5,19,16
1669558359.005080,10.10.1.100:59256,0,2,25,18
1669558359.006503,10.10.1.100:59260,0,4,22,16
1669558359.007915,10.10.1.100:59258,0,5,19,16
1669558359.084023,10.10.1.100:59256,0,2,25,18
1669558359.085748,10.10.1.100:59260,0,4,23,16
1669558359.087152,10.10.1.100:59258,0,5,20,16
1669558359.164960,10.10.1.100:59256,0,2,25,18
1669558359.166449,10.10.1.100:59260,0,4,23,16
1669558359.167857,10.10.1.100:59258,0,5,20,16
1669558359.264302,10.10.1.100:59256,0,2,25,18
1669558359.267002,10.10.1.100:59260,0,4,23,16
1669558359.269399,10.10.1.100:59258,0,5,20,16
1669558359.400593,10.10.1.100:59256,0,2,25,18
1669558359.403067,10.10.1.100:59260,0,4,23,16
1669558359.405275,10.10.1.100:59258,0,5,20,16
1669558359.511276,10.10.1.100:59256,0,2,25,18
1669558359.512704,10.10.1.100:59260,0,4,23,16
1669558359.514067,10.10.1.100:59258,0,5,20,16
1669558359.590745,10.10.1.100:59256,0,2,25,18
1669558359.592154,10.10.1.100:59260,0,4,23,16
1669558359.593517,10.10.1.100:59258,0,5,20,16
1669558359.669390,10.10.1.100:59256,0,2,25,18
1669558359.670840,10.10.1.100:59260,0,4,23,16
1669558359.672252,10.10.1.100:59258,0,5,20,16
1669558359.748340,10.10.1.100:59256,0,2,25,18
1669558359.749812,10.10.1.100:59260,0,4,23,16
1669558359.751213,10.10.1.100:59258,0,5,20,16
1669558359.826970,10.10.1.100:59256,0,2,26,18
1669558359.828383,10.10.1.100:59260,0,4,24,16
1669558359.829828,10.10.1.100:59258,0,5,20,16
1669558359.905745,10.10.1.100:59256,0,2,26,18
1669558359.907187,10.10.1.100:59260,0,4,24,16
1669558359.908585,10.10.1.100:59258,0,5,20,16
1669558359.984987,10.10.1.100:59256,0,2,26,18
1669558359.986502,10.10.1.100:59260,0,4,24,16
1669558359.987873,10.10.1.100:59258,0,5,20,16
1669558360.063538,10.10.1.100:59256,0,2,26,18
1669558360.065011,10.10.1.100:59260,0,4,24,16
1669558360.066416,10.10.1.100:59258,0,5,20,16
1669558360.142993,10.10.1.100:59256,0,2,26,18
1669558360.144517,10.10.1.100:59260,0,4,24,16
1669558360.145892,10.10.1.100:59258,0,5,20,16
1669558360.222684,10.10.1.100:59256,0,2,26,18
1669558360.224135,10.10.1.100:59260,0,4,24,16
1669558360.225501,10.10.1.100:59258,0,5,20,16
1669558360.302117,10.10.1.100:59256,0,2,26,18
1669558360.303607,10.10.1.100:59260,0,4,24,16
1669558360.304956,10.10.1.100:59258,0,5,20,16
1669558360.381529,10.10.1.100:59256,0,2,26,18
1669558360.382981,10.10.1.100:59260,0,4,24,16
1669558360.384353,10.10.1.100:59258,0,5,20,16
1669558360.460483,10.10.1.100:59256,0,2,26,18
1669558360.462000,10.10.1.100:59260,0,4,24,16
1669558360.463388,10.10.1.100:59258,0,5,20,16
1669558360.539599,10.10.1.100:59256,0,2,26,18
1669558360.541037,10.10.1.100:59260,0,4,24,16
1669558360.542400,10.10.1.100:59258,0,5,20,16
1669558360.618458,10.10.1.100:59256,0,2,26,18
1669558360.619964,10.10.1.100:59260,0,4,24,16
1669558360.621348,10.10.1.100:59258,0,5,20,16
1669558360.737875,10.10.1.100:59256,0,2,26,18
1669558360.740516,10.10.1.100:59260,0,4,24,16
1669558360.742924,10.10.1.100:59258,0,5,20,16
1669558360.869698,10.10.1.100:59256,0,2,26,18
1669558360.871191,10.10.1.100:59260,0,4,24,16
1669558360.872555,10.10.1.100:59258,0,5,21,16
1669558360.947801,10.10.1.100:59256,0,2,26,18
1669558360.949241,10.10.1.100:59260,1,5,23,16
1669558360.950637,10.10.1.100:59258,0,5,21,16
1669558361.026432,10.10.1.100:59256,0,2,26,18
1669558361.027906,10.10.1.100:59260,1,5,23,16
1669558361.029275,10.10.1.100:59258,0,5,21,16
1669558361.105074,10.10.1.100:59256,0,2,26,18
1669558361.106474,10.10.1.100:59260,1,5,22,16
1669558361.108223,10.10.1.100:59258,0,5,21,16
1669558361.184242,10.10.1.100:59256,0,2,26,18
1669558361.185764,10.10.1.100:59260,1,5,20,16
1669558361.187143,10.10.1.100:59258,0,5,21,16
1669558361.263186,10.10.1.100:59256,0,2,26,18
1669558361.264658,10.10.1.100:59260,1,5,18,16
1669558361.266052,10.10.1.100:59258,0,5,21,16
1669558361.342710,10.10.1.100:59256,0,2,26,18
1669558361.344142,10.10.1.100:59260,1,5,16,16
1669558361.345481,10.10.1.100:59258,0,5,21,16
1669558361.421160,10.10.1.100:59256,0,2,27,18
1669558361.422671,10.10.1.100:59260,1,5,16,16
1669558361.424021,10.10.1.100:59258,0,5,21,16
1669558361.500128,10.10.1.100:59256,0,2,27,18
1669558361.501532,10.10.1.100:59260,1,5,16,16
1669558361.502943,10.10.1.100:59258,0,5,22,16
1669558361.578260,10.10.1.100:59256,0,2,27,18
1669558361.579738,10.10.1.100:59260,1,5,16,16
1669558361.581132,10.10.1.100:59258,0,5,22,16
1669558361.657224,10.10.1.100:59256,0,2,27,18
1669558361.658845,10.10.1.100:59260,1,5,16,16
1669558361.660205,10.10.1.100:59258,0,5,22,16
1669558361.736976,10.10.1.100:59256,1,3,26,18
1669558361.738503,10.10.1.100:59260,0,5,16,16
1669558361.739927,10.10.1.100:59258,0,5,23,16
1669558361.903486,10.10.1.100:59256,1,3,25,18
1669558361.906006,10.10.1.100:59260,0,5,16,16
1669558361.908470,10.10.1.100:59258,0,5,24,16
1669558362.016626,10.10.1.100:59256,1,3,25,18
1669558362.018126,10.10.1.100:59260,0,5,17,16
1669558362.019516,10.10.1.100:59258,0,5,24,16
1669558362.095687,10.10.1.100:59256,1,3,23,18
1669558362.097114,10.10.1.100:59260,0,5,18,16
1669558362.098429,10.10.1.100:59258,0,5,24,16
1669558362.174795,10.10.1.100:59256,1,3,21,18
1669558362.176230,10.10.1.100:59260,0,5,18,16
1669558362.177579,10.10.1.100:59258,0,5,24,16
1669558362.254277,10.10.1.100:59256,1,3,20,18
1669558362.256270,10.10.1.100:59260,0,5,18,16
1669558362.258144,10.10.1.100:59258,0,5,24,16
1669558362.393743,10.10.1.100:59256,1,3,18,18
1669558362.396615,10.10.1.100:59260,0,5,18,16
1669558362.399024,10.10.1.100:59258,0,5,26,16
1669558362.511791,10.10.1.100:59256,0,3,18,18
1669558362.513264,10.10.1.100:59260,0,5,19,16
1669558362.514621,10.10.1.100:59258,0,5,27,16
1669558362.591548,10.10.1.100:59256,0,3,18,18
1669558362.593049,10.10.1.100:59260,0,5,19,16
1669558362.594378,10.10.1.100:59258,0,5,28,16
1669558362.670951,10.10.1.100:59256,0,3,18,18
1669558362.672382,10.10.1.100:59260,0,5,19,16
1669558362.673703,10.10.1.100:59258,0,5,29,16
1669558362.749669,10.10.1.100:59256,0,3,18,18
1669558362.751221,10.10.1.100:59260,0,5,20,16
1669558362.752537,10.10.1.100:59258,0,5,29,16
1669558362.827903,10.10.1.100:59256,0,3,18,18
1669558362.829344,10.10.1.100:59260,0,5,21,16
1669558362.830707,10.10.1.100:59258,0,5,30,16
1669558362.906364,10.10.1.100:59256,0,3,19,18
1669558362.907873,10.10.1.100:59260,0,5,21,16
1669558362.909204,10.10.1.100:59258,0,5,30,16
1669558362.985276,10.10.1.100:59256,0,3,20,18
1669558362.986731,10.10.1.100:59260,0,5,21,16
1669558362.988089,10.10.1.100:59258,0,5,30,16
1669558363.063646,10.10.1.100:59256,0,3,20,18
1669558363.065065,10.10.1.100:59260,0,5,22,16
1669558363.066384,10.10.1.100:59258,0,5,31,16
1669558363.142050,10.10.1.100:59256,0,3,20,18
1669558363.143563,10.10.1.100:59260,0,5,22,16
1669558363.144876,10.10.1.100:59258,0,5,32,16
1669558363.220450,10.10.1.100:59256,0,3,21,18
1669558363.221905,10.10.1.100:59260,0,5,22,16
1669558363.223281,10.10.1.100:59258,0,5,34,16
1669558363.300591,10.10.1.100:59256,0,3,21,18
1669558363.302040,10.10.1.100:59260,0,5,22,16
1669558363.303394,10.10.1.100:59258,0,5,35,16
1669558363.380134,10.10.1.100:59256,0,3,21,18
1669558363.381605,10.10.1.100:59260,0,5,22,16
1669558363.382961,10.10.1.100:59258,0,5,37,16
1669558363.458868,10.10.1.100:59256,0,3,21,18
1669558363.460334,10.10.1.100:59260,0,5,22,16
1669558363.461701,10.10.1.100:59258,0,5,37,16
1669558363.537247,10.10.1.100:59256,0,3,22,18
1669558363.538782,10.10.1.100:59260,0,5,22,16
1669558363.540115,10.10.1.100:59258,0,5,38,16
1669558363.616001,10.10.1.100:59256,0,3,22,18
1669558363.617437,10.10.1.100:59260,0,5,23,16
1669558363.618798,10.10.1.100:59258,0,5,39,16
1669558363.695147,10.10.1.100:59256,0,3,22,18
1669558363.696627,10.10.1.100:59260,0,5,23,16
1669558363.697949,10.10.1.100:59258,0,5,39,16
1669558363.774789,10.10.1.100:59256,1,4,20,15
1669558363.776220,10.10.1.100:59260,0,5,23,16
1669558363.777542,10.10.1.100:59258,0,5,39,16
1669558363.853324,10.10.1.100:59256,1,4,18,15
1669558363.854850,10.10.1.100:59260,0,5,23,16
1669558363.856181,10.10.1.100:59258,0,5,41,16
1669558363.932316,10.10.1.100:59256,1,4,18,15
1669558363.933756,10.10.1.100:59260,0,5,23,16
1669558363.935148,10.10.1.100:59258,1,6,42,30
1669558364.011618,10.10.1.100:59256,2,5,17,15
1669558364.013088,10.10.1.100:59260,0,5,23,16
1669558364.014431,10.10.1.100:59258,1,6,41,30
1669558364.090284,10.10.1.100:59256,3,6,15,15
1669558364.091799,10.10.1.100:59260,2,7,21,16
1669558364.093137,10.10.1.100:59258,2,7,39,30
1669558364.168986,10.10.1.100:59256,4,7,15,15
1669558364.170442,10.10.1.100:59260,2,7,21,16
1669558364.171837,10.10.1.100:59258,3,8,35,30
1669558364.247663,10.10.1.100:59256,4,7,15,15
1669558364.249260,10.10.1.100:59260,2,7,21,16
1669558364.250659,10.10.1.100:59258,5,10,33,30
1669558364.326460,10.10.1.100:59256,4,7,15,15
1669558364.327982,10.10.1.100:59260,2,7,20,16
1669558364.329335,10.10.1.100:59258,5,10,32,30
1669558364.405845,10.10.1.100:59256,4,7,15,15
1669558364.407379,10.10.1.100:59260,2,7,18,16
1669558364.408702,10.10.1.100:59258,5,10,32,30
1669558364.486411,10.10.1.100:59256,4,7,15,15
1669558364.488322,10.10.1.100:59260,2,7,16,16
1669558364.489894,10.10.1.100:59258,7,12,28,30
1669558364.573928,10.10.1.100:59256,4,8,15,15
1669558364.576659,10.10.1.100:59260,2,7,16,16
1669558364.579066,10.10.1.100:59258,7,12,28,30
1669558364.714184,10.10.1.100:59256,4,8,15,15
1669558364.716890,10.10.1.100:59260,2,7,16,16
1669558364.719390,10.10.1.100:59258,8,13,28,30
1669558364.845297,10.10.1.100:59256,3,8,15,15
1669558364.847782,10.10.1.100:59260,2,7,16,16
1669558364.850009,10.10.1.100:59258,9,15,30,30
1669558364.928661,10.10.1.100:59256,1,8,15,15
1669558364.930119,10.10.1.100:59260,0,7,16,16
1669558364.931536,10.10.1.100:59258,7,15,30,30
1669558365.007726,10.10.1.100:59256,1,8,15,15
1669558365.009197,10.10.1.100:59260,0,7,16,16
1669558365.010574,10.10.1.100:59258,5,15,30,30
1669558365.086758,10.10.1.100:59256,1,8,15,15
1669558365.088274,10.10.1.100:59260,0,7,16,16
1669558365.089636,10.10.1.100:59258,5,15,30,30
1669558365.165764,10.10.1.100:59256,1,8,15,15
1669558365.167310,10.10.1.100:59260,0,7,17,16
1669558365.168653,10.10.1.100:59258,3,15,30,30
1669558365.297972,10.10.1.100:59256,0,8,15,15
1669558365.300738,10.10.1.100:59260,0,7,17,16
1669558365.303118,10.10.1.100:59258,3,15,30,30
1669558365.444320,10.10.1.100:59256,0,8,15,15
1669558365.446909,10.10.1.100:59260,0,7,17,16
1669558365.449311,10.10.1.100:59258,2,15,30,30
1669558365.584914,10.10.1.100:59256,0,8,16,15
1669558365.587480,10.10.1.100:59260,0,7,17,16
1669558365.589981,10.10.1.100:59258,0,15,30,30
1669558365.673696,10.10.1.100:59256,0,8,16,15
1669558365.675254,10.10.1.100:59260,0,7,18,16
1669558365.676580,10.10.1.100:59258,0,15,31,30
1669558365.753485,10.10.1.100:59256,0,8,16,15
1669558365.754979,10.10.1.100:59260,0,7,18,16
1669558365.756334,10.10.1.100:59258,0,15,31,30
1669558365.832822,10.10.1.100:59256,0,8,16,15
1669558365.834313,10.10.1.100:59260,0,7,18,16
1669558365.835683,10.10.1.100:59258,0,15,31,30
1669558365.911868,10.10.1.100:59256,0,8,16,15
1669558365.913295,10.10.1.100:59260,0,7,18,16
1669558365.914678,10.10.1.100:59258,0,15,32,30
1669558365.991009,10.10.1.100:59256,0,8,17,15
1669558365.992489,10.10.1.100:59260,0,7,18,16
1669558365.993812,10.10.1.100:59258,0,15,32,30
1669558366.070466,10.10.1.100:59256,0,8,17,15
1669558366.071954,10.10.1.100:59260,0,7,18,16
1669558366.073302,10.10.1.100:59258,0,15,32,30
1669558366.150473,10.10.1.100:59256,0,8,17,15
1669558366.151950,10.10.1.100:59260,0,7,18,16
1669558366.153273,10.10.1.100:59258,0,15,33,30
1669558366.228750,10.10.1.100:59256,0,8,17,15
1669558366.230200,10.10.1.100:59260,0,7,18,16
1669558366.231989,10.10.1.100:59258,0,15,34,30
1669558366.308953,10.10.1.100:59256,0,8,17,15
1669558366.310396,10.10.1.100:59260,0,7,18,16
1669558366.311757,10.10.1.100:59258,0,15,34,30
1669558366.388774,10.10.1.100:59256,0,8,17,15
1669558366.390275,10.10.1.100:59260,0,7,19,16
1669558366.391682,10.10.1.100:59258,0,15,35,30
1669558366.467719,10.10.1.100:59256,0,8,17,15
1669558366.469172,10.10.1.100:59260,0,7,19,16
1669558366.470500,10.10.1.100:59258,0,15,36,30
1669558366.546679,10.10.1.100:59256,0,8,17,15
1669558366.548220,10.10.1.100:59260,0,7,19,16
1669558366.549558,10.10.1.100:59258,0,15,36,30
1669558366.625609,10.10.1.100:59256,0,8,17,15
1669558366.627073,10.10.1.100:59260,0,7,19,16
1669558366.628396,10.10.1.100:59258,0,15,36,30
1669558366.704130,10.10.1.100:59256,0,8,17,15
1669558366.705740,10.10.1.100:59260,0,7,19,16
1669558366.707111,10.10.1.100:59258,0,15,36,30
1669558366.782914,10.10.1.100:59256,0,8,18,15
1669558366.784361,10.10.1.100:59260,0,7,19,16
1669558366.785686,10.10.1.100:59258,0,15,37,30
1669558366.862045,10.10.1.100:59256,0,8,18,15
1669558366.863595,10.10.1.100:59260,0,7,19,16
1669558366.864995,10.10.1.100:59258,0,15,37,30
1669558366.975574,10.10.1.100:59256,0,8,18,15
1669558366.978122,10.10.1.100:59260,0,7,19,16
1669558366.980708,10.10.1.100:59258,0,15,37,30
1669558367.112541,10.10.1.100:59256,0,8,18,15
1669558367.114032,10.10.1.100:59260,0,7,19,16
1669558367.115457,10.10.1.100:59258,0,15,39,30
1669558367.190968,10.10.1.100:59256,0,8,18,15
1669558367.192511,10.10.1.100:59260,1,8,18,13
1669558367.193853,10.10.1.100:59258,0,15,39,30
1669558367.270821,10.10.1.100:59256,0,8,18,15
1669558367.272292,10.10.1.100:59260,1,8,18,13
1669558367.273686,10.10.1.100:59258,1,16,38,27
1669558367.350673,10.10.1.100:59256,0,8,18,15
1669558367.352089,10.10.1.100:59260,1,8,18,13
1669558367.353467,10.10.1.100:59258,1,16,35,27
1669558367.430796,10.10.1.100:59256,0,8,18,15
1669558367.432347,10.10.1.100:59260,1,8,17,13
1669558367.433718,10.10.1.100:59258,2,17,34,27
1669558367.509293,10.10.1.100:59256,0,8,18,15
1669558367.510769,10.10.1.100:59260,1,8,16,13
1669558367.512143,10.10.1.100:59258,2,17,33,27
1669558367.587769,10.10.1.100:59256,0,8,18,15
1669558367.589286,10.10.1.100:59260,1,8,15,13
1669558367.590671,10.10.1.100:59258,2,17,33,27
1669558367.667119,10.10.1.100:59256,1,9,16,12
1669558367.668639,10.10.1.100:59260,1,8,14,13
1669558367.669982,10.10.1.100:59258,2,17,33,27
1669558367.747636,10.10.1.100:59256,1,9,15,12
1669558367.749101,10.10.1.100:59260,1,8,13,13
1669558367.750439,10.10.1.100:59258,3,18,31,27
1669558367.826646,10.10.1.100:59256,1,9,15,12
1669558367.828076,10.10.1.100:59260,1,8,13,13
1669558367.829443,10.10.1.100:59258,3,18,29,27
1669558367.905775,10.10.1.100:59256,1,9,15,12
1669558367.907233,10.10.1.100:59260,1,8,13,13
1669558367.908604,10.10.1.100:59258,3,18,27,27
1669558367.985679,10.10.1.100:59256,1,9,14,12
1669558367.987131,10.10.1.100:59260,1,8,13,13
1669558367.988578,10.10.1.100:59258,4,19,26,27
1669558368.064533,10.10.1.100:59256,1,9,13,12
1669558368.065979,10.10.1.100:59260,1,9,13,13
1669558368.067399,10.10.1.100:59258,4,19,26,27
1669558368.144385,10.10.1.100:59256,1,9,12,12
1669558368.146007,10.10.1.100:59260,1,9,13,13
1669558368.147396,10.10.1.100:59258,3,19,27,27
1669558368.223890,10.10.1.100:59256,1,9,12,12
1669558368.225300,10.10.1.100:59260,1,9,13,13
1669558368.226718,10.10.1.100:59258,2,19,27,27
1669558368.303213,10.10.1.100:59256,1,9,12,12
1669558368.304751,10.10.1.100:59260,1,9,13,13
1669558368.306095,10.10.1.100:59258,2,19,27,27
1669558368.382985,10.10.1.100:59256,0,9,12,12
1669558368.384419,10.10.1.100:59260,1,9,13,13
1669558368.385798,10.10.1.100:59258,2,19,27,27
1669558368.461852,10.10.1.100:59256,0,9,12,12
1669558368.463352,10.10.1.100:59260,1,9,13,13
1669558368.464721,10.10.1.100:59258,1,19,27,27
1669558368.541220,10.10.1.100:59256,0,9,12,12
1669558368.542709,10.10.1.100:59260,1,9,13,13
1669558368.544019,10.10.1.100:59258,1,19,27,27
1669558368.619827,10.10.1.100:59256,0,9,13,12
1669558368.621325,10.10.1.100:59260,1,9,13,13
1669558368.622683,10.10.1.100:59258,0,19,27,27
1669558368.698455,10.10.1.100:59256,0,9,13,12
1669558368.699960,10.10.1.100:59260,0,9,13,13
1669558368.701298,10.10.1.100:59258,0,19,27,27
1669558368.777729,10.10.1.100:59256,0,9,13,12
1669558368.779212,10.10.1.100:59260,0,9,13,13
1669558368.780595,10.10.1.100:59258,0,19,27,27
1669558368.856464,10.10.1.100:59256,0,9,13,12
1669558368.858258,10.10.1.100:59260,0,9,14,13
1669558368.859701,10.10.1.100:59258,0,19,28,27
1669558368.935824,10.10.1.100:59256,0,9,13,12
1669558368.937321,10.10.1.100:59260,0,9,14,13
1669558368.938693,10.10.1.100:59258,0,19,28,27
1669558369.051793,10.10.1.100:59256,0,9,14,12
1669558369.054415,10.10.1.100:59260,0,9,14,13
1669558369.056822,10.10.1.100:59258,0,19,28,27
1669558369.184853,10.10.1.100:59256,0,9,15,12
1669558369.187326,10.10.1.100:59260,0,9,15,13
1669558369.189506,10.10.1.100:59258,0,19,29,27
1669558369.316632,10.10.1.100:59256,0,9,15,12
1669558369.319337,10.10.1.100:59260,0,9,15,13
1669558369.321669,10.10.1.100:59258,0,19,29,27
1669558369.450739,10.10.1.100:59256,0,9,15,12
1669558369.453175,10.10.1.100:59260,0,9,15,13
1669558369.455492,10.10.1.100:59258,0,19,30,27
1669558369.541698,10.10.1.100:59256,0,9,16,12
1669558369.543170,10.10.1.100:59260,0,9,16,13
1669558369.544514,10.10.1.100:59258,0,19,30,27
1669558369.620791,10.10.1.100:59256,0,9,16,12
1669558369.622281,10.10.1.100:59260,0,9,16,13
1669558369.623685,10.10.1.100:59258,0,19,30,27
1669558369.699372,10.10.1.100:59256,0,9,16,12
1669558369.700851,10.10.1.100:59260,0,9,16,13
1669558369.702198,10.10.1.100:59258,0,19,31,27
1669558369.778098,10.10.1.100:59256,0,9,17,12
1669558369.779687,10.10.1.100:59260,0,9,17,13
1669558369.781030,10.10.1.100:59258,0,19,31,27
1669558369.857735,10.10.1.100:59256,0,9,17,12
1669558369.859178,10.10.1.100:59260,0,9,17,13
1669558369.860565,10.10.1.100:59258,0,19,31,27
1669558369.936193,10.10.1.100:59256,0,9,17,12
1669558369.937693,10.10.1.100:59260,0,9,17,13
1669558369.939089,10.10.1.100:59258,0,19,31,27
1669558370.015412,10.10.1.100:59256,0,9,17,12
1669558370.016834,10.10.1.100:59260,0,9,17,13
1669558370.018219,10.10.1.100:59258,0,19,32,27
1669558370.094077,10.10.1.100:59256,0,9,17,12
1669558370.095701,10.10.1.100:59260,0,9,17,13
1669558370.097053,10.10.1.100:59258,0,19,32,27
1669558370.173163,10.10.1.100:59256,0,9,17,12
1669558370.174699,10.10.1.100:59260,0,9,17,13
1669558370.176063,10.10.1.100:59258,0,19,32,27
1669558370.252195,10.10.1.100:59256,0,9,17,12
1669558370.253657,10.10.1.100:59260,0,9,18,13
1669558370.255040,10.10.1.100:59258,0,19,32,27
1669558370.331414,10.10.1.100:59256,0,9,17,12
1669558370.332877,10.10.1.100:59260,0,9,18,13
1669558370.334282,10.10.1.100:59258,0,19,32,27
1669558370.410715,10.10.1.100:59256,0,9,17,12
1669558370.412202,10.10.1.100:59260,0,9,18,13
1669558370.413545,10.10.1.100:59258,0,19,32,27
1669558370.489596,10.10.1.100:59256,0,9,17,12
1669558370.491089,10.10.1.100:59260,0,9,18,13
1669558370.492458,10.10.1.100:59258,0,19,32,27
1669558370.568080,10.10.1.100:59256,0,9,18,12
1669558370.569515,10.10.1.100:59260,0,9,18,13
1669558370.570911,10.10.1.100:59258,0,19,32,27
1669558370.646670,10.10.1.100:59256,0,9,18,12
1669558370.648155,10.10.1.100:59260,0,9,18,13
1669558370.649543,10.10.1.100:59258,0,19,32,27
1669558370.725219,10.10.1.100:59256,0,9,18,12
1669558370.726793,10.10.1.100:59260,0,9,18,13
1669558370.728117,10.10.1.100:59258,0,19,32,27
1669558370.804581,10.10.1.100:59256,0,9,18,12
1669558370.806068,10.10.1.100:59260,0,9,18,13
1669558370.807449,10.10.1.100:59258,0,19,33,27
1669558370.926239,10.10.1.100:59256,0,9,18,12
1669558370.929037,10.10.1.100:59260,0,9,18,13
1669558370.931550,10.10.1.100:59258,0,19,33,27
1669558371.058848,10.10.1.100:59256,0,9,18,12
1669558371.061251,10.10.1.100:59260,0,9,19,13
1669558371.063490,10.10.1.100:59258,0,19,33,27
1669558371.156544,10.10.1.100:59256,0,9,18,12
1669558371.157954,10.10.1.100:59260,0,9,19,13
1669558371.159370,10.10.1.100:59258,0,19,33,27
1669558371.235582,10.10.1.100:59256,0,9,18,12
1669558371.237103,10.10.1.100:59260,0,9,19,13
1669558371.238440,10.10.1.100:59258,0,19,33,27
1669558371.313887,10.10.1.100:59256,0,9,18,12
1669558371.315404,10.10.1.100:59260,0,9,19,13
1669558371.316727,10.10.1.100:59258,0,19,33,27
1669558371.393871,10.10.1.100:59256,0,9,18,12
1669558371.395418,10.10.1.100:59260,0,9,19,13
1669558371.396754,10.10.1.100:59258,0,19,33,27
1669558371.472007,10.10.1.100:59256,0,9,18,12
1669558371.473479,10.10.1.100:59260,0,9,19,13
1669558371.474839,10.10.1.100:59258,0,19,33,27
1669558371.550881,10.10.1.100:59256,0,9,18,12
1669558371.552348,10.10.1.100:59260,0,9,19,13
1669558371.553674,10.10.1.100:59258,0,19,33,27
1669558371.629800,10.10.1.100:59256,0,9,18,12
1669558371.631337,10.10.1.100:59260,0,9,19,13
1669558371.632689,10.10.1.100:59258,0,19,33,27
1669558371.708776,10.10.1.100:59256,0,9,18,12
1669558371.710429,10.10.1.100:59260,0,9,19,13
1669558371.711797,10.10.1.100:59258,0,19,33,27
1669558371.788105,10.10.1.100:59256,0,9,18,12
1669558371.789546,10.10.1.100:59260,0,9,19,13
1669558371.790934,10.10.1.100:59258,0,19,33,27
1669558371.867053,10.10.1.100:59256,0,9,18,12
1669558371.868531,10.10.1.100:59260,0,9,19,13
1669558371.869898,10.10.1.100:59258,0,19,33,27
1669558371.945956,10.10.1.100:59256,0,9,18,12
1669558371.947558,10.10.1.100:59260,0,9,19,13
1669558371.948955,10.10.1.100:59258,1,20,32,23
1669558372.025536,10.10.1.100:59256,0,9,18,12
1669558372.027054,10.10.1.100:59260,0,9,19,13
1669558372.028429,10.10.1.100:59258,1,20,32,23
1669558372.104696,10.10.1.100:59256,0,9,18,12
1669558372.106222,10.10.1.100:59260,0,9,19,13
1669558372.107942,10.10.1.100:59258,1,20,31,23
1669558372.184801,10.10.1.100:59256,0,9,18,12
1669558372.186209,10.10.1.100:59260,0,9,19,13
1669558372.187623,10.10.1.100:59258,1,20,30,23
1669558372.264044,10.10.1.100:59256,0,9,18,12
1669558372.265603,10.10.1.100:59260,0,9,19,13
1669558372.267011,10.10.1.100:59258,1,20,29,23
1669558372.343258,10.10.1.100:59256,0,9,19,12
1669558372.344754,10.10.1.100:59260,0,9,19,13
1669558372.346131,10.10.1.100:59258,1,20,27,23
1669558372.422259,10.10.1.100:59256,0,9,19,12
1669558372.423760,10.10.1.100:59260,0,9,19,13
1669558372.425167,10.10.1.100:59258,1,20,27,23
1669558372.500879,10.10.1.100:59256,0,9,19,12
1669558372.502286,10.10.1.100:59260,0,9,20,13
1669558372.503722,10.10.1.100:59258,1,20,25,23
1669558372.579591,10.10.1.100:59256,0,9,19,12
1669558372.581095,10.10.1.100:59260,0,9,20,13
1669558372.582451,10.10.1.100:59258,1,20,23,23
1669558372.658683,10.10.1.100:59256,0,9,19,12
1669558372.660117,10.10.1.100:59260,0,9,20,13
1669558372.661479,10.10.1.100:59258,1,20,23,23
1669558372.738388,10.10.1.100:59256,0,9,19,12
1669558372.739965,10.10.1.100:59260,0,9,20,13
1669558372.741307,10.10.1.100:59258,1,20,23,23
1669558372.816972,10.10.1.100:59256,0,9,19,12
1669558372.818426,10.10.1.100:59260,0,9,20,13
1669558372.819794,10.10.1.100:59258,0,20,23,23
1669558372.896412,10.10.1.100:59256,0,9,20,12
1669558372.897915,10.10.1.100:59260,0,9,20,13
1669558372.899339,10.10.1.100:59258,0,20,23,23
1669558372.974905,10.10.1.100:59256,0,9,20,12
1669558372.976303,10.10.1.100:59260,0,9,20,13
1669558372.977707,10.10.1.100:59258,0,20,23,23
1669558373.095120,10.10.1.100:59256,0,9,20,12
1669558373.097699,10.10.1.100:59260,0,9,20,13
1669558373.100170,10.10.1.100:59258,0,20,24,23
1669558373.234845,10.10.1.100:59256,0,9,21,12
1669558373.236347,10.10.1.100:59260,0,9,20,13
1669558373.237674,10.10.1.100:59258,0,20,24,23
1669558373.313533,10.10.1.100:59256,0,9,21,12
1669558373.315002,10.10.1.100:59260,0,9,21,13
1669558373.316330,10.10.1.100:59258,0,20,25,23
1669558373.392639,10.10.1.100:59256,0,9,21,12
1669558373.394148,10.10.1.100:59260,0,9,21,13
1669558373.395526,10.10.1.100:59258,0,20,26,23
1669558373.472786,10.10.1.100:59256,0,9,22,12
1669558373.474292,10.10.1.100:59260,0,9,22,13
1669558373.475663,10.10.1.100:59258,0,20,26,23
1669558373.551517,10.10.1.100:59256,0,9,22,12
1669558373.553029,10.10.1.100:59260,0,9,22,13
1669558373.554352,10.10.1.100:59258,0,20,26,23
1669558373.630773,10.10.1.100:59256,0,9,23,12
1669558373.632268,10.10.1.100:59260,0,9,22,13
1669558373.633596,10.10.1.100:59258,0,20,26,23
1669558373.709703,10.10.1.100:59256,0,9,23,12
1669558373.711248,10.10.1.100:59260,0,9,23,13
1669558373.712608,10.10.1.100:59258,0,20,27,23
1669558373.788690,10.10.1.100:59256,0,9,24,12
1669558373.790128,10.10.1.100:59260,0,9,23,13
1669558373.791488,10.10.1.100:59258,0,20,27,23
1669558373.867743,10.10.1.100:59256,0,9,25,12
1669558373.869283,10.10.1.100:59260,0,9,23,13
1669558373.870649,10.10.1.100:59258,0,20,27,23
1669558373.947046,10.10.1.100:59256,0,9,26,12
1669558373.948520,10.10.1.100:59260,0,9,23,13
1669558373.949850,10.10.1.100:59258,0,20,28,23
1669558374.025660,10.10.1.100:59256,0,9,26,12
1669558374.027164,10.10.1.100:59260,0,9,24,13
1669558374.028495,10.10.1.100:59258,0,20,29,23
1669558374.105400,10.10.1.100:59256,0,9,26,12
1669558374.107209,10.10.1.100:59260,0,9,25,13
1669558374.108570,10.10.1.100:59258,0,20,29,23
1669558374.184188,10.10.1.100:59256,0,9,26,12
1669558374.185676,10.10.1.100:59260,0,9,25,13
1669558374.187035,10.10.1.100:59258,0,20,29,23
1669558374.263663,10.10.1.100:59256,0,9,27,12
1669558374.265163,10.10.1.100:59260,0,9,26,13
1669558374.266490,10.10.1.100:59258,0,20,30,23
1669558374.342574,10.10.1.100:59256,0,9,27,12
1669558374.343970,10.10.1.100:59260,1,10,26,18
1669558374.345347,10.10.1.100:59258,0,20,30,23
1669558374.421534,10.10.1.100:59256,0,9,28,12
1669558374.423046,10.10.1.100:59260,1,10,25,18
1669558374.424375,10.10.1.100:59258,0,20,30,23
1669558374.501240,10.10.1.100:59256,1,10,28,20
1669558374.502732,10.10.1.100:59260,1,10,25,18
1669558374.504143,10.10.1.100:59258,0,20,30,23
1669558374.579764,10.10.1.100:59256,1,10,26,20
1669558374.581261,10.10.1.100:59260,1,10,24,18
1669558374.582625,10.10.1.100:59258,0,20,30,23
1669558374.658948,10.10.1.100:59256,1,10,26,20
1669558374.660400,10.10.1.100:59260,3,12,22,18
1669558374.661820,10.10.1.100:59258,0,20,31,23
1669558374.738035,10.10.1.100:59256,3,12,23,20
1669558374.739518,10.10.1.100:59260,3,12,22,18
1669558374.740851,10.10.1.100:59258,0,20,31,23
1669558374.816507,10.10.1.100:59256,3,12,22,20
1669558374.818021,10.10.1.100:59260,3,12,21,18
1669558374.819430,10.10.1.100:59258,0,20,31,23
1669558374.896160,10.10.1.100:59256,3,12,22,20
1669558374.897593,10.10.1.100:59260,3,12,19,18
1669558374.898963,10.10.1.100:59258,2,22,29,21
1669558374.974737,10.10.1.100:59256,3,12,22,20
1669558374.976328,10.10.1.100:59260,3,12,18,18
1669558374.977658,10.10.1.100:59258,4,24,25,21
1669558375.053504,10.10.1.100:59256,4,13,20,20
1669558375.055069,10.10.1.100:59260,3,12,18,18
1669558375.056436,10.10.1.100:59258,4,24,25,21
1669558375.132982,10.10.1.100:59256,4,13,20,20
1669558375.134468,10.10.1.100:59260,3,12,18,18
1669558375.135920,10.10.1.100:59258,4,24,24,21
1669558375.212096,10.10.1.100:59256,6,15,18,20
1669558375.213530,10.10.1.100:59260,3,13,18,18
1669558375.214899,10.10.1.100:59258,5,25,23,21
1669558375.291841,10.10.1.100:59256,5,15,20,20
1669558375.293286,10.10.1.100:59260,3,13,18,18
1669558375.294644,10.10.1.100:59258,5,25,23,21
1669558375.371269,10.10.1.100:59256,5,15,20,20
1669558375.372714,10.10.1.100:59260,3,13,18,18
1669558375.374056,10.10.1.100:59258,6,26,21,21
1669558375.450304,10.10.1.100:59256,5,15,20,20
1669558375.451771,10.10.1.100:59260,1,13,18,18
1669558375.453095,10.10.1.100:59258,6,26,21,21
1669558375.529120,10.10.1.100:59256,3,15,20,20
1669558375.530599,10.10.1.100:59260,1,13,18,18
1669558375.531938,10.10.1.100:59258,6,26,21,21
1669558375.608161,10.10.1.100:59256,3,15,20,20
1669558375.609659,10.10.1.100:59260,1,13,18,18
1669558375.611017,10.10.1.100:59258,6,26,21,21
1669558375.687293,10.10.1.100:59256,3,15,20,20
1669558375.688754,10.10.1.100:59260,1,13,18,18
1669558375.690132,10.10.1.100:59258,2,26,21,21
1669558375.766649,10.10.1.100:59256,2,15,20,20
1669558375.768180,10.10.1.100:59260,1,13,18,18
1669558375.769515,10.10.1.100:59258,2,26,21,21
1669558375.847016,10.10.1.100:59256,2,15,20,20
1669558375.848562,10.10.1.100:59260,0,13,18,18
1669558375.849927,10.10.1.100:59258,2,26,21,21
1669558375.927898,10.10.1.100:59256,0,15,20,20
1669558375.929366,10.10.1.100:59260,0,13,18,18
1669558375.930742,10.10.1.100:59258,1,26,21,21
1669558376.006969,10.10.1.100:59256,0,15,20,20
1669558376.008415,10.10.1.100:59260,0,13,18,18
1669558376.009785,10.10.1.100:59258,1,26,21,21
1669558376.086122,10.10.1.100:59256,0,15,21,20
1669558376.087637,10.10.1.100:59260,0,13,18,18
1669558376.088971,10.10.1.100:59258,0,26,21,21
1669558376.165419,10.10.1.100:59256,0,15,21,20
1669558376.166948,10.10.1.100:59260,0,13,19,18
1669558376.168291,10.10.1.100:59258,0,26,21,21
1669558376.244892,10.10.1.100:59256,0,15,21,20
1669558376.246393,10.10.1.100:59260,0,13,19,18
1669558376.247808,10.10.1.100:59258,0,26,21,21
1669558376.323381,10.10.1.100:59256,0,15,22,20
1669558376.324940,10.10.1.100:59260,0,13,19,18
1669558376.326273,10.10.1.100:59258,0,26,22,21
1669558376.403122,10.10.1.100:59256,0,15,22,20
1669558376.404600,10.10.1.100:59260,0,13,20,18
1669558376.405973,10.10.1.100:59258,0,26,22,21
1669558376.482175,10.10.1.100:59256,0,15,22,20
1669558376.483691,10.10.1.100:59260,0,13,20,18
1669558376.485029,10.10.1.100:59258,0,26,22,21
1669558376.560829,10.10.1.100:59256,0,15,22,20
1669558376.562277,10.10.1.100:59260,0,13,21,18
1669558376.563649,10.10.1.100:59258,0,26,22,21
1669558376.639797,10.10.1.100:59256,0,15,22,20
1669558376.641273,10.10.1.100:59260,0,13,21,18
1669558376.642645,10.10.1.100:59258,0,26,23,21
1669558376.718076,10.10.1.100:59256,0,15,23,20
1669558376.719789,10.10.1.100:59260,0,13,21,18
1669558376.721134,10.10.1.100:59258,0,26,23,21
1669558376.797025,10.10.1.100:59256,0,15,24,20
1669558376.798461,10.10.1.100:59260,0,13,21,18
1669558376.799883,10.10.1.100:59258,0,26,23,21
1669558376.876403,10.10.1.100:59256,0,15,24,20
1669558376.877883,10.10.1.100:59260,0,13,22,18
1669558376.879246,10.10.1.100:59258,0,26,23,21
1669558376.955224,10.10.1.100:59256,0,15,24,20
1669558376.956712,10.10.1.100:59260,0,13,22,18
1669558376.958041,10.10.1.100:59258,0,26,23,21
1669558377.035883,10.10.1.100:59256,0,15,25,20
1669558377.037406,10.10.1.100:59260,0,13,22,18
1669558377.038773,10.10.1.100:59258,0,26,24,21
1669558377.115202,10.10.1.100:59256,0,15,25,20
1669558377.116679,10.10.1.100:59260,0,13,23,18
1669558377.118002,10.10.1.100:59258,0,26,24,21
1669558377.194867,10.10.1.100:59256,0,15,25,20
1669558377.196292,10.10.1.100:59260,0,13,23,18
1669558377.197623,10.10.1.100:59258,0,26,24,21
1669558377.274473,10.10.1.100:59256,0,15,25,20
1669558377.275970,10.10.1.100:59260,0,13,24,18
1669558377.277369,10.10.1.100:59258,0,26,24,21
1669558377.354496,10.10.1.100:59256,0,15,25,20
1669558377.356011,10.10.1.100:59260,0,13,24,18
1669558377.357691,10.10.1.100:59258,0,26,24,21
1669558377.434358,10.10.1.100:59256,0,15,26,20
1669558377.435870,10.10.1.100:59260,0,13,25,18
1669558377.437232,10.10.1.100:59258,0,26,25,21
1669558377.514755,10.10.1.100:59256,0,15,26,20
1669558377.516177,10.10.1.100:59260,0,13,25,18
1669558377.517541,10.10.1.100:59258,0,26,25,21
1669558377.594016,10.10.1.100:59256,0,15,27,20
1669558377.595479,10.10.1.100:59260,0,13,25,18
1669558377.596850,10.10.1.100:59258,0,26,25,21
1669558377.673397,10.10.1.100:59256,0,15,27,20
1669558377.674928,10.10.1.100:59260,0,13,25,18
1669558377.676277,10.10.1.100:59258,0,26,25,21
1669558377.753157,10.10.1.100:59256,0,15,27,20
1669558377.754907,10.10.1.100:59260,0,13,25,18
1669558377.756241,10.10.1.100:59258,0,26,25,21
1669558377.862080,10.10.1.100:59256,0,15,27,20
1669558377.864767,10.10.1.100:59260,0,13,25,18
1669558377.867219,10.10.1.100:59258,0,26,25,21
1669558378.001198,10.10.1.100:59256,0,15,28,20
1669558378.003657,10.10.1.100:59260,1,14,24,17
1669558378.005909,10.10.1.100:59258,1,27,24,17
1669558378.121516,10.10.1.100:59256,0,15,28,20
1669558378.123014,10.10.1.100:59260,1,14,23,17
1669558378.124422,10.10.1.100:59258,2,28,21,17
1669558378.241659,10.10.1.100:59256,1,16,27,19
1669558378.244382,10.10.1.100:59260,1,14,21,17
1669558378.246834,10.10.1.100:59258,2,28,21,17
1669558378.384692,10.10.1.100:59256,2,17,24,19
1669558378.387298,10.10.1.100:59260,1,14,20,17
1669558378.389650,10.10.1.100:59258,2,28,20,17
1669558378.524983,10.10.1.100:59256,3,18,19,19
1669558378.527679,10.10.1.100:59260,1,14,19,17
1669558378.530032,10.10.1.100:59258,2,28,17,17
1669558378.639868,10.10.1.100:59256,3,18,19,19
1669558378.641380,10.10.1.100:59260,1,14,17,17
1669558378.642760,10.10.1.100:59258,4,30,17,17
1669558378.719202,10.10.1.100:59256,3,18,19,19
1669558378.720640,10.10.1.100:59260,1,14,17,17
1669558378.721976,10.10.1.100:59258,3,30,17,17
1669558378.838181,10.10.1.100:59256,3,18,19,19
1669558378.840935,10.10.1.100:59260,0,14,17,17
1669558378.843325,10.10.1.100:59258,2,30,17,17
1669558378.978205,10.10.1.100:59256,4,20,19,19
1669558378.980888,10.10.1.100:59260,0,14,17,17
1669558378.982893,10.10.1.100:59258,2,30,17,17
1669558379.059036,10.10.1.100:59256,3,20,19,19
1669558379.060464,10.10.1.100:59260,0,14,18,17
1669558379.061807,10.10.1.100:59258,2,30,17,17
1669558379.186767,10.10.1.100:59256,2,20,19,19
1669558379.189396,10.10.1.100:59260,0,14,18,17
1669558379.191907,10.10.1.100:59258,0,30,17,17
1669558379.320976,10.10.1.100:59256,2,20,19,19
1669558379.323371,10.10.1.100:59260,0,14,18,17
1669558379.325675,10.10.1.100:59258,0,30,17,17
1669558379.414004,10.10.1.100:59256,2,20,19,19
1669558379.415496,10.10.1.100:59260,0,14,19,17
1669558379.416895,10.10.1.100:59258,0,30,18,17
1669558379.492849,10.10.1.100:59256,2,20,19,19
1669558379.494415,10.10.1.100:59260,0,14,19,17
1669558379.495805,10.10.1.100:59258,0,30,18,17
1669558379.571668,10.10.1.100:59256,0,20,19,19
1669558379.573105,10.10.1.100:59260,0,14,19,17
1669558379.574468,10.10.1.100:59258,0,30,18,17
1669558379.651033,10.10.1.100:59256,0,20,19,19
1669558379.652447,10.10.1.100:59260,0,14,20,17
1669558379.653812,10.10.1.100:59258,0,30,18,17
1669558379.729713,10.10.1.100:59256,0,20,19,19
1669558379.731200,10.10.1.100:59260,0,14,20,17
1669558379.732874,10.10.1.100:59258,0,30,18,17
1669558379.809231,10.10.1.100:59256,0,20,20,19
1669558379.810757,10.10.1.100:59260,0,14,20,17
1669558379.812120,10.10.1.100:59258,0,30,18,17
1669558379.888112,10.10.1.100:59256,0,20,20,19
1669558379.889646,10.10.1.100:59260,0,14,20,17
1669558379.891025,10.10.1.100:59258,0,30,19,17
1669558379.966823,10.10.1.100:59256,0,20,20,19
1669558379.968292,10.10.1.100:59260,0,14,20,17
1669558379.969668,10.10.1.100:59258,0,30,19,17
1669558380.045725,10.10.1.100:59256,0,20,20,19
1669558380.047179,10.10.1.100:59260,0,14,20,17
1669558380.048575,10.10.1.100:59258,0,30,20,17
1669558380.124952,10.10.1.100:59256,0,20,20,19
1669558380.126457,10.10.1.100:59260,0,14,20,17
1669558380.127807,10.10.1.100:59258,0,30,20,17
1669558380.203751,10.10.1.100:59256,0,20,20,19
1669558380.205171,10.10.1.100:59260,0,14,20,17
1669558380.206600,10.10.1.100:59258,0,30,20,17
1669558380.283258,10.10.1.100:59256,0,20,21,19
1669558380.284747,10.10.1.100:59260,0,14,20,17
1669558380.286113,10.10.1.100:59258,0,30,20,17
1669558380.363053,10.10.1.100:59256,0,20,21,19
1669558380.364527,10.10.1.100:59260,0,14,21,17
1669558380.365943,10.10.1.100:59258,0,30,20,17
1669558380.441681,10.10.1.100:59256,0,20,21,19
1669558380.443150,10.10.1.100:59260,0,14,21,17
1669558380.444553,10.10.1.100:59258,0,30,20,17
1669558380.520871,10.10.1.100:59256,0,20,22,19
1669558380.522296,10.10.1.100:59260,0,14,21,17
1669558380.523760,10.10.1.100:59258,0,30,20,17
1669558380.599588,10.10.1.100:59256,0,20,22,19
1669558380.601010,10.10.1.100:59260,0,14,21,17
1669558380.602394,10.10.1.100:59258,0,30,20,17
1669558380.678731,10.10.1.100:59256,0,20,22,19
1669558380.680174,10.10.1.100:59260,0,14,21,17
1669558380.681550,10.10.1.100:59258,0,30,20,17
1669558380.758163,10.10.1.100:59256,0,20,22,19
1669558380.759689,10.10.1.100:59260,0,14,21,17
1669558380.761061,10.10.1.100:59258,0,30,20,17
1669558380.836622,10.10.1.100:59256,0,20,22,19
1669558380.838082,10.10.1.100:59260,0,14,21,17
1669558380.839470,10.10.1.100:59258,0,30,21,17
1669558380.915627,10.10.1.100:59256,0,20,22,19
1669558380.917138,10.10.1.100:59260,0,14,21,17
1669558380.918475,10.10.1.100:59258,0,30,21,17
1669558380.995890,10.10.1.100:59256,0,20,22,19
1669558380.997394,10.10.1.100:59260,0,14,21,17
1669558380.998777,10.10.1.100:59258,0,30,21,17
1669558381.075096,10.10.1.100:59256,0,20,22,19
1669558381.076560,10.10.1.100:59260,0,14,21,17
1669558381.077937,10.10.1.100:59258,0,30,21,17
1669558381.154380,10.10.1.100:59256,0,20,22,19
1669558381.155911,10.10.1.100:59260,0,14,21,17
1669558381.157262,10.10.1.100:59258,0,30,21,17
1669558381.232856,10.10.1.100:59256,0,20,23,19
1669558381.234253,10.10.1.100:59260,0,14,21,17
1669558381.235667,10.10.1.100:59258,0,30,21,17
1669558381.311670,10.10.1.100:59256,0,20,23,19
1669558381.313094,10.10.1.100:59260,0,14,21,17
1669558381.314423,10.10.1.100:59258,0,30,21,17
1669558381.390864,10.10.1.100:59256,0,20,23,19
1669558381.392301,10.10.1.100:59260,0,14,21,17
1669558381.393664,10.10.1.100:59258,0,30,21,17
1669558381.469732,10.10.1.100:59256,0,20,23,19
1669558381.471211,10.10.1.100:59260,0,14,21,17
1669558381.472606,10.10.1.100:59258,0,30,21,17
1669558381.549261,10.10.1.100:59256,0,20,23,19
1669558381.550786,10.10.1.100:59260,0,14,21,17
1669558381.552131,10.10.1.100:59258,0,30,21,17
1669558381.628061,10.10.1.100:59256,0,20,23,19
1669558381.629516,10.10.1.100:59260,0,14,21,17
1669558381.630919,10.10.1.100:59258,0,30,21,17
1669558381.706742,10.10.1.100:59256,0,20,23,19
1669558381.708242,10.10.1.100:59260,0,14,21,17
1669558381.709573,10.10.1.100:59258,0,30,21,17
1669558381.792381,10.10.1.100:59256,0,20,23,19
1669558381.795230,10.10.1.100:59260,0,14,21,17
1669558381.797558,10.10.1.100:59258,0,30,21,17
1669558381.932015,10.10.1.100:59256,0,20,23,19
1669558381.934667,10.10.1.100:59260,0,14,21,17
1669558381.937008,10.10.1.100:59258,0,30,21,17
1669558382.032905,10.10.1.100:59256,0,20,23,19
1669558382.034357,10.10.1.100:59260,0,14,21,17
1669558382.035762,10.10.1.100:59258,0,30,21,17
1669558382.112445,10.10.1.100:59256,0,20,23,19
1669558382.113898,10.10.1.100:59260,0,14,21,17
1669558382.115287,10.10.1.100:59258,0,30,21,17
1669558382.191588,10.10.1.100:59256,0,20,23,19
1669558382.193088,10.10.1.100:59260,0,14,21,17
1669558382.194428,10.10.1.100:59258,0,30,21,17
1669558382.271544,10.10.1.100:59256,0,20,23,19
1669558382.272996,10.10.1.100:59260,0,14,21,17
1669558382.274362,10.10.1.100:59258,0,30,21,17
1669558382.350653,10.10.1.100:59256,0,20,23,19
1669558382.352642,10.10.1.100:59260,0,14,22,17
1669558382.354467,10.10.1.100:59258,0,30,21,17
1669558382.431370,10.10.1.100:59256,0,20,23,19
1669558382.432845,10.10.1.100:59260,0,14,22,17
1669558382.434216,10.10.1.100:59258,0,30,21,17
1669558382.510419,10.10.1.100:59256,0,20,23,19
1669558382.511952,10.10.1.100:59260,0,14,22,17
1669558382.513295,10.10.1.100:59258,0,30,21,17
1669558382.589713,10.10.1.100:59256,0,20,23,19
1669558382.591281,10.10.1.100:59260,0,14,22,17
1669558382.592699,10.10.1.100:59258,0,30,21,17
1669558382.668593,10.10.1.100:59256,0,20,23,19
1669558382.670032,10.10.1.100:59260,0,14,22,17
1669558382.671439,10.10.1.100:59258,0,30,21,17
1669558382.747675,10.10.1.100:59256,0,20,23,19
1669558382.749112,10.10.1.100:59260,0,14,22,17
1669558382.750498,10.10.1.100:59258,0,30,21,17
1669558382.826338,10.10.1.100:59256,0,20,23,19
1669558382.827845,10.10.1.100:59260,0,14,22,17
1669558382.829223,10.10.1.100:59258,0,30,22,17
1669558382.906119,10.10.1.100:59256,0,20,23,19
1669558382.907677,10.10.1.100:59260,0,14,22,17
1669558382.909038,10.10.1.100:59258,0,30,22,17
1669558382.985907,10.10.1.100:59256,0,20,23,19
1669558382.987464,10.10.1.100:59260,0,14,23,17
1669558382.988808,10.10.1.100:59258,0,30,22,17
1669558383.065140,10.10.1.100:59256,0,20,23,19
1669558383.066634,10.10.1.100:59260,0,14,23,17
1669558383.067978,10.10.1.100:59258,0,30,22,17
1669558383.144118,10.10.1.100:59256,0,20,24,19
1669558383.145519,10.10.1.100:59260,0,14,23,17
1669558383.146927,10.10.1.100:59258,0,30,22,17
1669558383.223130,10.10.1.100:59256,0,20,24,19
1669558383.224675,10.10.1.100:59260,0,14,24,17
1669558383.226006,10.10.1.100:59258,0,30,22,17
1669558383.301915,10.10.1.100:59256,0,20,24,19
1669558383.303409,10.10.1.100:59260,0,14,24,17
1669558383.304748,10.10.1.100:59258,0,30,23,17
1669558383.381552,10.10.1.100:59256,0,20,24,19
1669558383.383007,10.10.1.100:59260,0,14,24,17
1669558383.384376,10.10.1.100:59258,0,30,23,17
1669558383.460284,10.10.1.100:59256,0,20,24,19
1669558383.461752,10.10.1.100:59260,0,14,24,17
1669558383.463164,10.10.1.100:59258,0,30,23,17
1669558383.539325,10.10.1.100:59256,0,20,24,19
1669558383.540756,10.10.1.100:59260,0,14,25,17
1669558383.542106,10.10.1.100:59258,0,30,23,17
1669558383.617881,10.10.1.100:59256,0,20,24,19
1669558383.619810,10.10.1.100:59260,0,14,25,17
1669558383.622251,10.10.1.100:59258,0,30,23,17
1669558383.760469,10.10.1.100:59256,0,20,25,19
1669558383.763208,10.10.1.100:59260,0,14,25,17
1669558383.765538,10.10.1.100:59258,0,30,24,17
1669558383.899992,10.10.1.100:59256,0,20,25,19
1669558383.902681,10.10.1.100:59260,0,14,26,17
1669558383.905080,10.10.1.100:59258,0,30,25,17
1669558384.015403,10.10.1.100:59256,0,20,25,19
1669558384.016868,10.10.1.100:59260,0,14,27,17
1669558384.018189,10.10.1.100:59258,0,30,25,17
1669558384.093724,10.10.1.100:59256,0,20,25,19
1669558384.095210,10.10.1.100:59260,0,14,28,17
1669558384.096571,10.10.1.100:59258,0,30,26,17
1669558384.178476,10.10.1.100:59256,0,20,26,19
1669558384.181237,10.10.1.100:59260,0,14,29,17
1669558384.184106,10.10.1.100:59258,0,30,26,17
1669558384.321796,10.10.1.100:59256,0,20,27,19
1669558384.324555,10.10.1.100:59260,1,15,27,20
1669558384.327021,10.10.1.100:59258,1,31,25,18
1669558384.416288,10.10.1.100:59256,1,21,25,18
1669558384.417716,10.10.1.100:59260,1,15,26,20
1669558384.419112,10.10.1.100:59258,1,31,25,18
1669558384.495411,10.10.1.100:59256,1,21,25,18
1669558384.496952,10.10.1.100:59260,1,15,25,20
1669558384.498315,10.10.1.100:59258,1,31,24,18
1669558384.574194,10.10.1.100:59256,1,21,25,18
1669558384.575717,10.10.1.100:59260,1,15,25,20
1669558384.577098,10.10.1.100:59258,1,31,22,18
1669558384.653476,10.10.1.100:59256,2,22,22,18
1669558384.654958,10.10.1.100:59260,1,15,24,20
1669558384.656355,10.10.1.100:59258,1,31,21,18
1669558384.733010,10.10.1.100:59256,2,22,22,18
1669558384.734461,10.10.1.100:59260,1,15,23,20
1669558384.735894,10.10.1.100:59258,2,32,19,18
1669558384.811415,10.10.1.100:59256,3,23,20,18
1669558384.812891,10.10.1.100:59260,1,15,23,20
1669558384.814227,10.10.1.100:59258,2,32,18,18
1669558384.890468,10.10.1.100:59256,3,23,20,18
1669558384.891959,10.10.1.100:59260,1,15,20,20
1669558384.893304,10.10.1.100:59258,2,32,18,18
1669558384.969454,10.10.1.100:59256,5,25,18,18
1669558384.971016,10.10.1.100:59260,2,16,20,20
1669558384.972358,10.10.1.100:59258,2,32,18,18
1669558385.048795,10.10.1.100:59256,5,25,18,18
1669558385.050296,10.10.1.100:59260,2,17,20,20
1669558385.051698,10.10.1.100:59258,2,32,18,18
1669558385.128122,10.10.1.100:59256,5,25,18,18
1669558385.129630,10.10.1.100:59260,2,17,20,20
1669558385.131015,10.10.1.100:59258,3,34,18,18
1669558385.206852,10.10.1.100:59256,4,25,18,18
1669558385.208340,10.10.1.100:59260,2,17,20,20
1669558385.209707,10.10.1.100:59258,3,34,18,18
1669558385.286469,10.10.1.100:59256,4,25,18,18
1669558385.287974,10.10.1.100:59260,2,17,20,20
1669558385.289332,10.10.1.100:59258,3,34,18,18
1669558385.365961,10.10.1.100:59256,3,25,18,18
1669558385.367438,10.10.1.100:59260,2,17,20,20
1669558385.368846,10.10.1.100:59258,3,34,18,18
1669558385.444732,10.10.1.100:59256,3,25,18,18
1669558385.446177,10.10.1.100:59260,2,17,20,20
1669558385.447537,10.10.1.100:59258,2,34,18,18
1669558385.524714,10.10.1.100:59256,2,25,18,18
1669558385.526267,10.10.1.100:59260,2,17,20,20
1669558385.527632,10.10.1.100:59258,2,34,18,18
1669558385.604152,10.10.1.100:59256,0,25,18,18
1669558385.605681,10.10.1.100:59260,1,17,20,20
1669558385.607367,10.10.1.100:59258,2,34,18,18
1669558385.683915,10.10.1.100:59256,0,25,18,18
1669558385.685403,10.10.1.100:59260,0,17,20,20
1669558385.686762,10.10.1.100:59258,2,34,18,18
1669558385.763277,10.10.1.100:59256,0,25,19,18
1669558385.764721,10.10.1.100:59260,0,17,20,20
1669558385.766042,10.10.1.100:59258,1,34,18,18
1669558385.842238,10.10.1.100:59256,0,25,19,18
1669558385.843707,10.10.1.100:59260,0,17,20,20
1669558385.845047,10.10.1.100:59258,0,34,18,18
1669558385.921354,10.10.1.100:59256,0,25,19,18
1669558385.922883,10.10.1.100:59260,0,17,21,20
1669558385.924204,10.10.1.100:59258,0,34,18,18
1669558386.001917,10.10.1.100:59256,0,25,19,18
1669558386.003466,10.10.1.100:59260,0,17,21,20
1669558386.004820,10.10.1.100:59258,0,34,19,18
1669558386.120020,10.10.1.100:59256,0,25,19,18
1669558386.122648,10.10.1.100:59260,0,17,21,20
1669558386.125032,10.10.1.100:59258,0,34,19,18
1669558386.248488,10.10.1.100:59256,0,25,20,18
1669558386.250016,10.10.1.100:59260,0,17,22,20
1669558386.251425,10.10.1.100:59258,0,34,20,18
1669558386.327171,10.10.1.100:59256,0,25,21,18
1669558386.328626,10.10.1.100:59260,0,17,23,20
1669558386.329952,10.10.1.100:59258,0,34,20,18
1669558386.406740,10.10.1.100:59256,0,25,21,18
1669558386.408240,10.10.1.100:59260,0,17,23,20
1669558386.409623,10.10.1.100:59258,0,34,20,18
1669558386.486298,10.10.1.100:59256,0,25,22,18
1669558386.487760,10.10.1.100:59260,0,17,23,20
1669558386.489092,10.10.1.100:59258,0,34,20,18
1669558386.565251,10.10.1.100:59256,0,25,22,18
1669558386.566816,10.10.1.100:59260,0,17,23,20
1669558386.568202,10.10.1.100:59258,0,34,20,18
1669558386.644748,10.10.1.100:59256,0,25,23,18
1669558386.646281,10.10.1.100:59260,0,17,24,20
1669558386.647653,10.10.1.100:59258,0,34,21,18
1669558386.723913,10.10.1.100:59256,0,25,23,18
1669558386.725432,10.10.1.100:59260,0,17,24,20
1669558386.726807,10.10.1.100:59258,0,34,22,18
1669558386.803958,10.10.1.100:59256,0,25,23,18
1669558386.805657,10.10.1.100:59260,0,17,24,20
1669558386.807054,10.10.1.100:59258,0,34,22,18
1669558386.883518,10.10.1.100:59256,0,25,23,18
1669558386.885017,10.10.1.100:59260,0,17,25,20
1669558386.886346,10.10.1.100:59258,0,34,22,18
1669558386.961897,10.10.1.100:59256,0,25,23,18
1669558386.963370,10.10.1.100:59260,0,17,25,20
1669558386.964694,10.10.1.100:59258,0,34,23,18
1669558387.041812,10.10.1.100:59256,0,25,23,18
1669558387.043284,10.10.1.100:59260,0,17,26,20
1669558387.044608,10.10.1.100:59258,0,34,23,18
1669558387.121857,10.10.1.100:59256,0,25,24,18
1669558387.123392,10.10.1.100:59260,0,17,26,20
1669558387.124845,10.10.1.100:59258,0,34,23,18
1669558387.201697,10.10.1.100:59256,0,25,24,18
1669558387.203172,10.10.1.100:59260,0,17,26,20
1669558387.204485,10.10.1.100:59258,0,34,23,18
1669558387.280881,10.10.1.100:59256,0,25,25,18
1669558387.282360,10.10.1.100:59260,0,17,26,20
1669558387.283729,10.10.1.100:59258,0,34,23,18
1669558387.360698,10.10.1.100:59256,0,25,25,18
1669558387.362199,10.10.1.100:59260,0,17,27,20
1669558387.363564,10.10.1.100:59258,0,34,23,18
1669558387.439990,10.10.1.100:59256,0,25,25,18
1669558387.441439,10.10.1.100:59260,0,17,27,20
1669558387.442803,10.10.1.100:59258,0,34,24,18
1669558387.519523,10.10.1.100:59256,0,25,25,18
1669558387.520994,10.10.1.100:59260,0,17,27,20
1669558387.522323,10.10.1.100:59258,0,34,24,18
1669558387.598680,10.10.1.100:59256,0,25,25,18
1669558387.600132,10.10.1.100:59260,0,17,27,20
1669558387.601459,10.10.1.100:59258,0,34,24,18
1669558387.678047,10.10.1.100:59256,0,25,25,18
1669558387.679547,10.10.1.100:59260,0,17,27,20
1669558387.680855,10.10.1.100:59258,0,34,25,18
1669558387.757226,10.10.1.100:59256,0,25,26,18
1669558387.758700,10.10.1.100:59260,0,17,27,20
1669558387.760034,10.10.1.100:59258,0,34,25,18
1669558387.835862,10.10.1.100:59256,0,25,26,18
1669558387.837297,10.10.1.100:59260,1,18,24,18
1669558387.838703,10.10.1.100:59258,0,34,25,18
1669558387.915652,10.10.1.100:59256,0,25,26,18
1669558387.917096,10.10.1.100:59260,2,19,23,18
1669558387.918445,10.10.1.100:59258,0,34,25,18
1669558387.994677,10.10.1.100:59256,1,26,25,18
1669558387.996248,10.10.1.100:59260,2,19,21,18
1669558387.997588,10.10.1.100:59258,0,34,25,18
1669558388.074192,10.10.1.100:59256,2,27,22,18
1669558388.075697,10.10.1.100:59260,2,19,21,18
1669558388.077058,10.10.1.100:59258,0,34,25,18
1669558388.153857,10.10.1.100:59256,2,27,21,18
1669558388.155342,10.10.1.100:59260,2,19,21,18
1669558388.156704,10.10.1.100:59258,1,35,25,17
1669558388.235178,10.10.1.100:59256,2,27,20,18
1669558388.236701,10.10.1.100:59260,2,19,18,18
1669558388.238026,10.10.1.100:59258,1,35,25,17
1669558388.314284,10.10.1.100:59256,2,27,20,18
1669558388.315853,10.10.1.100:59260,2,19,18,18
1669558388.317197,10.10.1.100:59258,1,35,23,17
1669558388.394071,10.10.1.100:59256,2,27,20,18
1669558388.395684,10.10.1.100:59260,3,20,17,18
1669558388.397030,10.10.1.100:59258,1,35,21,17
1669558388.473657,10.10.1.100:59256,2,27,19,18
1669558388.475120,10.10.1.100:59260,4,21,17,18
1669558388.476547,10.10.1.100:59258,1,35,20,17
1669558388.552729,10.10.1.100:59256,2,27,18,18
1669558388.554294,10.10.1.100:59260,4,21,17,18
1669558388.555707,10.10.1.100:59258,2,36,18,17
1669558388.632841,10.10.1.100:59256,2,27,18,18
1669558388.634307,10.10.1.100:59260,3,21,18,18
1669558388.635719,10.10.1.100:59258,2,36,17,17
1669558388.740203,10.10.1.100:59256,3,28,17,18
1669558388.742873,10.10.1.100:59260,2,21,18,18
1669558388.745222,10.10.1.100:59258,2,36,17,17
1669558388.880838,10.10.1.100:59256,1,28,18,18
1669558388.883465,10.10.1.100:59260,2,21,18,18
1669558388.885872,10.10.1.100:59258,2,36,17,17
1669558389.023950,10.10.1.100:59256,1,28,18,18
1669558389.026698,10.10.1.100:59260,2,21,18,18
1669558389.029044,10.10.1.100:59258,1,36,17,17
1669558389.139180,10.10.1.100:59256,1,28,18,18
1669558389.140614,10.10.1.100:59260,0,21,18,18
1669558389.141974,10.10.1.100:59258,1,36,17,17
1669558389.217563,10.10.1.100:59256,1,28,18,18
1669558389.219081,10.10.1.100:59260,0,21,18,18
1669558389.220494,10.10.1.100:59258,0,36,17,17
1669558389.320761,10.10.1.100:59256,0,28,18,18
1669558389.323475,10.10.1.100:59260,0,21,19,18
1669558389.325882,10.10.1.100:59258,0,36,17,17
1669558389.463359,10.10.1.100:59256,0,28,18,18
1669558389.465994,10.10.1.100:59260,0,21,19,18
1669558389.468463,10.10.1.100:59258,0,36,17,17
1669558389.550462,10.10.1.100:59256,0,28,18,18
1669558389.551945,10.10.1.100:59260,0,21,19,18
1669558389.553339,10.10.1.100:59258,0,36,18,17
1669558389.629034,10.10.1.100:59256,0,28,19,18
1669558389.630470,10.10.1.100:59260,0,21,19,18
1669558389.631924,10.10.1.100:59258,0,36,18,17
1669558389.707553,10.10.1.100:59256,0,28,19,18
1669558389.708971,10.10.1.100:59260,0,21,19,18
1669558389.710354,10.10.1.100:59258,0,36,18,17
1669558389.786807,10.10.1.100:59256,0,28,19,18
1669558389.788246,10.10.1.100:59260,0,21,20,18
1669558389.789658,10.10.1.100:59258,0,36,18,17
1669558389.865450,10.10.1.100:59256,0,28,19,18
1669558389.866928,10.10.1.100:59260,0,21,20,18
1669558389.868279,10.10.1.100:59258,0,36,19,17
1669558389.944100,10.10.1.100:59256,0,28,19,18
1669558389.945571,10.10.1.100:59260,0,21,21,18
1669558389.947095,10.10.1.100:59258,0,36,19,17
1669558390.023741,10.10.1.100:59256,0,28,20,18
1669558390.025159,10.10.1.100:59260,0,21,21,18
1669558390.026561,10.10.1.100:59258,0,36,19,17
1669558390.102679,10.10.1.100:59256,0,28,20,18
1669558390.104196,10.10.1.100:59260,0,21,21,18
1669558390.105583,10.10.1.100:59258,0,36,19,17
1669558390.181605,10.10.1.100:59256,0,28,20,18
1669558390.183090,10.10.1.100:59260,0,21,21,18
1669558390.184426,10.10.1.100:59258,0,36,19,17
1669558390.260232,10.10.1.100:59256,0,28,21,18
1669558390.261739,10.10.1.100:59260,0,21,21,18
1669558390.263130,10.10.1.100:59258,0,36,20,17
1669558390.338944,10.10.1.100:59256,0,28,21,18
1669558390.340930,10.10.1.100:59260,0,21,21,18
1669558390.342268,10.10.1.100:59258,0,36,20,17
1669558390.418131,10.10.1.100:59256,0,28,21,18
1669558390.420694,10.10.1.100:59260,0,21,21,18
1669558390.423101,10.10.1.100:59258,0,36,20,17
1669558390.561376,10.10.1.100:59256,0,28,21,18
1669558390.564177,10.10.1.100:59260,0,21,21,18
1669558390.566589,10.10.1.100:59258,0,36,20,17
1669558390.701165,10.10.1.100:59256,0,28,21,18
1669558390.703757,10.10.1.100:59260,0,21,21,18
1669558390.706077,10.10.1.100:59258,0,36,20,17
1669558390.793777,10.10.1.100:59256,0,28,21,18
1669558390.795342,10.10.1.100:59260,0,21,22,18
1669558390.796687,10.10.1.100:59258,0,36,20,17
1669558390.872897,10.10.1.100:59256,0,28,21,18
1669558390.874351,10.10.1.100:59260,0,21,22,18
1669558390.875727,10.10.1.100:59258,0,36,20,17
1669558390.951730,10.10.1.100:59256,0,28,21,18
1669558390.953199,10.10.1.100:59260,0,21,22,18
1669558390.954596,10.10.1.100:59258,0,36,21,17
1669558391.030584,10.10.1.100:59256,0,28,22,18
1669558391.032029,10.10.1.100:59260,0,21,22,18
1669558391.033404,10.10.1.100:59258,0,36,21,17
1669558391.109442,10.10.1.100:59256,0,28,22,18
1669558391.110922,10.10.1.100:59260,0,21,22,18
1669558391.112303,10.10.1.100:59258,0,36,21,17
1669558391.190093,10.10.1.100:59256,0,28,22,18
1669558391.191551,10.10.1.100:59260,0,21,22,18
1669558391.192958,10.10.1.100:59258,0,36,21,17
1669558391.271415,10.10.1.100:59256,0,28,22,18
1669558391.274209,10.10.1.100:59260,0,21,22,18
1669558391.276842,10.10.1.100:59258,0,36,21,17
1669558391.413451,10.10.1.100:59256,0,28,22,18
1669558391.416224,10.10.1.100:59260,0,21,22,18
1669558391.418873,10.10.1.100:59258,0,36,21,17
1669558391.523224,10.10.1.100:59256,0,28,22,18
1669558391.524777,10.10.1.100:59260,0,21,22,18
1669558391.526192,10.10.1.100:59258,0,36,21,17
1669558391.602412,10.10.1.100:59256,0,28,22,18
1669558391.603952,10.10.1.100:59260,0,21,22,18
1669558391.605398,10.10.1.100:59258,0,36,21,17
1669558391.682076,10.10.1.100:59256,0,28,22,18
1669558391.683683,10.10.1.100:59260,0,21,22,18
1669558391.685152,10.10.1.100:59258,0,36,21,17
1669558391.761153,10.10.1.100:59256,0,28,22,18
1669558391.762755,10.10.1.100:59260,0,21,22,18
1669558391.764218,10.10.1.100:59258,0,36,21,17
1669558391.840934,10.10.1.100:59256,0,28,22,18
1669558391.842648,10.10.1.100:59260,0,21,22,18
1669558391.844086,10.10.1.100:59258,0,36,21,17
1669558391.920258,10.10.1.100:59256,0,28,22,18
1669558391.921779,10.10.1.100:59260,0,21,22,18
1669558391.923255,10.10.1.100:59258,0,36,21,17
1669558391.999986,10.10.1.100:59256,0,28,22,18
1669558392.001429,10.10.1.100:59260,0,21,22,18
1669558392.002818,10.10.1.100:59258,0,36,21,17
1669558392.078544,10.10.1.100:59256,0,28,22,18
1669558392.080042,10.10.1.100:59260,0,21,22,18
1669558392.081393,10.10.1.100:59258,0,36,21,17
1669558392.158217,10.10.1.100:59256,0,28,22,18
1669558392.159703,10.10.1.100:59260,0,21,22,18
1669558392.161037,10.10.1.100:59258,0,36,21,17
1669558392.237439,10.10.1.100:59256,0,28,22,18
1669558392.239014,10.10.1.100:59260,0,21,22,18
1669558392.240353,10.10.1.100:59258,0,36,21,17
1669558392.330419,10.10.1.100:59256,0,28,22,18
1669558392.333262,10.10.1.100:59260,0,21,22,18
1669558392.335680,10.10.1.100:59258,0,36,21,17
1669558392.472025,10.10.1.100:59256,0,28,22,18
1669558392.474768,10.10.1.100:59260,0,21,22,18
1669558392.477104,10.10.1.100:59258,0,36,21,17
1669558392.602933,10.10.1.100:59256,0,28,22,18
1669558392.605290,10.10.1.100:59260,0,21,22,18
1669558392.607501,10.10.1.100:59258,0,36,21,17
1669558392.683009,10.10.1.100:59256,0,28,22,18
1669558392.684513,10.10.1.100:59260,0,21,22,18
1669558392.685839,10.10.1.100:59258,0,36,21,17
1669558392.761535,10.10.1.100:59256,0,28,22,18
1669558392.763112,10.10.1.100:59260,0,21,23,18
1669558392.764436,10.10.1.100:59258,0,36,22,17
1669558392.840323,10.10.1.100:59256,0,28,22,18
1669558392.841887,10.10.1.100:59260,0,21,23,18
1669558392.843254,10.10.1.100:59258,0,36,22,17
1669558392.918989,10.10.1.100:59256,0,28,22,18
1669558392.920495,10.10.1.100:59260,0,21,23,18
1669558392.921822,10.10.1.100:59258,0,36,22,17
1669558392.997692,10.10.1.100:59256,0,28,23,18
1669558392.999233,10.10.1.100:59260,0,21,23,18
1669558393.000606,10.10.1.100:59258,0,36,22,17
1669558393.077245,10.10.1.100:59256,0,28,23,18
1669558393.078764,10.10.1.100:59260,0,21,23,18
1669558393.080136,10.10.1.100:59258,0,36,22,17
1669558393.156498,10.10.1.100:59256,0,28,23,18
1669558393.157920,10.10.1.100:59260,0,21,23,18
1669558393.159288,10.10.1.100:59258,0,36,22,17
1669558393.235279,10.10.1.100:59256,0,28,23,18
1669558393.236764,10.10.1.100:59260,0,21,23,18
1669558393.238085,10.10.1.100:59258,0,36,22,17
1669558393.314364,10.10.1.100:59256,0,28,23,18
1669558393.315867,10.10.1.100:59260,0,21,24,18
1669558393.317188,10.10.1.100:59258,0,36,22,17
1669558393.393732,10.10.1.100:59256,0,28,23,18
1669558393.395218,10.10.1.100:59260,0,21,24,18
1669558393.396539,10.10.1.100:59258,0,36,23,17
1669558393.472352,10.10.1.100:59256,0,28,24,18
1669558393.473837,10.10.1.100:59260,0,21,24,18
1669558393.475203,10.10.1.100:59258,0,36,23,17
1669558393.551402,10.10.1.100:59256,0,28,24,18
1669558393.552874,10.10.1.100:59260,0,21,24,18
1669558393.554198,10.10.1.100:59258,0,36,23,17
1669558393.630174,10.10.1.100:59256,0,28,24,18
1669558393.631747,10.10.1.100:59260,0,21,25,18
1669558393.633072,10.10.1.100:59258,0,36,23,17
1669558393.709107,10.10.1.100:59256,0,28,24,18
1669558393.710624,10.10.1.100:59260,0,21,25,18
1669558393.711952,10.10.1.100:59258,0,36,24,17
1669558393.788061,10.10.1.100:59256,0,28,24,18
1669558393.789523,10.10.1.100:59260,0,21,26,18
1669558393.790891,10.10.1.100:59258,0,36,24,17
1669558393.904495,10.10.1.100:59256,0,28,25,18
1669558393.907222,10.10.1.100:59260,0,21,26,18
1669558393.909691,10.10.1.100:59258,0,36,24,17
1669558394.043802,10.10.1.100:59256,0,28,26,18
1669558394.046739,10.10.1.100:59260,0,21,27,18
1669558394.049279,10.10.1.100:59258,0,36,24,17
1669558394.149639,10.10.1.100:59256,0,28,26,18
1669558394.151353,10.10.1.100:59260,0,21,27,18
1669558394.152936,10.10.1.100:59258,0,36,25,17
1669558394.230435,10.10.1.100:59256,0,28,27,18
1669558394.232531,10.10.1.100:59260,0,21,27,18
1669558394.234125,10.10.1.100:59258,1,37,25,18
1669558394.312357,10.10.1.100:59256,0,28,27,18
1669558394.314127,10.10.1.100:59260,0,21,27,18
1669558394.315850,10.10.1.100:59258,2,38,23,18
1669558394.453029,10.10.1.100:59256,0,28,27,18
1669558394.455714,10.10.1.100:59260,0,21,29,18
1669558394.458038,10.10.1.100:59258,2,38,22,18
1669558394.584780,10.10.1.100:59256,0,28,27,18
1669558394.587312,10.10.1.100:59260,0,21,31,18
1669558394.589546,10.10.1.100:59258,3,39,20,18
1669558394.672449,10.10.1.100:59256,1,29,24,18
1669558394.673922,10.10.1.100:59260,1,22,30,21
1669558394.675287,10.10.1.100:59258,3,39,20,18
1669558394.751388,10.10.1.100:59256,1,29,23,18
1669558394.752899,10.10.1.100:59260,1,22,30,21
1669558394.754228,10.10.1.100:59258,3,39,19,18
1669558394.829653,10.10.1.100:59256,2,30,21,18
1669558394.831125,10.10.1.100:59260,1,22,29,21
1669558394.832446,10.10.1.100:59258,3,39,19,18
1669558394.908532,10.10.1.100:59256,2,30,21,18
1669558394.909999,10.10.1.100:59260,1,22,29,21
1669558394.911361,10.10.1.100:59258,4,40,17,18
1669558394.987386,10.10.1.100:59256,3,31,18,18
1669558394.988939,10.10.1.100:59260,2,23,27,21
1669558394.990260,10.10.1.100:59258,4,40,17,18
1669558395.065970,10.10.1.100:59256,4,32,17,18
1669558395.067449,10.10.1.100:59260,2,23,27,21
1669558395.068822,10.10.1.100:59258,4,41,18,18
1669558395.145260,10.10.1.100:59256,4,32,17,18
1669558395.146773,10.10.1.100:59260,2,23,26,21
1669558395.148142,10.10.1.100:59258,3,41,18,18
1669558395.224067,10.10.1.100:59256,4,32,17,18
1669558395.225542,10.10.1.100:59260,2,23,24,21
1669558395.226959,10.10.1.100:59258,3,41,18,18
1669558395.303341,10.10.1.100:59256,4,32,17,18
1669558395.304812,10.10.1.100:59260,3,24,21,21
1669558395.306128,10.10.1.100:59258,3,41,18,18
1669558395.383732,10.10.1.100:59256,4,32,17,18
1669558395.385220,10.10.1.100:59260,3,24,21,21
1669558395.386578,10.10.1.100:59258,2,41,18,18
1669558395.462695,10.10.1.100:59256,3,32,18,18
1669558395.464163,10.10.1.100:59260,2,24,21,21
1669558395.465519,10.10.1.100:59258,2,41,18,18
1669558395.541675,10.10.1.100:59256,3,32,18,18
1669558395.543238,10.10.1.100:59260,2,24,21,21
1669558395.544562,10.10.1.100:59258,2,41,18,18
1669558395.623960,10.10.1.100:59256,2,32,18,18
1669558395.626490,10.10.1.100:59260,2,24,21,21
1669558395.629031,10.10.1.100:59258,1,41,18,18
1669558395.763812,10.10.1.100:59256,1,32,18,18
1669558395.766414,10.10.1.100:59260,1,24,21,21
1669558395.768872,10.10.1.100:59258,1,41,18,18
1669558395.884262,10.10.1.100:59256,0,32,18,18
1669558395.885753,10.10.1.100:59260,1,24,21,21
1669558395.887120,10.10.1.100:59258,0,41,18,18
1669558395.963527,10.10.1.100:59256,0,32,18,18
1669558395.964989,10.10.1.100:59260,0,24,21,21
1669558395.966360,10.10.1.100:59258,0,41,18,18
1669558396.042292,10.10.1.100:59256,0,32,18,18
1669558396.043772,10.10.1.100:59260,0,24,21,21
1669558396.045093,10.10.1.100:59258,0,41,19,18
1669558396.120991,10.10.1.100:59256,0,32,19,18
1669558396.122471,10.10.1.100:59260,0,24,21,21
1669558396.123888,10.10.1.100:59258,0,41,19,18
1669558396.200010,10.10.1.100:59256,0,32,19,18
1669558396.201479,10.10.1.100:59260,0,24,22,21
1669558396.202846,10.10.1.100:59258,0,41,19,18
1669558396.278672,10.10.1.100:59256,0,32,20,18
1669558396.280185,10.10.1.100:59260,0,24,22,21
1669558396.281617,10.10.1.100:59258,0,41,19,18
1669558396.358229,10.10.1.100:59256,0,32,20,18
1669558396.359731,10.10.1.100:59260,0,24,22,21
1669558396.361055,10.10.1.100:59258,0,41,20,18
1669558396.437287,10.10.1.100:59256,0,32,21,18
1669558396.438831,10.10.1.100:59260,0,24,22,21
1669558396.440192,10.10.1.100:59258,0,41,20,18
1669558396.516113,10.10.1.100:59256,0,32,21,18
1669558396.517622,10.10.1.100:59260,0,24,22,21
1669558396.518987,10.10.1.100:59258,0,41,21,18
1669558396.594375,10.10.1.100:59256,0,32,21,18
1669558396.595931,10.10.1.100:59260,0,24,23,21
1669558396.597263,10.10.1.100:59258,0,41,21,18
1669558396.673442,10.10.1.100:59256,0,32,21,18
1669558396.674900,10.10.1.100:59260,0,24,24,21
1669558396.676226,10.10.1.100:59258,0,41,21,18
1669558396.751557,10.10.1.100:59256,0,32,21,18
1669558396.752983,10.10.1.100:59260,0,24,25,21
1669558396.754370,10.10.1.100:59258,0,41,22,18
1669558396.830423,10.10.1.100:59256,0,32,22,18
1669558396.831932,10.10.1.100:59260,0,24,25,21
1669558396.833295,10.10.1.100:59258,0,41,22,18
1669558396.909730,10.10.1.100:59256,0,32,22,18
1669558396.911344,10.10.1.100:59260,0,24,25,21
1669558396.912707,10.10.1.100:59258,0,41,22,18
1669558396.988476,10.10.1.100:59256,0,32,23,18
1669558396.990261,10.10.1.100:59260,0,24,26,21
1669558396.991680,10.10.1.100:59258,0,41,22,18
1669558397.067666,10.10.1.100:59256,0,32,23,18
1669558397.069128,10.10.1.100:59260,0,24,26,21
1669558397.070496,10.10.1.100:59258,0,41,22,18
1669558397.146608,10.10.1.100:59256,0,32,23,18
1669558397.148050,10.10.1.100:59260,0,24,26,21
1669558397.149412,10.10.1.100:59258,0,41,23,18
1669558397.225723,10.10.1.100:59256,0,32,24,18
1669558397.227172,10.10.1.100:59260,0,24,26,21
1669558397.228539,10.10.1.100:59258,0,41,23,18
1669558397.304568,10.10.1.100:59256,0,32,24,18
1669558397.306091,10.10.1.100:59260,0,24,26,21
1669558397.307476,10.10.1.100:59258,0,41,24,18
1669558397.384627,10.10.1.100:59256,0,32,24,18
1669558397.386080,10.10.1.100:59260,0,24,27,21
1669558397.387480,10.10.1.100:59258,0,41,24,18
1669558397.463356,10.10.1.100:59256,0,32,24,18
1669558397.464904,10.10.1.100:59260,0,24,27,21
1669558397.466269,10.10.1.100:59258,0,41,24,18
1669558397.542393,10.10.1.100:59256,0,32,24,18
1669558397.543876,10.10.1.100:59260,0,24,28,21
1669558397.545266,10.10.1.100:59258,0,41,24,18
1669558397.620737,10.10.1.100:59256,0,32,25,18
1669558397.622232,10.10.1.100:59260,0,24,28,21
1669558397.623601,10.10.1.100:59258,0,41,24,18
1669558397.698646,10.10.1.100:59256,0,32,25,18
1669558397.700158,10.10.1.100:59260,0,24,28,21
1669558397.701562,10.10.1.100:59258,0,41,24,18
1669558397.777586,10.10.1.100:59256,0,32,25,18
1669558397.779041,10.10.1.100:59260,0,24,29,21
1669558397.780421,10.10.1.100:59258,0,41,24,18
1669558397.856864,10.10.1.100:59256,0,32,26,18
1669558397.858329,10.10.1.100:59260,1,25,28,20
1669558397.859688,10.10.1.100:59258,0,41,24,18
1669558397.937027,10.10.1.100:59256,0,32,26,18
1669558397.938426,10.10.1.100:59260,2,26,26,20
1669558397.939829,10.10.1.100:59258,0,41,25,18
1669558398.059477,10.10.1.100:59256,1,33,25,18
1669558398.062112,10.10.1.100:59260,2,26,26,20
1669558398.064529,10.10.1.100:59258,1,42,24,17
1669558398.192685,10.10.1.100:59256,1,33,24,18
1669558398.195210,10.10.1.100:59260,2,26,26,20
1669558398.197360,10.10.1.100:59258,1,42,22,17
1669558398.287271,10.10.1.100:59256,1,33,24,18
1669558398.288774,10.10.1.100:59260,2,26,23,20
1669558398.290167,10.10.1.100:59258,2,43,20,17
1669558398.366815,10.10.1.100:59256,1,33,24,18
1669558398.368335,10.10.1.100:59260,2,26,22,20
1669558398.369684,10.10.1.100:59258,2,43,19,17
1669558398.446049,10.10.1.100:59256,2,34,22,18
1669558398.447540,10.10.1.100:59260,2,26,20,20
1669558398.448907,10.10.1.100:59258,2,43,19,17
1669558398.525562,10.10.1.100:59256,4,36,19,18
1669558398.527068,10.10.1.100:59260,2,26,20,20
1669558398.528409,10.10.1.100:59258,2,43,19,17
1669558398.603908,10.10.1.100:59256,5,37,17,18
1669558398.605340,10.10.1.100:59260,2,26,20,20
1669558398.607071,10.10.1.100:59258,2,43,18,17
1669558398.683419,10.10.1.100:59256,5,37,17,18
1669558398.684905,10.10.1.100:59260,0,26,20,20
1669558398.686219,10.10.1.100:59258,2,43,18,17
1669558398.762782,10.10.1.100:59256,5,37,17,18
1669558398.764326,10.10.1.100:59260,0,26,20,20
1669558398.765650,10.10.1.100:59258,2,43,17,17
1669558398.842241,10.10.1.100:59256,6,39,18,18
1669558398.843795,10.10.1.100:59260,0,26,20,20
1669558398.845131,10.10.1.100:59258,1,43,17,17
1669558398.921354,10.10.1.100:59256,6,39,18,18
1669558398.922828,10.10.1.100:59260,0,26,20,20
1669558398.924158,10.10.1.100:59258,1,43,17,17
1669558399.000489,10.10.1.100:59256,6,39,18,18
1669558399.001991,10.10.1.100:59260,0,26,20,20
1669558399.003380,10.10.1.100:59258,0,43,17,17
1669558399.078699,10.10.1.100:59256,6,39,18,18
1669558399.080231,10.10.1.100:59260,0,26,21,20
1669558399.081565,10.10.1.100:59258,0,43,17,17
1669558399.157415,10.10.1.100:59256,3,39,18,18
1669558399.158928,10.10.1.100:59260,0,26,21,20
1669558399.160314,10.10.1.100:59258,0,43,17,17
1669558399.236539,10.10.1.100:59256,2,39,18,18
1669558399.237998,10.10.1.100:59260,0,26,21,20
1669558399.239369,10.10.1.100:59258,0,43,17,17
1669558399.315993,10.10.1.100:59256,2,39,18,18
1669558399.317447,10.10.1.100:59260,0,26,22,20
1669558399.318810,10.10.1.100:59258,0,43,17,17
1669558399.395868,10.10.1.100:59256,2,39,18,18
1669558399.397305,10.10.1.100:59260,0,26,22,20
1669558399.398659,10.10.1.100:59258,0,43,18,17
1669558399.491387,10.10.1.100:59256,0,39,18,18
1669558399.494101,10.10.1.100:59260,0,26,22,20
1669558399.496573,10.10.1.100:59258,0,43,18,17
1669558399.630974,10.10.1.100:59256,0,39,18,18
1669558399.633389,10.10.1.100:59260,0,26,22,20
1669558399.635599,10.10.1.100:59258,0,43,19,17
1669558399.749138,10.10.1.100:59256,0,39,18,18
1669558399.750631,10.10.1.100:59260,0,26,22,20
1669558399.752007,10.10.1.100:59258,0,43,19,17
1669558399.829025,10.10.1.100:59256,0,39,19,18
1669558399.830471,10.10.1.100:59260,0,26,23,20
1669558399.831880,10.10.1.100:59258,0,43,19,17
1669558399.908951,10.10.1.100:59256,0,39,19,18
1669558399.910437,10.10.1.100:59260,0,26,23,20
1669558399.911838,10.10.1.100:59258,0,43,19,17
1669558399.988031,10.10.1.100:59256,0,39,19,18
1669558399.989489,10.10.1.100:59260,0,26,23,20
1669558399.990855,10.10.1.100:59258,0,43,19,17
1669558400.066989,10.10.1.100:59256,0,39,19,18
1669558400.068424,10.10.1.100:59260,0,26,23,20
1669558400.069750,10.10.1.100:59258,0,43,20,17
1669558400.145940,10.10.1.100:59256,0,39,20,18
1669558400.147440,10.10.1.100:59260,0,26,23,20
1669558400.148774,10.10.1.100:59258,0,43,20,17
1669558400.225226,10.10.1.100:59256,0,39,20,18
1669558400.226721,10.10.1.100:59260,0,26,23,20
1669558400.228070,10.10.1.100:59258,0,43,20,17
1669558400.305211,10.10.1.100:59256,0,39,20,18
1669558400.306703,10.10.1.100:59260,0,26,23,20
1669558400.308021,10.10.1.100:59258,0,43,20,17
1669558400.384638,10.10.1.100:59256,0,39,20,18
1669558400.386141,10.10.1.100:59260,0,26,23,20
1669558400.387500,10.10.1.100:59258,0,43,20,17
1669558400.463091,10.10.1.100:59256,0,39,20,18
1669558400.464546,10.10.1.100:59260,0,26,24,20
1669558400.465929,10.10.1.100:59258,0,43,20,17
1669558400.542102,10.10.1.100:59256,0,39,21,18
1669558400.543686,10.10.1.100:59260,0,26,24,20
1669558400.545056,10.10.1.100:59258,0,43,20,17
1669558400.622042,10.10.1.100:59256,0,39,21,18
1669558400.623525,10.10.1.100:59260,0,26,24,20
1669558400.624854,10.10.1.100:59258,0,43,20,17
1669558400.700753,10.10.1.100:59256,0,39,21,18
1669558400.702271,10.10.1.100:59260,0,26,24,20
1669558400.703645,10.10.1.100:59258,0,43,20,17
1669558400.779902,10.10.1.100:59256,0,39,21,18
1669558400.781407,10.10.1.100:59260,0,26,24,20
1669558400.783071,10.10.1.100:59258,0,43,20,17
1669558400.861271,10.10.1.100:59256,0,39,21,18
1669558400.862758,10.10.1.100:59260,0,26,24,20
1669558400.864097,10.10.1.100:59258,0,43,21,17
1669558400.939845,10.10.1.100:59256,0,39,21,18
1669558400.941257,10.10.1.100:59260,0,26,24,20
1669558400.942688,10.10.1.100:59258,0,43,21,17
1669558401.019160,10.10.1.100:59256,0,39,21,18
1669558401.020587,10.10.1.100:59260,0,26,24,20
1669558401.021958,10.10.1.100:59258,0,43,21,17
1669558401.097994,10.10.1.100:59256,0,39,21,18
1669558401.099463,10.10.1.100:59260,0,26,24,20
1669558401.100856,10.10.1.100:59258,0,43,21,17
1669558401.176685,10.10.1.100:59256,0,39,21,18
1669558401.178127,10.10.1.100:59260,0,26,24,20
1669558401.179549,10.10.1.100:59258,0,43,21,17
1669558401.256843,10.10.1.100:59256,0,39,21,18
1669558401.258334,10.10.1.100:59260,0,26,24,20
1669558401.259730,10.10.1.100:59258,0,43,21,17
1669558401.336174,10.10.1.100:59256,0,39,22,18
1669558401.337597,10.10.1.100:59260,0,26,24,20
1669558401.339517,10.10.1.100:59258,0,43,21,17
1669558401.416100,10.10.1.100:59256,0,39,22,18
1669558401.417549,10.10.1.100:59260,0,26,24,20
1669558401.418978,10.10.1.100:59258,0,43,21,17
1669558401.495428,10.10.1.100:59256,0,39,22,18
1669558401.496914,10.10.1.100:59260,0,26,24,20
1669558401.498251,10.10.1.100:59258,0,43,21,17
1669558401.574270,10.10.1.100:59256,0,39,22,18
1669558401.575812,10.10.1.100:59260,0,26,24,20
1669558401.577156,10.10.1.100:59258,0,43,21,17
1669558401.653721,10.10.1.100:59256,0,39,22,18
1669558401.655177,10.10.1.100:59260,0,26,24,20
1669558401.656585,10.10.1.100:59258,0,43,21,17
1669558401.733067,10.10.1.100:59256,0,39,22,18
1669558401.734476,10.10.1.100:59260,0,26,24,20
1669558401.735918,10.10.1.100:59258,0,43,21,17
1669558401.812405,10.10.1.100:59256,0,39,22,18
1669558401.813804,10.10.1.100:59260,0,26,24,20
1669558401.815204,10.10.1.100:59258,0,43,21,17
1669558401.891664,10.10.1.100:59256,0,39,22,18
1669558401.893061,10.10.1.100:59260,0,26,24,20
1669558401.894428,10.10.1.100:59258,0,43,21,17
1669558401.970664,10.10.1.100:59256,0,39,22,18
1669558401.972076,10.10.1.100:59260,0,26,24,20
1669558401.973427,10.10.1.100:59258,0,43,21,17
1669558402.050150,10.10.1.100:59256,0,39,22,18
1669558402.051679,10.10.1.100:59260,0,26,24,20
1669558402.053024,10.10.1.100:59258,0,43,21,17
1669558402.129624,10.10.1.100:59256,0,39,22,18
1669558402.131135,10.10.1.100:59260,0,26,24,20
1669558402.132466,10.10.1.100:59258,0,43,21,17
1669558402.208923,10.10.1.100:59256,0,39,22,18
1669558402.210374,10.10.1.100:59260,0,26,24,20
1669558402.211751,10.10.1.100:59258,0,43,21,17
1669558402.288818,10.10.1.100:59256,0,39,22,18
1669558402.290287,10.10.1.100:59260,0,26,25,20
1669558402.291712,10.10.1.100:59258,0,43,21,17
1669558402.375939,10.10.1.100:59256,0,39,22,18
1669558402.378512,10.10.1.100:59260,0,26,25,20
1669558402.380983,10.10.1.100:59258,0,43,21,17
1669558402.513346,10.10.1.100:59256,0,39,22,18
1669558402.515777,10.10.1.100:59260,0,26,25,20
1669558402.517942,10.10.1.100:59258,0,43,21,17
1669558402.628470,10.10.1.100:59256,0,39,22,18
1669558402.629885,10.10.1.100:59260,0,26,25,20
1669558402.631302,10.10.1.100:59258,0,43,22,17
1669558402.730918,10.10.1.100:59256,0,39,22,18
1669558402.733882,10.10.1.100:59260,0,26,25,20
1669558402.736351,10.10.1.100:59258,0,43,22,17
1669558402.870300,10.10.1.100:59256,0,39,22,18
1669558402.872774,10.10.1.100:59260,0,26,26,20
1669558402.874991,10.10.1.100:59258,0,43,22,17
1669558402.992786,10.10.1.100:59256,0,39,22,18
1669558402.994238,10.10.1.100:59260,0,26,26,20
1669558402.995655,10.10.1.100:59258,0,43,22,17
1669558403.071209,10.10.1.100:59256,0,39,23,18
1669558403.072676,10.10.1.100:59260,0,26,26,20
1669558403.074041,10.10.1.100:59258,0,43,22,17
1669558403.149782,10.10.1.100:59256,0,39,23,18
1669558403.151221,10.10.1.100:59260,0,26,27,20
1669558403.152612,10.10.1.100:59258,0,43,23,17
1669558403.228501,10.10.1.100:59256,0,39,23,18
1669558403.229994,10.10.1.100:59260,0,26,27,20
1669558403.231385,10.10.1.100:59258,0,43,23,17
1669558403.307567,10.10.1.100:59256,0,39,23,18
1669558403.309116,10.10.1.100:59260,0,26,27,20
1669558403.310459,10.10.1.100:59258,0,43,23,17
1669558403.388186,10.10.1.100:59256,0,39,23,18
1669558403.389639,10.10.1.100:59260,0,26,27,20
1669558403.391004,10.10.1.100:59258,0,43,24,17
1669558403.467324,10.10.1.100:59256,0,39,23,18
1669558403.468839,10.10.1.100:59260,0,26,27,20
1669558403.470211,10.10.1.100:59258,0,43,24,17
1669558403.546489,10.10.1.100:59256,0,39,23,18
1669558403.547978,10.10.1.100:59260,0,26,27,20
1669558403.549397,10.10.1.100:59258,0,43,24,17
1669558403.625942,10.10.1.100:59256,0,39,23,18
1669558403.627471,10.10.1.100:59260,0,26,28,20
1669558403.628894,10.10.1.100:59258,0,43,24,17
1669558403.704723,10.10.1.100:59256,0,39,24,18
1669558403.706177,10.10.1.100:59260,1,27,28,20
1669558403.707631,10.10.1.100:59258,0,43,25,17
1669558403.783630,10.10.1.100:59256,0,39,24,18
1669558403.785084,10.10.1.100:59260,1,27,28,20
1669558403.786422,10.10.1.100:59258,0,43,25,17
1669558403.862758,10.10.1.100:59256,0,39,24,18
1669558403.864358,10.10.1.100:59260,1,27,27,20
1669558403.865704,10.10.1.100:59258,0,43,25,17
1669558403.941923,10.10.1.100:59256,0,39,25,18
1669558403.943417,10.10.1.100:59260,1,27,26,20
1669558403.944821,10.10.1.100:59258,1,44,24,17
1669558404.023693,10.10.1.100:59256,0,39,25,18
1669558404.025327,10.10.1.100:59260,1,27,26,20
1669558404.026734,10.10.1.100:59258,1,44,23,17
1669558404.103038,10.10.1.100:59256,0,39,25,18
1669558404.104504,10.10.1.100:59260,1,27,23,20
1669558404.105865,10.10.1.100:59258,1,44,21,17
1669558404.184478,10.10.1.100:59256,0,39,25,18
1669558404.185938,10.10.1.100:59260,2,28,23,20
1669558404.187315,10.10.1.100:59258,1,44,21,17
1669558404.263628,10.10.1.100:59256,0,39,26,18
1669558404.265153,10.10.1.100:59260,3,29,23,20
1669558404.266500,10.10.1.100:59258,2,45,19,17
1669558404.386390,10.10.1.100:59256,0,39,26,18
1669558404.389079,10.10.1.100:59260,3,29,22,20
1669558404.391457,10.10.1.100:59258,2,45,17,17
1669558404.506945,10.10.1.100:59256,0,39,26,18
1669558404.508394,10.10.1.100:59260,4,30,20,20
1669558404.509716,10.10.1.100:59258,2,45,17,17
1669558404.645100,10.10.1.100:59256,1,40,25,18
1669558404.648169,10.10.1.100:59260,5,32,20,20
1669558404.651281,10.10.1.100:59258,2,45,17,17
1669558404.764348,10.10.1.100:59256,1,40,22,18
1669558404.766179,10.10.1.100:59260,5,32,20,20
1669558404.767911,10.10.1.100:59258,2,45,17,17
1669558404.845226,10.10.1.100:59256,1,40,22,18
1669558404.846757,10.10.1.100:59260,5,32,20,20
1669558404.848129,10.10.1.100:59258,1,45,17,17
1669558404.924361,10.10.1.100:59256,1,40,20,18
1669558404.925783,10.10.1.100:59260,4,32,20,20
1669558404.927185,10.10.1.100:59258,1,45,17,17
1669558405.003781,10.10.1.100:59256,1,40,19,18
1669558405.005263,10.10.1.100:59260,4,32,20,20
1669558405.006634,10.10.1.100:59258,0,45,17,17
1669558405.098037,10.10.1.100:59256,1,40,18,18
1669558405.099592,10.10.1.100:59260,3,32,20,20
1669558405.100951,10.10.1.100:59258,0,45,17,17
1669558405.178415,10.10.1.100:59256,1,40,18,18
1669558405.179957,10.10.1.100:59260,2,32,20,20
1669558405.181383,10.10.1.100:59258,0,45,17,17
1669558405.258381,10.10.1.100:59256,1,40,18,18
1669558405.259900,10.10.1.100:59260,0,32,20,20
1669558405.261277,10.10.1.100:59258,0,45,18,17
1669558405.337615,10.10.1.100:59256,0,40,18,18
1669558405.339681,10.10.1.100:59260,0,32,20,20
1669558405.341013,10.10.1.100:59258,0,45,18,17
1669558405.417183,10.10.1.100:59256,0,40,18,18
1669558405.418668,10.10.1.100:59260,0,32,20,20
1669558405.420002,10.10.1.100:59258,0,45,18,17
1669558405.496261,10.10.1.100:59256,0,40,18,18
1669558405.497756,10.10.1.100:59260,0,32,21,20
1669558405.499164,10.10.1.100:59258,0,45,18,17
1669558405.575249,10.10.1.100:59256,0,40,19,18
1669558405.576767,10.10.1.100:59260,0,32,21,20
1669558405.578141,10.10.1.100:59258,0,45,19,17
1669558405.654273,10.10.1.100:59256,0,40,19,18
1669558405.655810,10.10.1.100:59260,0,32,21,20
1669558405.657185,10.10.1.100:59258,0,45,19,17
1669558405.733164,10.10.1.100:59256,0,40,20,18
1669558405.734726,10.10.1.100:59260,0,32,21,20
1669558405.736090,10.10.1.100:59258,0,45,20,17
1669558405.841212,10.10.1.100:59256,0,40,20,18
1669558405.843817,10.10.1.100:59260,0,32,22,20
1669558405.846129,10.10.1.100:59258,0,45,20,17
1669558405.981874,10.10.1.100:59256,0,40,20,18
1669558405.983354,10.10.1.100:59260,0,32,23,20
1669558405.984677,10.10.1.100:59258,0,45,21,17
1669558406.060466,10.10.1.100:59256,0,40,21,18
1669558406.061953,10.10.1.100:59260,0,32,23,20
1669558406.063326,10.10.1.100:59258,0,45,21,17
1669558406.139622,10.10.1.100:59256,0,40,21,18
1669558406.141115,10.10.1.100:59260,0,32,24,20
1669558406.142441,10.10.1.100:59258,0,45,21,17
1669558406.219128,10.10.1.100:59256,0,40,22,18
1669558406.220606,10.10.1.100:59260,0,32,24,20
1669558406.221924,10.10.1.100:59258,0,45,21,17
1669558406.298637,10.10.1.100:59256,0,40,22,18
1669558406.300161,10.10.1.100:59260,0,32,24,20
1669558406.301485,10.10.1.100:59258,0,45,22,17
1669558406.378712,10.10.1.100:59256,0,40,22,18
1669558406.380223,10.10.1.100:59260,0,32,24,20
1669558406.381554,10.10.1.100:59258,0,45,22,17
1669558406.457901,10.10.1.100:59256,0,40,23,18
1669558406.459396,10.10.1.100:59260,0,32,24,20
1669558406.460789,10.10.1.100:59258,0,45,23,17
1669558406.537033,10.10.1.100:59256,0,40,23,18
1669558406.538569,10.10.1.100:59260,0,32,25,20
1669558406.539939,10.10.1.100:59258,0,45,23,17
1669558406.616306,10.10.1.100:59256,0,40,23,18
1669558406.617782,10.10.1.100:59260,0,32,25,20
1669558406.619181,10.10.1.100:59258,0,45,23,17
1669558406.694867,10.10.1.100:59256,0,40,23,18
1669558406.696401,10.10.1.100:59260,0,32,26,20
1669558406.697806,10.10.1.100:59258,0,45,23,17
1669558406.774603,10.10.1.100:59256,0,40,23,18
1669558406.776075,10.10.1.100:59260,0,32,26,20
1669558406.777436,10.10.1.100:59258,0,45,23,17
1669558406.858516,10.10.1.100:59256,0,40,24,18
1669558406.861272,10.10.1.100:59260,0,32,27,20
1669558406.863661,10.10.1.100:59258,0,45,23,17
1669558406.997000,10.10.1.100:59256,0,40,24,18
1669558407.000052,10.10.1.100:59260,0,32,27,20
1669558407.002339,10.10.1.100:59258,0,45,23,17
1669558407.119473,10.10.1.100:59256,0,40,25,18
1669558407.120944,10.10.1.100:59260,0,32,27,20
1669558407.122348,10.10.1.100:59258,0,45,24,17
1669558407.197884,10.10.1.100:59256,0,40,25,18
1669558407.199477,10.10.1.100:59260,0,32,27,20
1669558407.200807,10.10.1.100:59258,0,45,24,17
1669558407.277447,10.10.1.100:59256,1,41,24,17
1669558407.279068,10.10.1.100:59260,0,32,27,20
1669558407.280396,10.10.1.100:59258,0,45,24,17
1669558407.358055,10.10.1.100:59256,1,41,24,17
1669558407.359593,10.10.1.100:59260,1,33,26,18
1669558407.360945,10.10.1.100:59258,0,45,24,17
1669558407.437296,10.10.1.100:59256,1,41,24,17
1669558407.438779,10.10.1.100:59260,1,33,25,18
1669558407.440131,10.10.1.100:59258,0,45,24,17
1669558407.516501,10.10.1.100:59256,1,41,24,17
1669558407.517935,10.10.1.100:59260,1,33,23,18
1669558407.519312,10.10.1.100:59258,0,45,24,17
1669558407.595558,10.10.1.100:59256,1,41,23,17
1669558407.597007,10.10.1.100:59260,2,34,21,18
1669558407.598327,10.10.1.100:59258,0,45,24,17
1669558407.675512,10.10.1.100:59256,2,42,21,17
1669558407.676972,10.10.1.100:59260,2,34,20,18
1669558407.678271,10.10.1.100:59258,0,45,24,17
1669558407.756958,10.10.1.100:59256,2,42,19,17
1669558407.758448,10.10.1.100:59260,3,35,18,18
1669558407.759855,10.10.1.100:59258,0,45,24,17
1669558407.835590,10.10.1.100:59256,2,42,17,17
1669558407.837182,10.10.1.100:59260,3,35,18,18
1669558407.838514,10.10.1.100:59258,0,45,24,17
1669558407.914586,10.10.1.100:59256,3,43,17,17
1669558407.916061,10.10.1.100:59260,3,35,18,18
1669558407.917382,10.10.1.100:59258,0,45,25,17
1669558407.993350,10.10.1.100:59256,3,43,17,17
1669558407.994901,10.10.1.100:59260,3,35,18,18
1669558407.996260,10.10.1.100:59258,0,45,25,17
1669558408.072490,10.10.1.100:59256,3,43,17,17
1669558408.073939,10.10.1.100:59260,4,36,17,18
1669558408.075335,10.10.1.100:59258,0,45,25,17
1669558408.151473,10.10.1.100:59256,2,43,17,17
1669558408.152952,10.10.1.100:59260,4,36,17,18
1669558408.154278,10.10.1.100:59258,0,45,25,17
1669558408.230228,10.10.1.100:59256,2,43,17,17
1669558408.232029,10.10.1.100:59260,3,36,18,18
1669558408.233378,10.10.1.100:59258,0,45,25,17
1669558408.309552,10.10.1.100:59256,2,43,17,17
1669558408.311011,10.10.1.100:59260,3,36,18,18
1669558408.312332,10.10.1.100:59258,0,45,25,17
1669558408.389089,10.10.1.100:59256,2,43,17,17
1669558408.390600,10.10.1.100:59260,2,36,18,18
1669558408.391948,10.10.1.100:59258,0,45,25,17
1669558408.467771,10.10.1.100:59256,1,43,17,17
1669558408.469214,10.10.1.100:59260,1,36,18,18
1669558408.470569,10.10.1.100:59258,0,45,25,17
1669558408.546424,10.10.1.100:59256,0,43,17,17
1669558408.547929,10.10.1.100:59260,1,36,18,18
1669558408.549260,10.10.1.100:59258,0,45,25,17
1669558408.625760,10.10.1.100:59256,0,43,17,17
1669558408.627295,10.10.1.100:59260,1,36,18,18
1669558408.628612,10.10.1.100:59258,0,45,25,17
1669558408.704084,10.10.1.100:59256,0,43,17,17
1669558408.705593,10.10.1.100:59260,1,36,18,18
1669558408.706966,10.10.1.100:59258,0,45,25,17
1669558408.783299,10.10.1.100:59256,0,43,17,17
1669558408.784800,10.10.1.100:59260,0,36,18,18
1669558408.786131,10.10.1.100:59258,0,45,25,17
1669558408.862328,10.10.1.100:59256,0,43,18,17
1669558408.863901,10.10.1.100:59260,0,36,18,18
1669558408.865224,10.10.1.100:59258,0,45,25,17
1669558408.941093,10.10.1.100:59256,0,43,18,17
1669558408.942608,10.10.1.100:59260,0,36,18,18
1669558408.943971,10.10.1.100:59258,0,45,25,17
1669558409.019889,10.10.1.100:59256,0,43,18,17
1669558409.021318,10.10.1.100:59260,0,36,19,18
1669558409.022667,10.10.1.100:59258,0,45,25,17
1669558409.098580,10.10.1.100:59256,0,43,18,17
1669558409.100027,10.10.1.100:59260,0,36,19,18
1669558409.101344,10.10.1.100:59258,0,45,25,17
1669558409.177686,10.10.1.100:59256,0,43,18,17
1669558409.179209,10.10.1.100:59260,0,36,19,18
1669558409.180535,10.10.1.100:59258,0,45,26,17
1669558409.257432,10.10.1.100:59256,0,43,18,17
1669558409.258913,10.10.1.100:59260,0,36,20,18
1669558409.260269,10.10.1.100:59258,0,45,26,17
1669558409.336552,10.10.1.100:59256,0,43,19,17
1669558409.338002,10.10.1.100:59260,0,36,20,18
1669558409.339940,10.10.1.100:59258,0,45,26,17
1669558409.415771,10.10.1.100:59256,0,43,19,17
1669558409.417209,10.10.1.100:59260,0,36,20,18
1669558409.418569,10.10.1.100:59258,0,45,26,17
1669558409.494506,10.10.1.100:59256,0,43,19,17
1669558409.495988,10.10.1.100:59260,0,36,20,18
1669558409.497305,10.10.1.100:59258,0,45,26,17
1669558409.573241,10.10.1.100:59256,0,43,20,17
1669558409.574698,10.10.1.100:59260,0,36,20,18
1669558409.576023,10.10.1.100:59258,0,45,26,17
1669558409.652074,10.10.1.100:59256,0,43,20,17
1669558409.653702,10.10.1.100:59260,0,36,20,18
1669558409.655068,10.10.1.100:59258,0,45,26,17
1669558409.731802,10.10.1.100:59256,0,43,20,17
1669558409.733323,10.10.1.100:59260,0,36,20,18
1669558409.734675,10.10.1.100:59258,0,45,27,17
1669558409.811403,10.10.1.100:59256,0,43,20,17
1669558409.812836,10.10.1.100:59260,0,36,21,18
1669558409.814153,10.10.1.100:59258,0,45,27,17
1669558409.928185,10.10.1.100:59256,0,43,20,17
1669558409.930900,10.10.1.100:59260,0,36,21,18
1669558409.933344,10.10.1.100:59258,0,45,27,17
1669558410.062675,10.10.1.100:59256,0,43,20,17
1669558410.064974,10.10.1.100:59260,0,36,21,18
1669558410.067245,10.10.1.100:59258,0,45,27,17
1669558410.158449,10.10.1.100:59256,0,43,20,17
1669558410.159916,10.10.1.100:59260,0,36,21,18
1669558410.161261,10.10.1.100:59258,0,45,28,17
1669558410.237341,10.10.1.100:59256,0,43,20,17
1669558410.238823,10.10.1.100:59260,0,36,21,18
1669558410.240155,10.10.1.100:59258,0,45,29,17
1669558410.316372,10.10.1.100:59256,0,43,20,17
1669558410.317836,10.10.1.100:59260,0,36,21,18
1669558410.319232,10.10.1.100:59258,0,45,29,17
1669558410.396786,10.10.1.100:59256,0,43,21,17
1669558410.398229,10.10.1.100:59260,0,36,21,18
1669558410.399599,10.10.1.100:59258,0,45,29,17
1669558410.400912,10.10.1.100:59254,,,10,
1669558410.475982,10.10.1.100:59256,0,43,21,17
1669558410.477477,10.10.1.100:59260,0,36,21,18
1669558410.478854,10.10.1.100:59258,0,45,30,17
1669558410.480172,10.10.1.100:59254,,,10,
1669558410.554460,10.10.1.100:59256,0,43,21,17
1669558410.555968,10.10.1.100:59260,0,36,21,18
1669558410.557285,10.10.1.100:59258,0,45,30,17
1669558410.558641,10.10.1.100:59254,,,10,
1669558410.634092,10.10.1.100:59256,0,43,21,17
1669558410.635576,10.10.1.100:59260,0,36,22,18
1669558410.636899,10.10.1.100:59258,0,45,30,17
1669558410.638212,10.10.1.100:59254,0,1,10,
1669558410.712020,10.10.1.100:59256,0,43,21,17
1669558410.713486,10.10.1.100:59260,0,36,22,18
1669558410.714847,10.10.1.100:59258,0,45,31,17
1669558410.716171,10.10.1.100:59254,0,1,10,
1669558410.791196,10.10.1.100:59256,0,43,21,17
1669558410.799523,10.10.1.100:59260,0,36,22,18
1669558410.800843,10.10.1.100:59258,0,45,31,17
1669558410.802158,10.10.1.100:59254,0,1,10,
1669558410.948034,10.10.1.100:59256,0,43,21,17
1669558410.949497,10.10.1.100:59260,0,36,22,18
1669558410.950862,10.10.1.100:59258,0,45,31,17
1669558410.955146,10.10.1.100:59254,1,2,1,7
1669558411.100268,10.10.1.100:59256,0,43,21,17
1669558411.103905,10.10.1.100:59260,0,36,22,18
1669558411.107320,10.10.1.100:59258,0,45,34,17
1669558411.108638,10.10.1.100:59254,1,2,1,7
1669558411.218579,10.10.1.100:59256,0,43,21,17
1669558411.220022,10.10.1.100:59260,0,36,22,18
1669558411.221342,10.10.1.100:59258,1,46,33,23
1669558411.222727,10.10.1.100:59254,1,2,1,7
1669558411.299964,10.10.1.100:59254,0,2,10,
1669558411.375513,10.10.1.100:59254,0,2,10,
1669558411.451012,10.10.1.100:59254,0,2,10,
1669558411.525278,10.10.1.100:59254,0,2,10,
1669558411.599132,10.10.1.100:59254,0,2,10,
1669558411.673404,10.10.1.100:59254,0,2,10,
1669558411.747767,10.10.1.100:59254,0,2,10,
1669558411.821553,10.10.1.100:59254,0,2,10,
1669558411.896041,10.10.1.100:59254,0,2,10,
1669558411.969740,10.10.1.100:59254,0,2,10,
1669558412.047918,10.10.1.100:59254,0,2,10,
