1669596109.929421,10.10.1.100:39802,,,11,
1669596109.931029,10.10.1.100:39800,,,12,
1669596109.933386,10.10.1.100:39798,,,13,
1669596110.008400,10.10.1.100:39802,,,13,
1669596110.009670,10.10.1.100:39800,,,15,
1669596110.011974,10.10.1.100:39798,,,15,
1669596110.088116,10.10.1.100:39802,,,16,
1669596110.089667,10.10.1.100:39800,,,16,
1669596110.092000,10.10.1.100:39798,,,17,
1669596110.166788,10.10.1.100:39802,,,18,
1669596110.168325,10.10.1.100:39800,,,19,
1669596110.170766,10.10.1.100:39798,,,19,
1669596110.247469,10.10.1.100:39802,,,20,
1669596110.249049,10.10.1.100:39800,,,22,
1669596110.251378,10.10.1.100:39798,,,21,
1669596110.327320,10.10.1.100:39802,,,22,
1669596110.329236,10.10.1.100:39800,,,23,
1669596110.331655,10.10.1.100:39798,,,24,
1669596110.407846,10.10.1.100:39802,,,23,
1669596110.409406,10.10.1.100:39800,,,26,
1669596110.411785,10.10.1.100:39798,,,26,
1669596110.488240,10.10.1.100:39802,,,26,
1669596110.489877,10.10.1.100:39800,,,28,
1669596110.494189,10.10.1.100:39798,,,27,
1669596110.628455,10.10.1.100:39802,,,28,
1669596110.631248,10.10.1.100:39800,,,32,
1669596110.635531,10.10.1.100:39798,,,30,
1669596110.740440,10.10.1.100:39802,,,32,
1669596110.741994,10.10.1.100:39800,,,36,
1669596110.744411,10.10.1.100:39798,,,34,
1669596110.819611,10.10.1.100:39802,,,34,
1669596110.821156,10.10.1.100:39800,,,38,
1669596110.823651,10.10.1.100:39798,,,38,
1669596110.899902,10.10.1.100:39802,,,38,
1669596110.901395,10.10.1.100:39800,,,40,
1669596110.903882,10.10.1.100:39798,,,38,
1669596110.978738,10.10.1.100:39802,,,40,
1669596110.980226,10.10.1.100:39800,,,40,
1669596110.982810,10.10.1.100:39798,,,42,
1669596111.057992,10.10.1.100:39802,,,40,
1669596111.059482,10.10.1.100:39800,,,44,
1669596111.061978,10.10.1.100:39798,,,44,
1669596111.136905,10.10.1.100:39802,,,44,
1669596111.138491,10.10.1.100:39800,,,46,
1669596111.141088,10.10.1.100:39798,,,46,
1669596111.223393,10.10.1.100:39802,,,44,
1669596111.226388,10.10.1.100:39800,1,1,46,
1669596111.230968,10.10.1.100:39798,1,1,50,
1669596111.361946,10.10.1.100:39802,2,2,40,
1669596111.364419,10.10.1.100:39800,3,3,44,
1669596111.368658,10.10.1.100:39798,2,2,39,
1669596111.476928,10.10.1.100:39802,5,5,36,
1669596111.478422,10.10.1.100:39800,6,6,41,
1669596111.481125,10.10.1.100:39798,6,6,36,
1669596111.556107,10.10.1.100:39802,8,8,34,
1669596111.557642,10.10.1.100:39800,10,10,37,
1669596111.560299,10.10.1.100:39798,8,8,34,
1669596111.635019,10.10.1.100:39802,10,10,32,
1669596111.636671,10.10.1.100:39800,10,10,37,
1669596111.639363,10.10.1.100:39798,12,12,30,
1669596111.726541,10.10.1.100:39802,12,12,30,
1669596111.729303,10.10.1.100:39800,14,14,33,
1669596111.734056,10.10.1.100:39798,12,12,30,
1669596111.870683,10.10.1.100:39802,16,16,26,
1669596111.873391,10.10.1.100:39800,16,16,31,
1669596111.878351,10.10.1.100:39798,16,16,26,
1669596111.986437,10.10.1.100:39802,20,20,22,
1669596111.987989,10.10.1.100:39800,20,20,26,
1669596111.990733,10.10.1.100:39798,20,20,22,
1669596112.066185,10.10.1.100:39802,21,21,21,
1669596112.067689,10.10.1.100:39800,21,23,26,
1669596112.070400,10.10.1.100:39798,20,21,22,
1669596112.145856,10.10.1.100:39802,19,21,23,
1669596112.147395,10.10.1.100:39800,19,23,29,
1669596112.150139,10.10.1.100:39798,18,21,24,
1669596112.225259,10.10.1.100:39802,18,21,24,
1669596112.226790,10.10.1.100:39800,17,23,33,
1669596112.229588,10.10.1.100:39798,16,21,26,
1669596112.304481,10.10.1.100:39802,15,21,27,
1669596112.306011,10.10.1.100:39800,17,23,33,
1669596112.308771,10.10.1.100:39798,13,21,29,
1669596112.384061,10.10.1.100:39802,12,21,30,
1669596112.385567,10.10.1.100:39800,13,23,37,
1669596112.388411,10.10.1.100:39798,13,21,29,
1669596112.463284,10.10.1.100:39802,11,21,31,
1669596112.464762,10.10.1.100:39800,12,23,38,
1669596112.467586,10.10.1.100:39798,9,21,33,
1669596112.542751,10.10.1.100:39802,7,21,35,
1669596112.544212,10.10.1.100:39800,9,23,41,
1669596112.547157,10.10.1.100:39798,9,21,33,
1669596112.622551,10.10.1.100:39802,5,21,37,
1669596112.624103,10.10.1.100:39800,9,23,41,
1669596112.626987,10.10.1.100:39798,5,21,37,
1669596112.701887,10.10.1.100:39802,4,21,38,
1669596112.703807,10.10.1.100:39800,5,23,45,
1669596112.706637,10.10.1.100:39798,3,21,39,
1669596112.781915,10.10.1.100:39802,1,21,41,
1669596112.783472,10.10.1.100:39800,3,23,47,
1669596112.786280,10.10.1.100:39798,1,21,41,
1669596112.861926,10.10.1.100:39802,1,21,41,
1669596112.863419,10.10.1.100:39800,0,23,12,
1669596112.866242,10.10.1.100:39798,0,21,51,
1669596112.941085,10.10.1.100:39802,0,21,12,
1669596112.942600,10.10.1.100:39800,1,24,42,
1669596112.945438,10.10.1.100:39798,0,21,51,
1669596113.020145,10.10.1.100:39802,0,21,12,
1669596113.022871,10.10.1.100:39800,4,27,39,
1669596113.027885,10.10.1.100:39798,2,23,46,
1669596113.162446,10.10.1.100:39802,3,24,39,
1669596113.165190,10.10.1.100:39800,6,29,37,
1669596113.170262,10.10.1.100:39798,4,25,44,
1669596113.260205,10.10.1.100:39802,7,28,35,
1669596113.261761,10.10.1.100:39800,10,33,33,
1669596113.264628,10.10.1.100:39798,8,29,40,
1669596113.339840,10.10.1.100:39802,9,30,33,
1669596113.341385,10.10.1.100:39800,13,36,30,
1669596113.344296,10.10.1.100:39798,10,31,38,
1669596113.419406,10.10.1.100:39802,11,32,31,
1669596113.420944,10.10.1.100:39800,14,37,29,
1669596113.423799,10.10.1.100:39798,13,34,35,
1669596113.499433,10.10.1.100:39802,13,34,29,
1669596113.500974,10.10.1.100:39800,18,41,25,
1669596113.503939,10.10.1.100:39798,14,35,34,
1669596113.579927,10.10.1.100:39802,17,38,25,
1669596113.581407,10.10.1.100:39800,18,41,25,
1669596113.584249,10.10.1.100:39798,17,38,31,
1669596113.659422,10.10.1.100:39802,18,39,24,
1669596113.660918,10.10.1.100:39800,21,44,22,
1669596113.663795,10.10.1.100:39798,19,40,29,
1669596113.738437,10.10.1.100:39802,18,39,24,
1669596113.739951,10.10.1.100:39800,19,44,12,
1669596113.742782,10.10.1.100:39798,18,40,12,
1669596113.817633,10.10.1.100:39802,18,39,24,
1669596113.819163,10.10.1.100:39800,15,44,12,
1669596113.822035,10.10.1.100:39798,16,40,12,
1669596113.898118,10.10.1.100:39802,14,39,12,
1669596113.899620,10.10.1.100:39800,15,44,12,
1669596113.902503,10.10.1.100:39798,13,40,12,
1669596113.978324,10.10.1.100:39802,12,39,12,
1669596113.979877,10.10.1.100:39800,12,45,12,
1669596113.982739,10.10.1.100:39798,13,40,12,
1669596114.057988,10.10.1.100:39802,11,39,12,
1669596114.059523,10.10.1.100:39800,10,45,12,
1669596114.062345,10.10.1.100:39798,12,43,12,
1669596114.137689,10.10.1.100:39802,8,40,12,
1669596114.139276,10.10.1.100:39800,8,45,12,
1669596114.142208,10.10.1.100:39798,12,44,12,
1669596114.217611,10.10.1.100:39802,7,41,12,
1669596114.219148,10.10.1.100:39800,7,45,12,
1669596114.222039,10.10.1.100:39798,12,47,12,
1669596114.326720,10.10.1.100:39802,5,41,12,
1669596114.329905,10.10.1.100:39800,4,45,12,
1669596114.334991,10.10.1.100:39798,12,49,12,
1669596114.462628,10.10.1.100:39802,2,41,12,
1669596114.464141,10.10.1.100:39800,1,45,12,
1669596114.467067,10.10.1.100:39798,12,52,12,
1669596114.593491,10.10.1.100:39802,2,41,12,
1669596114.596255,10.10.1.100:39800,0,45,12,
1669596114.601325,10.10.1.100:39798,9,52,12,
1669596114.721833,10.10.1.100:39802,0,41,12,
1669596114.723455,10.10.1.100:39800,0,45,12,
1669596114.726371,10.10.1.100:39798,5,52,12,
1669596114.860065,10.10.1.100:39802,0,41,12,
1669596114.861158,10.10.1.100:39800,0,45,12,
1669596114.861542,10.10.1.100:39798,0,52,12,
1669596115.186207,10.10.1.100:39802,0,41,12,
1669596115.188853,10.10.1.100:39800,0,45,12,
1669596115.193936,10.10.1.100:39798,0,52,12,
1669596115.273149,10.10.1.100:39802,0,41,12,
1669596115.274689,10.10.1.100:39800,0,45,12,
1669596115.277540,10.10.1.100:39798,0,52,12,
1669596115.352993,10.10.1.100:39802,0,41,12,
1669596115.354559,10.10.1.100:39800,0,45,12,
1669596115.357446,10.10.1.100:39798,0,52,12,
1669596115.432999,10.10.1.100:39802,0,41,12,
1669596115.434555,10.10.1.100:39800,0,45,12,
1669596115.437410,10.10.1.100:39798,0,52,12,
1669596115.512712,10.10.1.100:39802,0,41,12,
1669596115.514288,10.10.1.100:39800,0,45,12,
1669596115.517093,10.10.1.100:39798,0,52,12,
1669596115.593264,10.10.1.100:39802,0,41,12,
1669596115.594857,10.10.1.100:39800,0,45,12,
1669596115.597673,10.10.1.100:39798,0,52,12,
1669596115.672667,10.10.1.100:39802,0,41,12,
1669596115.674234,10.10.1.100:39800,0,45,12,
1669596115.677039,10.10.1.100:39798,0,52,12,
1669596115.752575,10.10.1.100:39802,0,41,12,
1669596115.754159,10.10.1.100:39800,0,45,12,
1669596115.757042,10.10.1.100:39798,0,52,12,
1669596115.832226,10.10.1.100:39802,0,41,12,
1669596115.833875,10.10.1.100:39800,0,45,12,
1669596115.836616,10.10.1.100:39798,0,52,12,
1669596115.912385,10.10.1.100:39802,0,41,12,
1669596115.913965,10.10.1.100:39800,0,45,12,
1669596115.916770,10.10.1.100:39798,0,52,12,
1669596115.992065,10.10.1.100:39802,0,41,12,
1669596115.993624,10.10.1.100:39800,0,45,12,
1669596115.996476,10.10.1.100:39798,0,52,12,
1669596116.071341,10.10.1.100:39802,0,41,12,
1669596116.072884,10.10.1.100:39800,0,45,12,
1669596116.075740,10.10.1.100:39798,0,52,12,
1669596116.151297,10.10.1.100:39802,0,41,12,
1669596116.152813,10.10.1.100:39800,0,45,12,
1669596116.155693,10.10.1.100:39798,0,52,12,
1669596116.255786,10.10.1.100:39802,0,41,12,
1669596116.258633,10.10.1.100:39800,0,45,12,
1669596116.263725,10.10.1.100:39798,0,52,8,
1669596116.391687,10.10.1.100:39802,0,41,8,
1669596116.394272,10.10.1.100:39800,0,45,10,
1669596116.399049,10.10.1.100:39798,0,52,8,
1669596116.495906,10.10.1.100:39802,0,41,8,
1669596116.497427,10.10.1.100:39800,0,45,10,
1669596116.500305,10.10.1.100:39798,0,52,8,
1669596116.579619,10.10.1.100:39802,0,41,10,
1669596116.582523,10.10.1.100:39800,0,45,10,
1669596116.587635,10.10.1.100:39798,0,52,8,
1669596116.720013,10.10.1.100:39802,0,41,10,
1669596116.722532,10.10.1.100:39800,0,45,10,
1669596116.727225,10.10.1.100:39798,0,52,8,
1669596116.841599,10.10.1.100:39802,0,41,10,
1669596116.843145,10.10.1.100:39800,0,45,10,
1669596116.845993,10.10.1.100:39798,0,52,8,
1669596116.921338,10.10.1.100:39802,0,41,10,
1669596116.922865,10.10.1.100:39800,0,45,10,
1669596116.925699,10.10.1.100:39798,0,52,8,
1669596117.001332,10.10.1.100:39802,0,41,10,
1669596117.002931,10.10.1.100:39800,0,45,10,
1669596117.005705,10.10.1.100:39798,0,52,8,
1669596117.081154,10.10.1.100:39802,0,41,10,
1669596117.082782,10.10.1.100:39800,0,45,10,
1669596117.085635,10.10.1.100:39798,0,52,8,
1669596117.160413,10.10.1.100:39802,0,41,10,
1669596117.161976,10.10.1.100:39800,0,45,10,
1669596117.164771,10.10.1.100:39798,0,52,8,
1669596117.239870,10.10.1.100:39802,0,41,10,
1669596117.241429,10.10.1.100:39800,0,45,10,
1669596117.244239,10.10.1.100:39798,0,52,8,
1669596117.319126,10.10.1.100:39802,0,41,10,
1669596117.320609,10.10.1.100:39800,0,45,10,
1669596117.323464,10.10.1.100:39798,0,52,8,
1669596117.398907,10.10.1.100:39802,0,41,10,
1669596117.400485,10.10.1.100:39800,0,45,10,
1669596117.403308,10.10.1.100:39798,0,52,8,
1669596117.478546,10.10.1.100:39802,0,41,10,
1669596117.480085,10.10.1.100:39800,0,45,10,
1669596117.482903,10.10.1.100:39798,0,52,8,
1669596117.557685,10.10.1.100:39802,0,41,10,
1669596117.559229,10.10.1.100:39800,0,45,10,
1669596117.562043,10.10.1.100:39798,0,52,8,
1669596117.637466,10.10.1.100:39802,0,41,10,
1669596117.639028,10.10.1.100:39800,0,45,10,
1669596117.641894,10.10.1.100:39798,0,52,8,
1669596117.731261,10.10.1.100:39802,0,41,10,
1669596117.734042,10.10.1.100:39800,0,45,10,
1669596117.739021,10.10.1.100:39798,0,52,8,
1669596117.870435,10.10.1.100:39802,0,41,10,
1669596117.873013,10.10.1.100:39800,0,45,10,
1669596117.877728,10.10.1.100:39798,0,52,8,
1669596117.982277,10.10.1.100:39802,0,41,10,
1669596117.983836,10.10.1.100:39800,0,45,10,
1669596117.986698,10.10.1.100:39798,0,52,8,
1669596118.061868,10.10.1.100:39802,0,41,10,
1669596118.063591,10.10.1.100:39800,0,45,10,
1669596118.066649,10.10.1.100:39798,0,52,8,
1669596118.142612,10.10.1.100:39802,0,41,10,
1669596118.144188,10.10.1.100:39800,0,45,10,
1669596118.147346,10.10.1.100:39798,0,52,8,
1669596118.222997,10.10.1.100:39802,0,41,10,
1669596118.224633,10.10.1.100:39800,0,45,10,
1669596118.227716,10.10.1.100:39798,0,52,8,
1669596118.303481,10.10.1.100:39802,0,41,10,
1669596118.305125,10.10.1.100:39800,0,45,10,
1669596118.308192,10.10.1.100:39798,0,52,8,
1669596118.384046,10.10.1.100:39802,0,41,10,
1669596118.385603,10.10.1.100:39800,0,45,10,
1669596118.388664,10.10.1.100:39798,0,52,8,
1669596118.464495,10.10.1.100:39802,0,41,10,
1669596118.466136,10.10.1.100:39800,0,45,10,
1669596118.469194,10.10.1.100:39798,0,52,8,
1669596118.603188,10.10.1.100:39802,0,41,10,
1669596118.605865,10.10.1.100:39800,0,45,10,
1669596118.610854,10.10.1.100:39798,0,52,8,
1669596118.726458,10.10.1.100:39802,0,41,10,
1669596118.728005,10.10.1.100:39800,0,45,10,
1669596118.730904,10.10.1.100:39798,0,52,8,
1669596118.806006,10.10.1.100:39802,0,41,10,
1669596118.807585,10.10.1.100:39800,0,45,10,
1669596118.811215,10.10.1.100:39798,0,52,8,
1669596118.945957,10.10.1.100:39802,0,41,10,
1669596118.948697,10.10.1.100:39800,0,45,10,
1669596118.954133,10.10.1.100:39798,0,52,8,
1669596119.076909,10.10.1.100:39802,0,41,10,
1669596119.079317,10.10.1.100:39800,0,45,10,
1669596119.082182,10.10.1.100:39798,0,52,8,
1669596119.157484,10.10.1.100:39802,0,41,10,
1669596119.159107,10.10.1.100:39800,0,45,10,
1669596119.161924,10.10.1.100:39798,0,52,8,
1669596119.238841,10.10.1.100:39802,0,41,10,
1669596119.240375,10.10.1.100:39800,0,45,10,
1669596119.243280,10.10.1.100:39798,0,52,8,
1669596119.318591,10.10.1.100:39802,0,41,10,
1669596119.320111,10.10.1.100:39800,0,45,10,
1669596119.323013,10.10.1.100:39798,0,52,8,
1669596119.398541,10.10.1.100:39802,0,41,10,
1669596119.400012,10.10.1.100:39800,0,45,10,
1669596119.402966,10.10.1.100:39798,0,52,8,
1669596119.478990,10.10.1.100:39802,0,41,10,
1669596119.480600,10.10.1.100:39800,0,45,10,
1669596119.483667,10.10.1.100:39798,0,52,8,
1669596119.559717,10.10.1.100:39802,0,41,10,
1669596119.561322,10.10.1.100:39800,0,45,10,
1669596119.564201,10.10.1.100:39798,0,52,8,
1669596119.681041,10.10.1.100:39802,0,41,10,
1669596119.683768,10.10.1.100:39800,0,45,10,
1669596119.688826,10.10.1.100:39798,0,52,8,
1669596119.821399,10.10.1.100:39802,0,41,10,
1669596119.824187,10.10.1.100:39800,0,45,10,
1669596119.829125,10.10.1.100:39798,0,52,8,
1669596119.904070,10.10.1.100:39802,0,41,10,
1669596119.905699,10.10.1.100:39800,0,45,10,
1669596119.908562,10.10.1.100:39798,0,52,8,
1669596119.983241,10.10.1.100:39802,0,41,4,
1669596119.984715,10.10.1.100:39800,0,45,4,
1669596119.987573,10.10.1.100:39798,0,52,4,
1669596120.062872,10.10.1.100:39802,0,41,4,
1669596120.064449,10.10.1.100:39800,0,45,4,
1669596120.067558,10.10.1.100:39798,0,52,4,
1669596120.143353,10.10.1.100:39802,0,41,4,
1669596120.144946,10.10.1.100:39800,0,45,4,
1669596120.147981,10.10.1.100:39798,0,52,4,
1669596120.222966,10.10.1.100:39802,0,41,4,
1669596120.224547,10.10.1.100:39800,0,45,4,
1669596120.227647,10.10.1.100:39798,0,52,4,
1669596120.302526,10.10.1.100:39802,0,41,14,
1669596120.304122,10.10.1.100:39800,0,45,4,
1669596120.307146,10.10.1.100:39798,0,52,4,
1669596120.383888,10.10.1.100:39802,0,41,16,
1669596120.385460,10.10.1.100:39800,0,45,14,
1669596120.388543,10.10.1.100:39798,0,52,14,
1669596120.464070,10.10.1.100:39802,0,41,16,
1669596120.465647,10.10.1.100:39800,0,45,16,
1669596120.468725,10.10.1.100:39798,0,52,14,
1669596120.543619,10.10.1.100:39802,0,41,16,
1669596120.545311,10.10.1.100:39800,0,45,16,
1669596120.548376,10.10.1.100:39798,0,52,14,
1669596120.623246,10.10.1.100:39802,0,41,16,
1669596120.624879,10.10.1.100:39800,0,45,16,
1669596120.627961,10.10.1.100:39798,0,52,14,
1669596120.703156,10.10.1.100:39802,0,41,16,
1669596120.705068,10.10.1.100:39800,0,45,16,
1669596120.708109,10.10.1.100:39798,0,52,14,
1669596120.783289,10.10.1.100:39802,0,41,16,
1669596120.784924,10.10.1.100:39800,0,45,16,
1669596120.788003,10.10.1.100:39798,0,52,14,
1669596120.864046,10.10.1.100:39802,0,41,16,
1669596120.865557,10.10.1.100:39800,0,45,16,
1669596120.868412,10.10.1.100:39798,0,52,14,
1669596120.943395,10.10.1.100:39802,0,41,18,
1669596120.944911,10.10.1.100:39800,0,45,16,
1669596120.947758,10.10.1.100:39798,0,52,14,
1669596121.022698,10.10.1.100:39802,0,41,18,
1669596121.024154,10.10.1.100:39800,0,45,16,
1669596121.027028,10.10.1.100:39798,0,52,14,
1669596121.103772,10.10.1.100:39802,0,41,18,
1669596121.106634,10.10.1.100:39800,0,45,16,
1669596121.111821,10.10.1.100:39798,0,52,14,
1669596121.246300,10.10.1.100:39802,0,41,18,
1669596121.248908,10.10.1.100:39800,0,45,16,
1669596121.254011,10.10.1.100:39798,0,52,14,
1669596121.363569,10.10.1.100:39802,0,41,18,
1669596121.365110,10.10.1.100:39800,0,45,16,
1669596121.367936,10.10.1.100:39798,0,52,14,
1669596121.486678,10.10.1.100:39802,0,41,18,
1669596121.489538,10.10.1.100:39800,0,45,16,
1669596121.494560,10.10.1.100:39798,0,52,14,
1669596121.607403,10.10.1.100:39802,0,41,18,
1669596121.608990,10.10.1.100:39800,0,45,16,
1669596121.611830,10.10.1.100:39798,0,52,14,
1669596121.687089,10.10.1.100:39802,0,41,18,
1669596121.688664,10.10.1.100:39800,0,45,16,
1669596121.691534,10.10.1.100:39798,0,52,14,
1669596121.767315,10.10.1.100:39802,0,41,18,
1669596121.768839,10.10.1.100:39800,0,45,16,
1669596121.771665,10.10.1.100:39798,0,52,14,
1669596121.846890,10.10.1.100:39802,0,41,18,
1669596121.848424,10.10.1.100:39800,0,45,16,
1669596121.851292,10.10.1.100:39798,0,52,14,
1669596121.926906,10.10.1.100:39802,0,41,18,
1669596121.928438,10.10.1.100:39800,0,45,16,
1669596121.931267,10.10.1.100:39798,0,52,14,
1669596122.007615,10.10.1.100:39802,0,41,18,
1669596122.009231,10.10.1.100:39800,0,45,16,
1669596122.012089,10.10.1.100:39798,0,52,14,
1669596122.087528,10.10.1.100:39802,0,41,18,
1669596122.089095,10.10.1.100:39800,0,45,16,
1669596122.092003,10.10.1.100:39798,0,52,14,
1669596122.168398,10.10.1.100:39802,0,41,18,
1669596122.170005,10.10.1.100:39800,0,45,16,
1669596122.172807,10.10.1.100:39798,0,52,14,
1669596122.248427,10.10.1.100:39802,0,41,18,
1669596122.250048,10.10.1.100:39800,0,45,16,
1669596122.252864,10.10.1.100:39798,0,52,14,
1669596122.328081,10.10.1.100:39802,0,41,18,
1669596122.329947,10.10.1.100:39800,0,45,16,
1669596122.332778,10.10.1.100:39798,0,52,14,
1669596122.407765,10.10.1.100:39802,0,41,18,
1669596122.409348,10.10.1.100:39800,0,45,16,
1669596122.412223,10.10.1.100:39798,0,52,14,
1669596122.487741,10.10.1.100:39802,0,41,18,
1669596122.489314,10.10.1.100:39800,0,45,16,
1669596122.492155,10.10.1.100:39798,0,52,14,
1669596122.574239,10.10.1.100:39802,0,41,18,
1669596122.576953,10.10.1.100:39800,0,45,16,
1669596122.582409,10.10.1.100:39798,0,52,14,
1669596122.715793,10.10.1.100:39802,0,41,18,
1669596122.718425,10.10.1.100:39800,0,45,16,
1669596122.722997,10.10.1.100:39798,0,52,14,
1669596122.839624,10.10.1.100:39802,0,41,18,
1669596122.841242,10.10.1.100:39800,0,45,16,
1669596122.844062,10.10.1.100:39798,0,52,14,
1669596122.920678,10.10.1.100:39802,0,41,18,
1669596122.922242,10.10.1.100:39800,0,45,16,
1669596122.925037,10.10.1.100:39798,0,52,14,
1669596123.000782,10.10.1.100:39802,0,41,18,
1669596123.002356,10.10.1.100:39800,0,45,16,
1669596123.005162,10.10.1.100:39798,0,52,14,
1669596123.080411,10.10.1.100:39802,0,41,18,
1669596123.081980,10.10.1.100:39800,0,45,16,
1669596123.084811,10.10.1.100:39798,0,52,14,
1669596123.159896,10.10.1.100:39802,0,41,18,
1669596123.161439,10.10.1.100:39800,0,45,16,
1669596123.164258,10.10.1.100:39798,0,52,14,
1669596123.239762,10.10.1.100:39802,0,41,18,
1669596123.241357,10.10.1.100:39800,0,45,16,
1669596123.244209,10.10.1.100:39798,0,52,14,
1669596123.320201,10.10.1.100:39802,0,41,18,
1669596123.321735,10.10.1.100:39800,0,45,16,
1669596123.324638,10.10.1.100:39798,0,52,14,
1669596123.400265,10.10.1.100:39802,0,41,18,
1669596123.401898,10.10.1.100:39800,0,45,16,
1669596123.404696,10.10.1.100:39798,0,52,14,
1669596123.480564,10.10.1.100:39802,0,41,18,
1669596123.482251,10.10.1.100:39800,0,45,16,
1669596123.485067,10.10.1.100:39798,0,52,14,
1669596123.560270,10.10.1.100:39802,0,41,18,
1669596123.561873,10.10.1.100:39800,0,45,16,
1669596123.564680,10.10.1.100:39798,0,52,14,
1669596123.640039,10.10.1.100:39802,0,41,18,
1669596123.641581,10.10.1.100:39800,0,45,16,
1669596123.644436,10.10.1.100:39798,0,52,14,
1669596123.751816,10.10.1.100:39802,0,41,18,
1669596123.754515,10.10.1.100:39800,0,45,16,
1669596123.759545,10.10.1.100:39798,0,52,14,
1669596123.889861,10.10.1.100:39802,0,41,18,
1669596123.892367,10.10.1.100:39800,0,45,16,
1669596123.897071,10.10.1.100:39798,0,52,14,
1669596123.994308,10.10.1.100:39802,0,41,18,
1669596123.995821,10.10.1.100:39800,0,45,16,
1669596123.998687,10.10.1.100:39798,0,52,14,
1669596124.073524,10.10.1.100:39802,0,41,18,
1669596124.075056,10.10.1.100:39800,0,45,16,
1669596124.077948,10.10.1.100:39798,0,52,14,
1669596124.211830,10.10.1.100:39802,0,41,18,
1669596124.214339,10.10.1.100:39800,0,45,16,
1669596124.218903,10.10.1.100:39798,0,52,14,
1669596124.351911,10.10.1.100:39802,0,41,18,
1669596124.354632,10.10.1.100:39800,0,45,16,
1669596124.359625,10.10.1.100:39798,0,52,14,
1669596124.475632,10.10.1.100:39802,0,41,18,
1669596124.477149,10.10.1.100:39800,0,45,16,
1669596124.479983,10.10.1.100:39798,0,52,14,
1669596124.554242,10.10.1.100:39802,0,41,18,
1669596124.555777,10.10.1.100:39800,0,45,16,
1669596124.558690,10.10.1.100:39798,0,52,14,
1669596124.646652,10.10.1.100:39802,0,41,18,
1669596124.649408,10.10.1.100:39800,0,45,16,
1669596124.654497,10.10.1.100:39798,0,52,14,
1669596124.788067,10.10.1.100:39802,0,41,18,
1669596124.790916,10.10.1.100:39800,0,45,16,
1669596124.795932,10.10.1.100:39798,0,52,14,
1669596124.886335,10.10.1.100:39802,0,41,18,
1669596124.887906,10.10.1.100:39800,0,45,16,
1669596124.890821,10.10.1.100:39798,0,52,14,
1669596125.013417,10.10.1.100:39802,0,41,18,
1669596125.016547,10.10.1.100:39800,0,45,16,
1669596125.021650,10.10.1.100:39798,0,52,14,
1669596125.150853,10.10.1.100:39802,0,41,18,
1669596125.154023,10.10.1.100:39800,0,45,16,
1669596125.158663,10.10.1.100:39798,0,52,14,
1669596125.252629,10.10.1.100:39802,0,41,18,
1669596125.254210,10.10.1.100:39800,0,45,16,
1669596125.257023,10.10.1.100:39798,0,52,14,
1669596125.332339,10.10.1.100:39802,0,41,18,
1669596125.334019,10.10.1.100:39800,0,45,16,
1669596125.336853,10.10.1.100:39798,0,52,14,
1669596125.413314,10.10.1.100:39802,0,41,18,
1669596125.414871,10.10.1.100:39800,0,45,16,
1669596125.417696,10.10.1.100:39798,0,52,14,
1669596125.493305,10.10.1.100:39802,0,41,18,
1669596125.494911,10.10.1.100:39800,0,45,16,
1669596125.497746,10.10.1.100:39798,0,52,14,
1669596125.572839,10.10.1.100:39802,0,41,18,
1669596125.574388,10.10.1.100:39800,0,45,16,
1669596125.577173,10.10.1.100:39798,0,52,14,
1669596125.652118,10.10.1.100:39802,0,41,18,
1669596125.653713,10.10.1.100:39800,0,45,16,
1669596125.656570,10.10.1.100:39798,0,52,14,
1669596125.732084,10.10.1.100:39802,0,41,18,
1669596125.733586,10.10.1.100:39800,0,45,16,
1669596125.736445,10.10.1.100:39798,0,52,14,
1669596125.811292,10.10.1.100:39802,0,41,16,
1669596125.812794,10.10.1.100:39800,0,45,16,
1669596125.815705,10.10.1.100:39798,0,52,14,
1669596125.891452,10.10.1.100:39802,0,41,16,
1669596125.892920,10.10.1.100:39800,0,45,16,
1669596125.895849,10.10.1.100:39798,0,52,14,
1669596125.971091,10.10.1.100:39802,0,41,16,
1669596125.972582,10.10.1.100:39800,0,45,16,
1669596125.975446,10.10.1.100:39798,0,52,14,
1669596126.050918,10.10.1.100:39802,0,41,16,
1669596126.052478,10.10.1.100:39800,0,45,16,
1669596126.055351,10.10.1.100:39798,0,52,14,
1669596126.130968,10.10.1.100:39802,0,41,16,
1669596126.132432,10.10.1.100:39800,0,45,16,
1669596126.135357,10.10.1.100:39798,0,52,14,
1669596126.210646,10.10.1.100:39802,0,41,16,
1669596126.212166,10.10.1.100:39800,0,45,16,
1669596126.215032,10.10.1.100:39798,0,52,14,
1669596126.289856,10.10.1.100:39802,0,41,16,
1669596126.291420,10.10.1.100:39800,0,45,16,
1669596126.294289,10.10.1.100:39798,0,52,14,
1669596126.425714,10.10.1.100:39802,0,41,16,
1669596126.428522,10.10.1.100:39800,0,45,16,
1669596126.433543,10.10.1.100:39798,0,52,14,
1669596126.558911,10.10.1.100:39802,0,41,16,
1669596126.561336,10.10.1.100:39800,0,45,16,
1669596126.566084,10.10.1.100:39798,0,52,14,
1669596126.646303,10.10.1.100:39802,0,41,16,
1669596126.647789,10.10.1.100:39800,0,45,16,
1669596126.650666,10.10.1.100:39798,0,52,14,
1669596126.725890,10.10.1.100:39802,0,41,16,
1669596126.727395,10.10.1.100:39800,0,45,16,
1669596126.730294,10.10.1.100:39798,0,52,14,
1669596126.805235,10.10.1.100:39802,0,41,16,
1669596126.806808,10.10.1.100:39800,0,45,16,
1669596126.809644,10.10.1.100:39798,0,52,14,
1669596126.885570,10.10.1.100:39802,0,41,16,
1669596126.887134,10.10.1.100:39800,0,45,16,
1669596126.890006,10.10.1.100:39798,0,52,14,
1669596126.965214,10.10.1.100:39802,0,41,16,
1669596126.966817,10.10.1.100:39800,0,45,16,
1669596126.969702,10.10.1.100:39798,0,52,14,
1669596127.083282,10.10.1.100:39802,0,41,16,
1669596127.086070,10.10.1.100:39800,0,45,16,
1669596127.091090,10.10.1.100:39798,0,52,14,
1669596127.215806,10.10.1.100:39802,0,41,16,
1669596127.217337,10.10.1.100:39800,0,45,16,
1669596127.220247,10.10.1.100:39798,0,52,14,
1669596127.294952,10.10.1.100:39802,0,41,16,
1669596127.296410,10.10.1.100:39800,0,45,16,
1669596127.299290,10.10.1.100:39798,0,52,14,
1669596127.374636,10.10.1.100:39802,0,41,16,
1669596127.376198,10.10.1.100:39800,0,45,16,
1669596127.379054,10.10.1.100:39798,0,52,14,
1669596127.453899,10.10.1.100:39802,0,41,16,
1669596127.455402,10.10.1.100:39800,0,45,16,
1669596127.458267,10.10.1.100:39798,0,52,14,
1669596127.533105,10.10.1.100:39802,0,41,16,
1669596127.534629,10.10.1.100:39800,0,45,16,
1669596127.537440,10.10.1.100:39798,0,52,14,
1669596127.612705,10.10.1.100:39802,0,41,16,
1669596127.614226,10.10.1.100:39800,0,45,14,
1669596127.617060,10.10.1.100:39798,0,52,14,
1669596127.691921,10.10.1.100:39802,0,41,16,
1669596127.693461,10.10.1.100:39800,0,45,14,
1669596127.696312,10.10.1.100:39798,0,52,14,
1669596127.771896,10.10.1.100:39802,0,41,16,
1669596127.773497,10.10.1.100:39800,0,45,14,
1669596127.776390,10.10.1.100:39798,0,52,14,
1669596127.851908,10.10.1.100:39802,0,41,16,
1669596127.853427,10.10.1.100:39800,0,45,14,
1669596127.856822,10.10.1.100:39798,0,52,14,
1669596127.931466,10.10.1.100:39802,0,41,16,
1669596127.933094,10.10.1.100:39800,0,45,14,
1669596127.935990,10.10.1.100:39798,0,52,14,
1669596128.011337,10.10.1.100:39802,0,41,16,
1669596128.012890,10.10.1.100:39800,0,45,14,
1669596128.015746,10.10.1.100:39798,0,52,14,
1669596128.091408,10.10.1.100:39802,0,41,16,
1669596128.092948,10.10.1.100:39800,0,45,14,
1669596128.095795,10.10.1.100:39798,0,52,14,
1669596128.170536,10.10.1.100:39802,0,41,16,
1669596128.172029,10.10.1.100:39800,0,45,14,
1669596128.174916,10.10.1.100:39798,0,52,14,
1669596128.250149,10.10.1.100:39802,0,41,16,
1669596128.251676,10.10.1.100:39800,0,45,14,
1669596128.254566,10.10.1.100:39798,0,52,14,
1669596128.329627,10.10.1.100:39802,0,41,16,
1669596128.331169,10.10.1.100:39800,0,45,14,
1669596128.334009,10.10.1.100:39798,0,52,14,
1669596128.409232,10.10.1.100:39802,0,41,16,
1669596128.410796,10.10.1.100:39800,0,45,14,
1669596128.413592,10.10.1.100:39798,0,52,14,
1669596128.512208,10.10.1.100:39802,0,41,16,
1669596128.515051,10.10.1.100:39800,0,45,14,
1669596128.519936,10.10.1.100:39798,0,52,14,
1669596128.649356,10.10.1.100:39802,0,41,16,
1669596128.651951,10.10.1.100:39800,0,45,14,
1669596128.656601,10.10.1.100:39798,0,52,14,
1669596128.749762,10.10.1.100:39802,0,41,16,
1669596128.751432,10.10.1.100:39800,0,45,14,
1669596128.754253,10.10.1.100:39798,0,52,14,
1669596128.829246,10.10.1.100:39802,0,41,16,
1669596128.830854,10.10.1.100:39800,0,45,14,
1669596128.833655,10.10.1.100:39798,0,52,14,
1669596128.910478,10.10.1.100:39802,0,41,16,
1669596128.911976,10.10.1.100:39800,0,45,14,
1669596128.914825,10.10.1.100:39798,0,52,14,
1669596128.990511,10.10.1.100:39802,0,41,16,
1669596128.992064,10.10.1.100:39800,0,45,14,
1669596128.994899,10.10.1.100:39798,0,52,14,
1669596129.070038,10.10.1.100:39802,0,41,16,
1669596129.071566,10.10.1.100:39800,0,45,14,
1669596129.074396,10.10.1.100:39798,0,52,14,
1669596129.149291,10.10.1.100:39802,0,41,16,
1669596129.150843,10.10.1.100:39800,0,45,14,
1669596129.153743,10.10.1.100:39798,0,52,14,
1669596129.228996,10.10.1.100:39802,0,41,16,
1669596129.230532,10.10.1.100:39800,0,45,14,
1669596129.233310,10.10.1.100:39798,0,52,14,
1669596129.308041,10.10.1.100:39802,0,41,16,
1669596129.309567,10.10.1.100:39800,0,45,14,
1669596129.312443,10.10.1.100:39798,0,52,14,
1669596129.387956,10.10.1.100:39802,0,41,16,
1669596129.389495,10.10.1.100:39800,0,45,14,
1669596129.392307,10.10.1.100:39798,0,52,14,
1669596129.467641,10.10.1.100:39802,0,41,16,
1669596129.469227,10.10.1.100:39800,0,45,14,
1669596129.472084,10.10.1.100:39798,0,52,14,
1669596129.546677,10.10.1.100:39802,0,41,16,
1669596129.548215,10.10.1.100:39800,0,45,14,
1669596129.551129,10.10.1.100:39798,0,52,14,
1669596129.626527,10.10.1.100:39802,0,41,16,
1669596129.628094,10.10.1.100:39800,0,45,14,
1669596129.630996,10.10.1.100:39798,0,52,14,
1669596129.759201,10.10.1.100:39802,0,41,16,
1669596129.761947,10.10.1.100:39800,0,45,14,
1669596129.767032,10.10.1.100:39798,0,52,14,
1669596129.870516,10.10.1.100:39802,0,41,16,
1669596129.872029,10.10.1.100:39800,0,45,14,
1669596129.874934,10.10.1.100:39798,0,52,14,
1669596129.950116,10.10.1.100:39802,0,41,16,
1669596129.951614,10.10.1.100:39800,0,45,14,
1669596129.954833,10.10.1.100:39798,0,52,14,
1669596130.029969,10.10.1.100:39802,0,41,16,
1669596130.031826,10.10.1.100:39800,0,45,14,
1669596130.034690,10.10.1.100:39798,0,52,14,
1669596130.110526,10.10.1.100:39802,0,41,16,
1669596130.112058,10.10.1.100:39800,0,45,14,
1669596130.114956,10.10.1.100:39798,0,52,14,
1669596130.190087,10.10.1.100:39802,0,41,16,
1669596130.190540,10.10.1.100:39800,0,45,14,
1669596130.191163,10.10.1.100:39798,0,52,14,
1669596130.266326,10.10.1.100:39802,0,41,16,
1669596130.267858,10.10.1.100:39800,0,45,14,
1669596130.270775,10.10.1.100:39798,0,52,14,
1669596130.346775,10.10.1.100:39802,0,41,4,
1669596130.348243,10.10.1.100:39800,0,45,14,
1669596130.351229,10.10.1.100:39798,0,52,14,
1669596130.426942,10.10.1.100:39802,0,41,4,
1669596130.428463,10.10.1.100:39800,0,45,14,
1669596130.431378,10.10.1.100:39798,0,52,14,
1669596130.506842,10.10.1.100:39802,0,41,4,
1669596130.508390,10.10.1.100:39800,0,45,4,
1669596130.511287,10.10.1.100:39798,0,52,4,
1669596130.587468,10.10.1.100:39802,0,41,4,
1669596130.589178,10.10.1.100:39800,0,45,4,
1669596130.592046,10.10.1.100:39798,0,52,4,
1669596130.667367,10.10.1.100:39802,0,41,4,
1669596130.668857,10.10.1.100:39800,0,45,4,
1669596130.671772,10.10.1.100:39798,0,52,4,
1669596130.747521,10.10.1.100:39802,0,41,4,
1669596130.749047,10.10.1.100:39800,0,45,4,
1669596130.752047,10.10.1.100:39798,0,52,4,
1669596130.826972,10.10.1.100:39802,0,41,4,
1669596130.828904,10.10.1.100:39800,0,45,4,
1669596130.831743,10.10.1.100:39798,0,52,4,
1669596130.906718,10.10.1.100:39802,0,41,18,
1669596130.908365,10.10.1.100:39800,0,45,4,
1669596130.911313,10.10.1.100:39798,0,52,4,
1669596130.986497,10.10.1.100:39802,0,41,16,
1669596130.988029,10.10.1.100:39800,0,45,14,
1669596130.990901,10.10.1.100:39798,0,52,4,
1669596131.065655,10.10.1.100:39802,0,41,16,
1669596131.067239,10.10.1.100:39800,0,45,14,
1669596131.070120,10.10.1.100:39798,0,52,4,
1669596131.146057,10.10.1.100:39802,0,41,16,
1669596131.147606,10.10.1.100:39800,0,45,14,
1669596131.150464,10.10.1.100:39798,0,52,14,
1669596131.263255,10.10.1.100:39802,0,41,16,
1669596131.265961,10.10.1.100:39800,0,45,14,
1669596131.270981,10.10.1.100:39798,0,52,14,
1669596131.399586,10.10.1.100:39802,0,41,16,
1669596131.402054,10.10.1.100:39800,0,45,14,
1669596131.406753,10.10.1.100:39798,0,52,14,
1669596131.510854,10.10.1.100:39802,0,41,16,
1669596131.513582,10.10.1.100:39800,0,45,16,
1669596131.518668,10.10.1.100:39798,0,52,14,
1669596131.649119,10.10.1.100:39802,0,41,16,
1669596131.652122,10.10.1.100:39800,0,45,16,
1669596131.657070,10.10.1.100:39798,0,52,14,
1669596131.790776,10.10.1.100:39802,0,41,16,
1669596131.793474,10.10.1.100:39800,0,45,16,
1669596131.798643,10.10.1.100:39798,0,52,14,
1669596131.887475,10.10.1.100:39802,0,41,16,
1669596131.888948,10.10.1.100:39800,0,45,16,
1669596131.891817,10.10.1.100:39798,0,52,14,
1669596131.967621,10.10.1.100:39802,0,41,16,
1669596131.969130,10.10.1.100:39800,0,45,16,
1669596131.971945,10.10.1.100:39798,0,52,14,
1669596132.046683,10.10.1.100:39802,0,41,16,
1669596132.048254,10.10.1.100:39800,0,45,16,
1669596132.051185,10.10.1.100:39798,0,52,14,
1669596132.126702,10.10.1.100:39802,0,41,16,
1669596132.128217,10.10.1.100:39800,0,45,16,
1669596132.131120,10.10.1.100:39798,0,52,14,
1669596132.206920,10.10.1.100:39802,0,41,16,
1669596132.208469,10.10.1.100:39800,0,45,16,
1669596132.211323,10.10.1.100:39798,0,52,16,
1669596132.286130,10.10.1.100:39802,0,41,16,
1669596132.287685,10.10.1.100:39800,0,45,16,
1669596132.290558,10.10.1.100:39798,0,52,16,
1669596132.365866,10.10.1.100:39802,0,41,16,
1669596132.367385,10.10.1.100:39800,0,45,16,
1669596132.370278,10.10.1.100:39798,0,52,16,
1669596132.445169,10.10.1.100:39802,0,41,16,
1669596132.446829,10.10.1.100:39800,0,45,16,
1669596132.449612,10.10.1.100:39798,0,52,16,
1669596132.525071,10.10.1.100:39802,0,41,16,
1669596132.526638,10.10.1.100:39800,0,45,16,
1669596132.529425,10.10.1.100:39798,0,52,16,
1669596132.604065,10.10.1.100:39802,0,41,16,
1669596132.605613,10.10.1.100:39800,0,45,16,
1669596132.608469,10.10.1.100:39798,0,52,16,
1669596132.683350,10.10.1.100:39802,0,41,16,
1669596132.684875,10.10.1.100:39800,0,45,16,
1669596132.687680,10.10.1.100:39798,0,52,16,
1669596132.762885,10.10.1.100:39802,0,41,16,
1669596132.764472,10.10.1.100:39800,0,45,16,
1669596132.767329,10.10.1.100:39798,0,52,16,
1669596132.842646,10.10.1.100:39802,0,41,16,
1669596132.844163,10.10.1.100:39800,0,45,16,
1669596132.847053,10.10.1.100:39798,0,52,16,
1669596132.922300,10.10.1.100:39802,0,41,16,
1669596132.923769,10.10.1.100:39800,0,45,16,
1669596132.926660,10.10.1.100:39798,0,52,16,
1669596133.001899,10.10.1.100:39802,0,41,16,
1669596133.003384,10.10.1.100:39800,0,45,16,
1669596133.006237,10.10.1.100:39798,0,52,16,
1669596133.081032,10.10.1.100:39802,0,41,16,
1669596133.082693,10.10.1.100:39800,0,45,16,
1669596133.085522,10.10.1.100:39798,0,52,16,
1669596133.160620,10.10.1.100:39802,0,41,16,
1669596133.162141,10.10.1.100:39800,0,45,16,
1669596133.164975,10.10.1.100:39798,0,52,16,
1669596133.239717,10.10.1.100:39802,0,41,16,
1669596133.241225,10.10.1.100:39800,0,45,16,
1669596133.244050,10.10.1.100:39798,0,52,16,
1669596133.318957,10.10.1.100:39802,0,41,16,
1669596133.320480,10.10.1.100:39800,0,45,16,
1669596133.323374,10.10.1.100:39798,0,52,16,
1669596133.399132,10.10.1.100:39802,0,41,16,
1669596133.400615,10.10.1.100:39800,0,45,16,
1669596133.403500,10.10.1.100:39798,0,52,16,
1669596133.478734,10.10.1.100:39802,0,41,16,
1669596133.480251,10.10.1.100:39800,0,45,16,
1669596133.483136,10.10.1.100:39798,0,52,16,
1669596133.557965,10.10.1.100:39802,0,41,16,
1669596133.559453,10.10.1.100:39800,0,45,16,
1669596133.562267,10.10.1.100:39798,0,52,16,
1669596133.637143,10.10.1.100:39802,0,41,16,
1669596133.638698,10.10.1.100:39800,0,45,16,
1669596133.641477,10.10.1.100:39798,0,52,16,
1669596133.716723,10.10.1.100:39802,0,41,16,
1669596133.718287,10.10.1.100:39800,0,45,16,
1669596133.721074,10.10.1.100:39798,0,52,16,
1669596133.796303,10.10.1.100:39802,0,41,16,
1669596133.797845,10.10.1.100:39800,0,45,16,
1669596133.800631,10.10.1.100:39798,0,52,16,
1669596133.878404,10.10.1.100:39802,0,41,16,
1669596133.879952,10.10.1.100:39800,0,45,16,
1669596133.882779,10.10.1.100:39798,0,52,16,
1669596133.958199,10.10.1.100:39802,0,41,16,
1669596133.959739,10.10.1.100:39800,0,45,16,
1669596133.962572,10.10.1.100:39798,0,52,16,
1669596134.037962,10.10.1.100:39802,0,41,16,
1669596134.039445,10.10.1.100:39800,0,45,16,
1669596134.042269,10.10.1.100:39798,0,52,16,
1669596134.117840,10.10.1.100:39802,0,41,16,
1669596134.119371,10.10.1.100:39800,0,45,16,
1669596134.122222,10.10.1.100:39798,0,52,16,
1669596134.196860,10.10.1.100:39802,0,41,16,
1669596134.198384,10.10.1.100:39800,0,45,16,
1669596134.201237,10.10.1.100:39798,0,52,16,
1669596134.276444,10.10.1.100:39802,0,41,16,
1669596134.277987,10.10.1.100:39800,0,45,16,
1669596134.280775,10.10.1.100:39798,0,52,16,
1669596134.356068,10.10.1.100:39802,0,41,16,
1669596134.357573,10.10.1.100:39800,0,45,16,
1669596134.360418,10.10.1.100:39798,0,52,16,
1669596134.435307,10.10.1.100:39802,0,41,16,
1669596134.436832,10.10.1.100:39800,0,45,16,
1669596134.439652,10.10.1.100:39798,0,52,16,
1669596134.514800,10.10.1.100:39802,0,41,16,
1669596134.516332,10.10.1.100:39800,0,45,16,
1669596134.519101,10.10.1.100:39798,0,52,16,
1669596134.636541,10.10.1.100:39802,0,41,16,
1669596134.639346,10.10.1.100:39800,0,45,16,
1669596134.644372,10.10.1.100:39798,0,52,16,
1669596134.771492,10.10.1.100:39802,0,41,16,
1669596134.774055,10.10.1.100:39800,0,45,16,
1669596134.778699,10.10.1.100:39798,0,52,16,
1669596134.878487,10.10.1.100:39802,0,41,16,
1669596134.880052,10.10.1.100:39800,0,45,16,
1669596134.882995,10.10.1.100:39798,0,52,16,
1669596134.959170,10.10.1.100:39802,0,41,16,
1669596134.960825,10.10.1.100:39800,0,45,16,
1669596134.963831,10.10.1.100:39798,0,52,16,
1669596135.038866,10.10.1.100:39802,0,41,16,
1669596135.041710,10.10.1.100:39800,0,45,16,
1669596135.046748,10.10.1.100:39798,0,52,16,
1669596135.183294,10.10.1.100:39802,0,41,16,
1669596135.186102,10.10.1.100:39800,0,45,16,
1669596135.191123,10.10.1.100:39798,0,52,16,
1669596135.317075,10.10.1.100:39802,0,41,16,
1669596135.319704,10.10.1.100:39800,0,45,16,
1669596135.324927,10.10.1.100:39798,0,52,16,
1669596135.401649,10.10.1.100:39802,0,41,16,
1669596135.403246,10.10.1.100:39800,0,45,16,
1669596135.406153,10.10.1.100:39798,0,52,16,
1669596135.481664,10.10.1.100:39802,0,41,16,
1669596135.483198,10.10.1.100:39800,0,45,16,
1669596135.486090,10.10.1.100:39798,0,52,16,
1669596135.560643,10.10.1.100:39802,0,41,16,
1669596135.562265,10.10.1.100:39800,0,45,16,
1669596135.565143,10.10.1.100:39798,0,52,16,
1669596135.641129,10.10.1.100:39802,0,41,16,
1669596135.642685,10.10.1.100:39800,0,45,16,
1669596135.645521,10.10.1.100:39798,0,52,16,
1669596135.721490,10.10.1.100:39802,0,41,16,
1669596135.723066,10.10.1.100:39800,0,45,16,
1669596135.726001,10.10.1.100:39798,0,52,16,
1669596135.801731,10.10.1.100:39802,0,41,16,
1669596135.803273,10.10.1.100:39800,0,45,16,
1669596135.806203,10.10.1.100:39798,0,52,16,
1669596135.882241,10.10.1.100:39802,0,41,16,
1669596135.883755,10.10.1.100:39800,0,45,16,
1669596135.886643,10.10.1.100:39798,0,52,16,
1669596135.961883,10.10.1.100:39802,0,41,16,
1669596135.963352,10.10.1.100:39800,0,45,16,
1669596135.966232,10.10.1.100:39798,0,52,16,
1669596136.041160,10.10.1.100:39802,0,41,16,
1669596136.042678,10.10.1.100:39800,0,45,16,
1669596136.045511,10.10.1.100:39798,0,52,16,
1669596136.121425,10.10.1.100:39802,0,41,16,
1669596136.123047,10.10.1.100:39800,0,45,16,
1669596136.125948,10.10.1.100:39798,0,52,16,
1669596136.201987,10.10.1.100:39802,0,41,16,
1669596136.203769,10.10.1.100:39800,0,45,16,
1669596136.206702,10.10.1.100:39798,0,52,16,
1669596136.282070,10.10.1.100:39802,0,41,16,
1669596136.283555,10.10.1.100:39800,0,45,16,
1669596136.286431,10.10.1.100:39798,0,52,16,
1669596136.361693,10.10.1.100:39802,0,41,16,
1669596136.363277,10.10.1.100:39800,0,45,16,
1669596136.366178,10.10.1.100:39798,0,52,16,
1669596136.441373,10.10.1.100:39802,0,41,16,
1669596136.442941,10.10.1.100:39800,0,45,16,
1669596136.443733,10.10.1.100:39798,0,52,16,
1669596136.522302,10.10.1.100:39802,0,41,16,
1669596136.523775,10.10.1.100:39800,0,45,16,
1669596136.526653,10.10.1.100:39798,0,52,16,
1669596136.602419,10.10.1.100:39802,0,41,16,
1669596136.603964,10.10.1.100:39800,0,45,16,
1669596136.606861,10.10.1.100:39798,0,52,16,
1669596136.681582,10.10.1.100:39802,0,41,16,
1669596136.683149,10.10.1.100:39800,0,45,16,
1669596136.686036,10.10.1.100:39798,0,52,16,
1669596136.761284,10.10.1.100:39802,0,41,16,
1669596136.762872,10.10.1.100:39800,0,45,16,
1669596136.765705,10.10.1.100:39798,0,52,16,
1669596136.840376,10.10.1.100:39802,0,41,16,
1669596136.841959,10.10.1.100:39800,0,45,16,
1669596136.844826,10.10.1.100:39798,0,52,16,
1669596136.920528,10.10.1.100:39802,0,41,16,
1669596136.922066,10.10.1.100:39800,0,45,16,
1669596136.924955,10.10.1.100:39798,0,52,16,
1669596137.000044,10.10.1.100:39802,0,41,16,
1669596137.001646,10.10.1.100:39800,0,45,16,
1669596137.004563,10.10.1.100:39798,0,52,16,
1669596137.079551,10.10.1.100:39802,0,41,16,
1669596137.081084,10.10.1.100:39800,0,45,16,
1669596137.083916,10.10.1.100:39798,0,52,16,
1669596137.159807,10.10.1.100:39802,0,41,16,
1669596137.161390,10.10.1.100:39800,0,45,16,
1669596137.164266,10.10.1.100:39798,0,52,16,
1669596137.240189,10.10.1.100:39802,0,41,16,
1669596137.241759,10.10.1.100:39800,0,45,16,
1669596137.244704,10.10.1.100:39798,0,52,16,
1669596137.320073,10.10.1.100:39802,0,41,16,
1669596137.321593,10.10.1.100:39800,0,45,16,
1669596137.324486,10.10.1.100:39798,0,52,16,
1669596137.399423,10.10.1.100:39802,0,41,16,
1669596137.401001,10.10.1.100:39800,0,45,16,
1669596137.403844,10.10.1.100:39798,0,52,16,
1669596137.479143,10.10.1.100:39802,0,41,16,
1669596137.480674,10.10.1.100:39800,0,45,14,
1669596137.483553,10.10.1.100:39798,0,52,16,
1669596137.558889,10.10.1.100:39802,0,41,16,
1669596137.560389,10.10.1.100:39800,0,45,14,
1669596137.563291,10.10.1.100:39798,0,52,16,
1669596137.638664,10.10.1.100:39802,0,41,16,
1669596137.640247,10.10.1.100:39800,0,45,14,
1669596137.643114,10.10.1.100:39798,0,52,16,
1669596137.718731,10.10.1.100:39802,0,41,16,
1669596137.720263,10.10.1.100:39800,0,45,14,
1669596137.723186,10.10.1.100:39798,0,52,16,
1669596137.798727,10.10.1.100:39802,0,41,16,
1669596137.800294,10.10.1.100:39800,0,45,14,
1669596137.803180,10.10.1.100:39798,0,52,16,
1669596137.879255,10.10.1.100:39802,0,41,16,
1669596137.880816,10.10.1.100:39800,0,45,14,
1669596137.883698,10.10.1.100:39798,0,52,14,
1669596137.958826,10.10.1.100:39802,0,41,16,
1669596137.960343,10.10.1.100:39800,0,45,14,
1669596137.963224,10.10.1.100:39798,0,52,14,
1669596138.084492,10.10.1.100:39802,0,41,16,
1669596138.087234,10.10.1.100:39800,0,45,14,
1669596138.092309,10.10.1.100:39798,0,52,14,
1669596138.216701,10.10.1.100:39802,0,41,16,
1669596138.218293,10.10.1.100:39800,0,45,14,
1669596138.221142,10.10.1.100:39798,0,52,14,
1669596138.296484,10.10.1.100:39802,0,41,16,
1669596138.298012,10.10.1.100:39800,0,45,14,
1669596138.300792,10.10.1.100:39798,0,52,14,
1669596138.375940,10.10.1.100:39802,0,41,16,
1669596138.377433,10.10.1.100:39800,0,45,14,
1669596138.380313,10.10.1.100:39798,0,52,14,
1669596138.455903,10.10.1.100:39802,0,41,16,
1669596138.457405,10.10.1.100:39800,0,45,14,
1669596138.460311,10.10.1.100:39798,0,52,14,
1669596138.565737,10.10.1.100:39802,0,41,14,
1669596138.568558,10.10.1.100:39800,0,45,14,
1669596138.573574,10.10.1.100:39798,0,52,14,
1669596138.706290,10.10.1.100:39802,0,41,14,
1669596138.707783,10.10.1.100:39800,0,45,14,
1669596138.710627,10.10.1.100:39798,0,52,14,
1669596138.785497,10.10.1.100:39802,0,41,14,
1669596138.787012,10.10.1.100:39800,0,45,14,
1669596138.789852,10.10.1.100:39798,0,52,14,
1669596138.865843,10.10.1.100:39802,0,41,14,
1669596138.867386,10.10.1.100:39800,0,45,14,
1669596138.870222,10.10.1.100:39798,0,52,14,
1669596138.945607,10.10.1.100:39802,0,41,14,
1669596138.947135,10.10.1.100:39800,0,45,14,
1669596138.949961,10.10.1.100:39798,0,52,14,
1669596139.025489,10.10.1.100:39802,0,41,14,
1669596139.027047,10.10.1.100:39800,0,45,14,
1669596139.029903,10.10.1.100:39798,0,52,14,
1669596139.104732,10.10.1.100:39802,0,41,14,
1669596139.106271,10.10.1.100:39800,0,45,14,
1669596139.109125,10.10.1.100:39798,0,52,14,
1669596139.185314,10.10.1.100:39802,0,41,14,
1669596139.186906,10.10.1.100:39800,0,45,14,
1669596139.189728,10.10.1.100:39798,0,52,14,
1669596139.264903,10.10.1.100:39802,0,41,14,
1669596139.266483,10.10.1.100:39800,0,45,14,
1669596139.269249,10.10.1.100:39798,0,52,14,
1669596139.344625,10.10.1.100:39802,0,41,14,
1669596139.346245,10.10.1.100:39800,0,45,14,
1669596139.349029,10.10.1.100:39798,0,52,14,
1669596139.424053,10.10.1.100:39802,0,41,14,
1669596139.425552,10.10.1.100:39800,0,45,14,
1669596139.428407,10.10.1.100:39798,0,52,14,
1669596139.503995,10.10.1.100:39802,0,41,14,
1669596139.505529,10.10.1.100:39800,0,45,14,
1669596139.508353,10.10.1.100:39798,0,52,14,
1669596139.584048,10.10.1.100:39802,0,41,14,
1669596139.585589,10.10.1.100:39800,0,45,14,
1669596139.588445,10.10.1.100:39798,0,52,14,
1669596139.663223,10.10.1.100:39802,0,41,14,
1669596139.664790,10.10.1.100:39800,0,45,14,
1669596139.667599,10.10.1.100:39798,0,52,14,
1669596139.742969,10.10.1.100:39802,0,41,14,
1669596139.744583,10.10.1.100:39800,0,45,14,
1669596139.747411,10.10.1.100:39798,0,52,14,
1669596139.822398,10.10.1.100:39802,0,41,14,
1669596139.823955,10.10.1.100:39800,0,45,14,
1669596139.826806,10.10.1.100:39798,0,52,14,
1669596139.902586,10.10.1.100:39802,0,41,14,
1669596139.904160,10.10.1.100:39800,0,45,14,
1669596139.907000,10.10.1.100:39798,0,52,14,
1669596139.982531,10.10.1.100:39802,0,41,14,
1669596139.984069,10.10.1.100:39800,0,45,14,
1669596139.986887,10.10.1.100:39798,0,52,14,
1669596140.062016,10.10.1.100:39802,0,41,14,
1669596140.063860,10.10.1.100:39800,0,45,14,
1669596140.066787,10.10.1.100:39798,0,52,14,
1669596140.142481,10.10.1.100:39802,0,41,14,
1669596140.144017,10.10.1.100:39800,0,45,14,
1669596140.146930,10.10.1.100:39798,0,52,14,
1669596140.271478,10.10.1.100:39802,0,41,14,
1669596140.274189,10.10.1.100:39800,0,45,14,
1669596140.279264,10.10.1.100:39798,0,52,14,
1669596140.408392,10.10.1.100:39802,0,41,14,
1669596140.410888,10.10.1.100:39800,0,45,14,
1669596140.415586,10.10.1.100:39798,0,52,14,
1669596140.505593,10.10.1.100:39802,0,41,14,
1669596140.507192,10.10.1.100:39800,0,45,14,
1669596140.510044,10.10.1.100:39798,0,52,14,
1669596140.585326,10.10.1.100:39802,0,41,14,
1669596140.586871,10.10.1.100:39800,0,45,14,
1669596140.589706,10.10.1.100:39798,0,52,14,
1669596140.664866,10.10.1.100:39802,0,41,14,
1669596140.666424,10.10.1.100:39800,0,45,14,
1669596140.669196,10.10.1.100:39798,0,52,14,
1669596140.744602,10.10.1.100:39802,0,41,14,
1669596140.746191,10.10.1.100:39800,0,45,14,
1669596140.748981,10.10.1.100:39798,0,52,14,
1669596140.823907,10.10.1.100:39802,0,41,14,
1669596140.825436,10.10.1.100:39800,0,45,14,
1669596140.828564,10.10.1.100:39798,0,52,14,
1669596140.903777,10.10.1.100:39802,0,41,14,
1669596140.905283,10.10.1.100:39800,0,45,14,
1669596140.908138,10.10.1.100:39798,0,52,14,
1669596140.983391,10.10.1.100:39802,0,41,14,
1669596140.984925,10.10.1.100:39800,0,45,14,
1669596140.987796,10.10.1.100:39798,0,52,14,
1669596141.062250,10.10.1.100:39802,0,41,14,
1669596141.063803,10.10.1.100:39800,0,45,4,
1669596141.066735,10.10.1.100:39798,0,52,14,
1669596141.142197,10.10.1.100:39802,0,41,4,
1669596141.143686,10.10.1.100:39800,0,45,4,
1669596141.146547,10.10.1.100:39798,0,52,4,
1669596141.220796,10.10.1.100:39802,0,41,4,
1669596141.222345,10.10.1.100:39800,0,45,4,
1669596141.225153,10.10.1.100:39798,0,52,4,
1669596141.299969,10.10.1.100:39802,0,41,4,
1669596141.301549,10.10.1.100:39800,0,45,4,
1669596141.304377,10.10.1.100:39798,0,52,4,
1669596141.379861,10.10.1.100:39802,0,41,4,
1669596141.381373,10.10.1.100:39800,0,45,4,
1669596141.384207,10.10.1.100:39798,0,52,4,
1669596141.458982,10.10.1.100:39802,0,41,4,
1669596141.460544,10.10.1.100:39800,0,45,4,
1669596141.463408,10.10.1.100:39798,0,52,4,
1669596141.538192,10.10.1.100:39802,0,41,4,
1669596141.539683,10.10.1.100:39800,0,45,4,
1669596141.542546,10.10.1.100:39798,0,52,4,
1669596141.617969,10.10.1.100:39802,0,41,4,
1669596141.619562,10.10.1.100:39800,0,45,4,
1669596141.622451,10.10.1.100:39798,0,52,4,
1669596141.724025,10.10.1.100:39802,0,41,14,
1669596141.726736,10.10.1.100:39800,0,45,14,
1669596141.731869,10.10.1.100:39798,0,52,14,
1669596141.863395,10.10.1.100:39802,0,41,14,
1669596141.865988,10.10.1.100:39800,0,45,14,
1669596141.870725,10.10.1.100:39798,0,52,14,
1669596141.978109,10.10.1.100:39802,0,41,14,
1669596141.979584,10.10.1.100:39800,0,45,14,
1669596141.982448,10.10.1.100:39798,0,52,16,
1669596142.057267,10.10.1.100:39802,0,41,14,
1669596142.058822,10.10.1.100:39800,0,45,14,
1669596142.061634,10.10.1.100:39798,0,52,16,
1669596142.138070,10.10.1.100:39802,0,41,14,
1669596142.139672,10.10.1.100:39800,0,45,14,
1669596142.142653,10.10.1.100:39798,0,52,16,
1669596142.217777,10.10.1.100:39802,0,41,14,
1669596142.219377,10.10.1.100:39800,0,45,14,
1669596142.222212,10.10.1.100:39798,0,52,16,
1669596142.297214,10.10.1.100:39802,0,41,14,
1669596142.298731,10.10.1.100:39800,0,45,14,
1669596142.301551,10.10.1.100:39798,0,52,16,
1669596142.376587,10.10.1.100:39802,0,41,14,
1669596142.378157,10.10.1.100:39800,0,45,14,
1669596142.380952,10.10.1.100:39798,0,52,16,
1669596142.456583,10.10.1.100:39802,0,41,16,
1669596142.458107,10.10.1.100:39800,0,45,14,
1669596142.460900,10.10.1.100:39798,0,52,16,
1669596142.535563,10.10.1.100:39802,0,41,16,
1669596142.537098,10.10.1.100:39800,0,45,14,
1669596142.539962,10.10.1.100:39798,0,52,16,
1669596142.615251,10.10.1.100:39802,0,41,16,
1669596142.616695,10.10.1.100:39800,0,45,14,
1669596142.619583,10.10.1.100:39798,0,52,16,
1669596142.694389,10.10.1.100:39802,0,41,16,
1669596142.695861,10.10.1.100:39800,0,45,14,
1669596142.698787,10.10.1.100:39798,0,52,16,
1669596142.774250,10.10.1.100:39802,0,41,16,
1669596142.775706,10.10.1.100:39800,0,45,14,
1669596142.778541,10.10.1.100:39798,0,52,16,
1669596142.854012,10.10.1.100:39802,0,41,16,
1669596142.855571,10.10.1.100:39800,0,45,16,
1669596142.859030,10.10.1.100:39798,0,52,16,
1669596142.934091,10.10.1.100:39802,0,41,16,
1669596142.935623,10.10.1.100:39800,0,45,16,
1669596142.938456,10.10.1.100:39798,0,52,16,
1669596143.014125,10.10.1.100:39802,0,41,16,
1669596143.015608,10.10.1.100:39800,0,45,16,
1669596143.018558,10.10.1.100:39798,0,52,16,
1669596143.144334,10.10.1.100:39802,0,41,16,
1669596143.147119,10.10.1.100:39800,0,45,16,
1669596143.152196,10.10.1.100:39798,0,52,16,
1669596143.279705,10.10.1.100:39802,0,41,16,
1669596143.282244,10.10.1.100:39800,0,45,16,
1669596143.286796,10.10.1.100:39798,0,52,16,
1669596143.377750,10.10.1.100:39802,0,41,16,
1669596143.379281,10.10.1.100:39800,0,45,16,
1669596143.382125,10.10.1.100:39798,0,52,16,
1669596143.457570,10.10.1.100:39802,0,41,16,
1669596143.459139,10.10.1.100:39800,0,45,16,
1669596143.461983,10.10.1.100:39798,0,52,16,
1669596143.537554,10.10.1.100:39802,0,41,16,
1669596143.539096,10.10.1.100:39800,0,45,16,
1669596143.541929,10.10.1.100:39798,0,52,16,
1669596143.618361,10.10.1.100:39802,0,41,16,
1669596143.619888,10.10.1.100:39800,0,45,16,
1669596143.622704,10.10.1.100:39798,0,52,16,
1669596143.698473,10.10.1.100:39802,0,41,16,
1669596143.700019,10.10.1.100:39800,0,45,16,
1669596143.702851,10.10.1.100:39798,0,52,16,
1669596143.778310,10.10.1.100:39802,0,41,16,
1669596143.779799,10.10.1.100:39800,0,45,16,
1669596143.782644,10.10.1.100:39798,0,52,16,
1669596143.858565,10.10.1.100:39802,0,41,16,
1669596143.860091,10.10.1.100:39800,0,45,16,
1669596143.862913,10.10.1.100:39798,0,52,16,
1669596143.938032,10.10.1.100:39802,0,41,16,
1669596143.939500,10.10.1.100:39800,0,45,16,
1669596143.942353,10.10.1.100:39798,0,52,16,
1669596144.018701,10.10.1.100:39802,0,41,16,
1669596144.020192,10.10.1.100:39800,0,45,16,
1669596144.023005,10.10.1.100:39798,0,52,16,
1669596144.098248,10.10.1.100:39802,0,41,16,
1669596144.099794,10.10.1.100:39800,0,45,16,
1669596144.102638,10.10.1.100:39798,0,52,16,
1669596144.177373,10.10.1.100:39802,0,41,16,
1669596144.178916,10.10.1.100:39800,0,45,16,
1669596144.181714,10.10.1.100:39798,0,52,16,
1669596144.256693,10.10.1.100:39802,0,41,16,
1669596144.258342,10.10.1.100:39800,0,45,16,
1669596144.261136,10.10.1.100:39798,0,52,16,
1669596144.336977,10.10.1.100:39802,0,41,16,
1669596144.338550,10.10.1.100:39800,0,45,16,
1669596144.341400,10.10.1.100:39798,0,52,16,
1669596144.423652,10.10.1.100:39802,0,41,16,
1669596144.428588,10.10.1.100:39800,0,45,16,
1669596144.431419,10.10.1.100:39798,0,52,16,
1669596144.536609,10.10.1.100:39802,0,41,16,
1669596144.539004,10.10.1.100:39800,0,45,16,
1669596144.543803,10.10.1.100:39798,0,52,16,
1669596144.678009,10.10.1.100:39802,0,41,16,
1669596144.680736,10.10.1.100:39800,0,45,16,
1669596144.685745,10.10.1.100:39798,0,52,16,
1669596144.768640,10.10.1.100:39802,0,41,16,
1669596144.770214,10.10.1.100:39800,0,45,16,
1669596144.773041,10.10.1.100:39798,0,52,16,
1669596144.848158,10.10.1.100:39802,0,41,16,
1669596144.850794,10.10.1.100:39800,0,45,16,
1669596144.856766,10.10.1.100:39798,0,52,16,
1669596144.991395,10.10.1.100:39802,0,41,16,
1669596144.994360,10.10.1.100:39800,0,45,16,
1669596144.999417,10.10.1.100:39798,0,52,16,
1669596145.109384,10.10.1.100:39802,0,41,16,
1669596145.111391,10.10.1.100:39800,0,45,16,
1669596145.114224,10.10.1.100:39798,0,52,16,
1669596145.189321,10.10.1.100:39802,0,41,16,
1669596145.190906,10.10.1.100:39800,0,45,16,
1669596145.193712,10.10.1.100:39798,0,52,16,
1669596145.269377,10.10.1.100:39802,0,41,16,
1669596145.271003,10.10.1.100:39800,0,45,16,
1669596145.273945,10.10.1.100:39798,0,52,16,
1669596145.349167,10.10.1.100:39802,0,41,16,
1669596145.350708,10.10.1.100:39800,0,45,16,
1669596145.353513,10.10.1.100:39798,0,52,16,
1669596145.429141,10.10.1.100:39802,0,41,16,
1669596145.430753,10.10.1.100:39800,0,45,16,
1669596145.433591,10.10.1.100:39798,0,52,16,
1669596145.509108,10.10.1.100:39802,0,41,16,
1669596145.510676,10.10.1.100:39800,0,45,16,
1669596145.513482,10.10.1.100:39798,0,52,16,
1669596145.589118,10.10.1.100:39802,0,41,16,
1669596145.590635,10.10.1.100:39800,0,45,16,
1669596145.593470,10.10.1.100:39798,0,52,16,
1669596145.670039,10.10.1.100:39802,0,41,16,
1669596145.671550,10.10.1.100:39800,0,45,16,
1669596145.674437,10.10.1.100:39798,0,52,16,
1669596145.750165,10.10.1.100:39802,0,41,16,
1669596145.751723,10.10.1.100:39800,0,45,16,
1669596145.754581,10.10.1.100:39798,0,52,16,
1669596145.829854,10.10.1.100:39802,0,41,16,
1669596145.831377,10.10.1.100:39800,0,45,16,
1669596145.834206,10.10.1.100:39798,0,52,16,
1669596145.911310,10.10.1.100:39802,0,41,16,
1669596145.912811,10.10.1.100:39800,0,45,16,
1669596145.915671,10.10.1.100:39798,0,52,16,
1669596145.991191,10.10.1.100:39802,0,41,16,
1669596145.992687,10.10.1.100:39800,0,45,16,
1669596145.995570,10.10.1.100:39798,0,52,16,
1669596146.070589,10.10.1.100:39802,0,41,16,
1669596146.072129,10.10.1.100:39800,0,45,16,
1669596146.074984,10.10.1.100:39798,0,52,16,
1669596146.150527,10.10.1.100:39802,0,41,16,
1669596146.152057,10.10.1.100:39800,0,45,16,
1669596146.154924,10.10.1.100:39798,0,52,16,
1669596146.230065,10.10.1.100:39802,0,41,16,
1669596146.231561,10.10.1.100:39800,0,45,16,
1669596146.234394,10.10.1.100:39798,0,52,16,
1669596146.309307,10.10.1.100:39802,0,41,16,
1669596146.310905,10.10.1.100:39800,0,45,16,
1669596146.313690,10.10.1.100:39798,0,52,16,
1669596146.431886,10.10.1.100:39802,0,41,16,
1669596146.434649,10.10.1.100:39800,0,45,16,
1669596146.439660,10.10.1.100:39798,0,52,16,
1669596146.574220,10.10.1.100:39802,0,41,16,
1669596146.576961,10.10.1.100:39800,0,45,16,
1669596146.580658,10.10.1.100:39798,0,52,16,
1669596146.656288,10.10.1.100:39802,0,41,16,
1669596146.657838,10.10.1.100:39800,0,45,16,
1669596146.660568,10.10.1.100:39798,0,52,16,
1669596146.736345,10.10.1.100:39802,0,41,16,
1669596146.737907,10.10.1.100:39800,0,45,16,
1669596146.740738,10.10.1.100:39798,0,52,16,
1669596146.817608,10.10.1.100:39802,0,41,16,
1669596146.819207,10.10.1.100:39800,0,45,16,
1669596146.822075,10.10.1.100:39798,0,52,16,
1669596146.897889,10.10.1.100:39802,0,41,16,
1669596146.899423,10.10.1.100:39800,0,45,16,
1669596146.902263,10.10.1.100:39798,0,52,16,
1669596146.977773,10.10.1.100:39802,0,41,16,
1669596146.979370,10.10.1.100:39800,0,45,16,
1669596146.982267,10.10.1.100:39798,0,52,16,
1669596147.057599,10.10.1.100:39802,0,41,16,
1669596147.059172,10.10.1.100:39800,0,45,16,
1669596147.062005,10.10.1.100:39798,0,52,16,
1669596147.137704,10.10.1.100:39802,0,41,16,
1669596147.139316,10.10.1.100:39800,0,45,16,
1669596147.142224,10.10.1.100:39798,0,52,16,
1669596147.218545,10.10.1.100:39802,0,41,16,
1669596147.220140,10.10.1.100:39800,0,45,16,
1669596147.223007,10.10.1.100:39798,0,52,16,
1669596147.298560,10.10.1.100:39802,0,41,16,
1669596147.300072,10.10.1.100:39800,0,45,16,
1669596147.302948,10.10.1.100:39798,0,52,16,
1669596147.379245,10.10.1.100:39802,0,41,16,
1669596147.380749,10.10.1.100:39800,0,45,16,
1669596147.383607,10.10.1.100:39798,0,52,16,
1669596147.458841,10.10.1.100:39802,0,41,16,
1669596147.460335,10.10.1.100:39800,0,45,16,
1669596147.463179,10.10.1.100:39798,0,52,14,
1669596147.568213,10.10.1.100:39802,0,41,16,
1669596147.570877,10.10.1.100:39800,0,45,16,
1669596147.575958,10.10.1.100:39798,0,52,14,
1669596147.707270,10.10.1.100:39802,0,41,16,
1669596147.708848,10.10.1.100:39800,0,45,16,
1669596147.711686,10.10.1.100:39798,0,52,14,
1669596147.786528,10.10.1.100:39802,0,41,16,
1669596147.788110,10.10.1.100:39800,0,45,16,
1669596147.790974,10.10.1.100:39798,0,52,14,
1669596147.867168,10.10.1.100:39802,0,41,16,
1669596147.868743,10.10.1.100:39800,0,45,16,
1669596147.871589,10.10.1.100:39798,0,52,14,
1669596147.946544,10.10.1.100:39802,0,41,14,
1669596147.948082,10.10.1.100:39800,0,45,16,
1669596147.951002,10.10.1.100:39798,0,52,14,
1669596148.025846,10.10.1.100:39802,0,41,14,
1669596148.027322,10.10.1.100:39800,0,45,16,
1669596148.030200,10.10.1.100:39798,0,52,14,
1669596148.105363,10.10.1.100:39802,0,41,14,
1669596148.106941,10.10.1.100:39800,0,45,16,
1669596148.109863,10.10.1.100:39798,0,52,14,
1669596148.184904,10.10.1.100:39802,0,41,14,
1669596148.186441,10.10.1.100:39800,0,45,16,
1669596148.188046,10.10.1.100:39798,0,52,14,
1669596148.272506,10.10.1.100:39802,0,41,14,
1669596148.274037,10.10.1.100:39800,0,45,16,
1669596148.276830,10.10.1.100:39798,0,52,14,
1669596148.352628,10.10.1.100:39802,0,41,14,
1669596148.354247,10.10.1.100:39800,0,45,14,
1669596148.357095,10.10.1.100:39798,0,52,14,
1669596148.432060,10.10.1.100:39802,0,41,14,
1669596148.433564,10.10.1.100:39800,0,45,14,
1669596148.436456,10.10.1.100:39798,0,52,14,
1669596148.511402,10.10.1.100:39802,0,41,14,
1669596148.512968,10.10.1.100:39800,0,45,14,
1669596148.515824,10.10.1.100:39798,0,52,14,
1669596148.591147,10.10.1.100:39802,0,41,14,
1669596148.592618,10.10.1.100:39800,0,45,14,
1669596148.595489,10.10.1.100:39798,0,52,14,
1669596148.670260,10.10.1.100:39802,0,41,14,
1669596148.671761,10.10.1.100:39800,0,45,14,
1669596148.674698,10.10.1.100:39798,0,52,14,
1669596148.751315,10.10.1.100:39802,0,41,14,
1669596148.752887,10.10.1.100:39800,0,45,14,
1669596148.755811,10.10.1.100:39798,0,52,14,
1669596148.831475,10.10.1.100:39802,0,41,14,
1669596148.833143,10.10.1.100:39800,0,45,14,
1669596148.835994,10.10.1.100:39798,0,52,14,
1669596148.911601,10.10.1.100:39802,0,41,14,
1669596148.913146,10.10.1.100:39800,0,45,14,
1669596148.916038,10.10.1.100:39798,0,52,14,
1669596148.991261,10.10.1.100:39802,0,41,14,
1669596148.992807,10.10.1.100:39800,0,45,14,
1669596148.995678,10.10.1.100:39798,0,52,14,
1669596149.070635,10.10.1.100:39802,0,41,14,
1669596149.072145,10.10.1.100:39800,0,45,14,
1669596149.075020,10.10.1.100:39798,0,52,14,
1669596149.150525,10.10.1.100:39802,0,41,14,
1669596149.151990,10.10.1.100:39800,0,45,14,
1669596149.154833,10.10.1.100:39798,0,52,14,
1669596149.230315,10.10.1.100:39802,0,41,14,
1669596149.231816,10.10.1.100:39800,0,45,14,
1669596149.234693,10.10.1.100:39798,0,52,14,
1669596149.309529,10.10.1.100:39802,0,41,14,
1669596149.311084,10.10.1.100:39800,0,45,14,
1669596149.313968,10.10.1.100:39798,0,52,14,
1669596149.388994,10.10.1.100:39802,0,41,14,
1669596149.390551,10.10.1.100:39800,0,45,14,
1669596149.393397,10.10.1.100:39798,0,52,14,
1669596149.469139,10.10.1.100:39802,0,41,14,
1669596149.470769,10.10.1.100:39800,0,45,14,
1669596149.473605,10.10.1.100:39798,0,52,14,
1669596149.548744,10.10.1.100:39802,0,41,14,
1669596149.550301,10.10.1.100:39800,0,45,14,
1669596149.553116,10.10.1.100:39798,0,52,14,
1669596149.628788,10.10.1.100:39802,0,41,14,
1669596149.630353,10.10.1.100:39800,0,45,14,
1669596149.633214,10.10.1.100:39798,0,52,14,
1669596149.708751,10.10.1.100:39802,0,41,14,
1669596149.710269,10.10.1.100:39800,0,45,14,
1669596149.713086,10.10.1.100:39798,0,52,14,
1669596149.788420,10.10.1.100:39802,0,41,14,
1669596149.790038,10.10.1.100:39800,0,45,14,
1669596149.792848,10.10.1.100:39798,0,52,14,
1669596149.871193,10.10.1.100:39802,0,41,14,
1669596149.872761,10.10.1.100:39800,0,45,14,
1669596149.875586,10.10.1.100:39798,0,52,14,
1669596149.950443,10.10.1.100:39802,0,41,14,
1669596149.951981,10.10.1.100:39800,0,45,14,
1669596149.955229,10.10.1.100:39798,0,52,14,
1669596150.055041,10.10.1.100:39802,0,41,14,
1669596150.057960,10.10.1.100:39800,0,45,14,
1669596150.062991,10.10.1.100:39798,0,52,14,
1669596150.199629,10.10.1.100:39802,0,41,14,
1669596150.203454,10.10.1.100:39800,0,45,14,
1669596150.208611,10.10.1.100:39798,0,52,14,
1669596150.337058,10.10.1.100:39802,0,41,14,
1669596150.338675,10.10.1.100:39800,0,45,14,
1669596150.341550,10.10.1.100:39798,0,52,14,
1669596150.416435,10.10.1.100:39802,0,41,14,
1669596150.417971,10.10.1.100:39800,0,45,14,
1669596150.420743,10.10.1.100:39798,0,52,14,
1669596150.496354,10.10.1.100:39802,0,41,14,
1669596150.498001,10.10.1.100:39800,0,45,14,
1669596150.500810,10.10.1.100:39798,0,52,14,
1669596150.575757,10.10.1.100:39802,0,41,14,
1669596150.577262,10.10.1.100:39800,0,45,14,
1669596150.580484,10.10.1.100:39798,0,52,14,
1669596150.655408,10.10.1.100:39802,0,41,14,
1669596150.656965,10.10.1.100:39800,0,45,14,
1669596150.659829,10.10.1.100:39798,0,52,14,
1669596150.735477,10.10.1.100:39802,0,41,14,
1669596150.737063,10.10.1.100:39800,0,45,14,
1669596150.739928,10.10.1.100:39798,0,52,14,
1669596150.860736,10.10.1.100:39802,0,41,14,
1669596150.863520,10.10.1.100:39800,0,45,14,
1669596150.868484,10.10.1.100:39798,0,52,14,
1669596150.980994,10.10.1.100:39802,0,41,14,
1669596150.982529,10.10.1.100:39800,0,45,14,
1669596150.985383,10.10.1.100:39798,0,52,14,
1669596151.060389,10.10.1.100:39802,0,41,14,
1669596151.062013,10.10.1.100:39800,0,45,14,
1669596151.064820,10.10.1.100:39798,0,52,14,
1669596151.156545,10.10.1.100:39802,0,41,14,
1669596151.159376,10.10.1.100:39800,0,45,14,
1669596151.164509,10.10.1.100:39798,0,52,14,
1669596151.298773,10.10.1.100:39802,0,41,14,
1669596151.301495,10.10.1.100:39800,0,45,14,
1669596151.306562,10.10.1.100:39798,0,52,14,
1669596151.392282,10.10.1.100:39802,0,41,14,
1669596151.393893,10.10.1.100:39800,0,45,14,
1669596151.396696,10.10.1.100:39798,0,52,14,
1669596151.472387,10.10.1.100:39802,0,41,14,
1669596151.473984,10.10.1.100:39800,0,45,14,
1669596151.476802,10.10.1.100:39798,0,52,14,
1669596151.551984,10.10.1.100:39802,0,41,14,
1669596151.553545,10.10.1.100:39800,0,45,14,
1669596151.556420,10.10.1.100:39798,0,52,14,
1669596151.632040,10.10.1.100:39802,0,41,14,
1669596151.633487,10.10.1.100:39800,0,45,14,
1669596151.636365,10.10.1.100:39798,0,52,14,
1669596151.711388,10.10.1.100:39802,0,41,14,
1669596151.712872,10.10.1.100:39800,0,45,14,
1669596151.715699,10.10.1.100:39798,0,52,4,
1669596151.790627,10.10.1.100:39802,0,41,4,
1669596151.792127,10.10.1.100:39800,0,45,4,
1669596151.795001,10.10.1.100:39798,0,52,4,
1669596151.871778,10.10.1.100:39802,0,41,4,
1669596151.873347,10.10.1.100:39800,0,45,4,
1669596151.876172,10.10.1.100:39798,0,52,4,
1669596151.951088,10.10.1.100:39802,0,41,4,
1669596151.952606,10.10.1.100:39800,0,45,4,
1669596151.955773,10.10.1.100:39798,0,52,4,
1669596152.030242,10.10.1.100:39802,0,41,4,
1669596152.031776,10.10.1.100:39800,0,45,4,
1669596152.034674,10.10.1.100:39798,0,52,4,
1669596152.110472,10.10.1.100:39802,0,41,4,
1669596152.111956,10.10.1.100:39800,0,45,4,
1669596152.114844,10.10.1.100:39798,0,52,4,
1669596152.190716,10.10.1.100:39802,0,41,4,
1669596152.192289,10.10.1.100:39800,0,45,4,
1669596152.195174,10.10.1.100:39798,0,52,4,
1669596152.270406,10.10.1.100:39802,0,41,4,
1669596152.271961,10.10.1.100:39800,0,45,4,
1669596152.274830,10.10.1.100:39798,0,52,14,
1669596152.350557,10.10.1.100:39802,0,41,14,
1669596152.352120,10.10.1.100:39800,0,45,14,
1669596152.355049,10.10.1.100:39798,0,52,14,
1669596152.430648,10.10.1.100:39802,0,41,14,
1669596152.432172,10.10.1.100:39800,0,45,14,
1669596152.435062,10.10.1.100:39798,0,52,14,
1669596152.510841,10.10.1.100:39802,0,41,14,
1669596152.512376,10.10.1.100:39800,0,45,14,
1669596152.515290,10.10.1.100:39798,0,52,14,
1669596152.590639,10.10.1.100:39802,0,41,14,
1669596152.592199,10.10.1.100:39800,0,45,14,
1669596152.595086,10.10.1.100:39798,0,52,14,
1669596152.671782,10.10.1.100:39802,0,41,14,
1669596152.673423,10.10.1.100:39800,0,45,14,
1669596152.676272,10.10.1.100:39798,0,52,14,
1669596152.752534,10.10.1.100:39802,0,41,14,
1669596152.754065,10.10.1.100:39800,0,45,14,
1669596152.756861,10.10.1.100:39798,0,52,14,
1669596152.832572,10.10.1.100:39802,0,41,14,
1669596152.834150,10.10.1.100:39800,0,45,14,
1669596152.836897,10.10.1.100:39798,0,52,14,
1669596152.912812,10.10.1.100:39802,0,41,14,
1669596152.914283,10.10.1.100:39800,0,45,14,
1669596152.917189,10.10.1.100:39798,0,52,14,
1669596153.033909,10.10.1.100:39802,0,41,16,
1669596153.036679,10.10.1.100:39800,0,45,14,
1669596153.041671,10.10.1.100:39798,0,52,14,
1669596153.175002,10.10.1.100:39802,0,41,16,
1669596153.177663,10.10.1.100:39800,0,45,14,
1669596153.182803,10.10.1.100:39798,0,52,14,
1669596153.267213,10.10.1.100:39802,0,41,16,
1669596153.268666,10.10.1.100:39800,0,45,14,
1669596153.271547,10.10.1.100:39798,0,52,14,
1669596153.346465,10.10.1.100:39802,0,41,16,
1669596153.348012,10.10.1.100:39800,0,45,14,
1669596153.350824,10.10.1.100:39798,0,52,14,
1669596153.426177,10.10.1.100:39802,0,41,16,
1669596153.427696,10.10.1.100:39800,0,45,14,
1669596153.430532,10.10.1.100:39798,0,52,14,
1669596153.505482,10.10.1.100:39802,0,41,16,
1669596153.506996,10.10.1.100:39800,0,45,14,
1669596153.509858,10.10.1.100:39798,0,52,16,
1669596153.585295,10.10.1.100:39802,0,41,16,
1669596153.586814,10.10.1.100:39800,0,45,14,
1669596153.589654,10.10.1.100:39798,0,52,16,
1669596153.664665,10.10.1.100:39802,0,41,16,
1669596153.666209,10.10.1.100:39800,0,45,16,
1669596153.669040,10.10.1.100:39798,0,52,16,
1669596153.743878,10.10.1.100:39802,0,41,16,
1669596153.745406,10.10.1.100:39800,0,45,16,
1669596153.748282,10.10.1.100:39798,0,52,16,
1669596153.822907,10.10.1.100:39802,0,41,16,
1669596153.824416,10.10.1.100:39800,0,45,16,
1669596153.827326,10.10.1.100:39798,0,52,16,
1669596153.903173,10.10.1.100:39802,0,41,16,
1669596153.904647,10.10.1.100:39800,0,45,16,
1669596153.907492,10.10.1.100:39798,0,52,16,
1669596153.982916,10.10.1.100:39802,0,41,16,
1669596153.984472,10.10.1.100:39800,0,45,16,
1669596153.987318,10.10.1.100:39798,0,52,16,
1669596154.062171,10.10.1.100:39802,0,41,16,
1669596154.063727,10.10.1.100:39800,0,45,16,
1669596154.066526,10.10.1.100:39798,0,52,16,
1669596154.142028,10.10.1.100:39802,0,41,16,
1669596154.143564,10.10.1.100:39800,0,45,16,
1669596154.146408,10.10.1.100:39798,0,52,16,
1669596154.221582,10.10.1.100:39802,0,41,16,
1669596154.223123,10.10.1.100:39800,0,45,16,
1669596154.225967,10.10.1.100:39798,0,52,16,
1669596154.300695,10.10.1.100:39802,0,41,16,
1669596154.302253,10.10.1.100:39800,0,45,16,
1669596154.305087,10.10.1.100:39798,0,52,16,
1669596154.380247,10.10.1.100:39802,0,41,16,
1669596154.381833,10.10.1.100:39800,0,45,16,
1669596154.384634,10.10.1.100:39798,0,52,16,
1669596154.459896,10.10.1.100:39802,0,41,16,
1669596154.461429,10.10.1.100:39800,0,45,16,
1669596154.464305,10.10.1.100:39798,0,52,16,
1669596154.539380,10.10.1.100:39802,0,41,16,
1669596154.540898,10.10.1.100:39800,0,45,16,
1669596154.543816,10.10.1.100:39798,0,52,16,
1669596154.619095,10.10.1.100:39802,0,41,16,
1669596154.620663,10.10.1.100:39800,0,45,16,
1669596154.623503,10.10.1.100:39798,0,52,16,
1669596154.728432,10.10.1.100:39802,0,41,16,
1669596154.731247,10.10.1.100:39800,0,45,16,
1669596154.736363,10.10.1.100:39798,0,52,16,
1669596154.868405,10.10.1.100:39802,0,41,16,
1669596154.870906,10.10.1.100:39800,0,45,16,
1669596154.875555,10.10.1.100:39798,0,52,16,
1669596154.984753,10.10.1.100:39802,0,41,16,
1669596154.987588,10.10.1.100:39800,0,45,16,
1669596154.992725,10.10.1.100:39798,0,52,16,
1669596155.135969,10.10.1.100:39802,0,41,16,
1669596155.138737,10.10.1.100:39800,0,45,16,
1669596155.143851,10.10.1.100:39798,0,52,16,
1669596155.278342,10.10.1.100:39802,0,41,16,
1669596155.281403,10.10.1.100:39800,0,45,16,
1669596155.286560,10.10.1.100:39798,0,52,16,
1669596155.423376,10.10.1.100:39802,0,41,16,
1669596155.426356,10.10.1.100:39800,0,45,16,
1669596155.431810,10.10.1.100:39798,0,52,16,
1669596155.518016,10.10.1.100:39802,0,41,16,
1669596155.519639,10.10.1.100:39800,0,45,16,
1669596155.522686,10.10.1.100:39798,0,52,16,
1669596155.598305,10.10.1.100:39802,0,41,16,
1669596155.599904,10.10.1.100:39800,0,45,16,
1669596155.602968,10.10.1.100:39798,0,52,16,
1669596155.678913,10.10.1.100:39802,0,41,16,
1669596155.680517,10.10.1.100:39800,0,45,16,
1669596155.683615,10.10.1.100:39798,0,52,16,
1669596155.758972,10.10.1.100:39802,0,41,16,
1669596155.760612,10.10.1.100:39800,0,45,16,
1669596155.763724,10.10.1.100:39798,0,52,16,
1669596155.840038,10.10.1.100:39802,0,41,16,
1669596155.841707,10.10.1.100:39800,0,45,16,
1669596155.844768,10.10.1.100:39798,0,52,16,
1669596155.920720,10.10.1.100:39802,0,41,16,
1669596155.922341,10.10.1.100:39800,0,45,16,
1669596155.925405,10.10.1.100:39798,0,52,16,
1669596156.001028,10.10.1.100:39802,0,41,16,
1669596156.002714,10.10.1.100:39800,0,45,16,
1669596156.005731,10.10.1.100:39798,0,52,16,
1669596156.080845,10.10.1.100:39802,0,41,16,
1669596156.082502,10.10.1.100:39800,0,45,16,
1669596156.085543,10.10.1.100:39798,0,52,16,
1669596156.160956,10.10.1.100:39802,0,41,16,
1669596156.162605,10.10.1.100:39800,0,45,16,
1669596156.165606,10.10.1.100:39798,0,52,16,
1669596156.241315,10.10.1.100:39802,0,41,16,
1669596156.242980,10.10.1.100:39800,0,45,16,
1669596156.246021,10.10.1.100:39798,0,52,16,
1669596156.320857,10.10.1.100:39802,0,41,16,
1669596156.322513,10.10.1.100:39800,0,45,16,
1669596156.325561,10.10.1.100:39798,0,52,16,
1669596156.401092,10.10.1.100:39802,0,41,16,
1669596156.402710,10.10.1.100:39800,0,45,16,
1669596156.405845,10.10.1.100:39798,0,52,16,
1669596156.481534,10.10.1.100:39802,0,41,16,
1669596156.483212,10.10.1.100:39800,0,45,16,
1669596156.486290,10.10.1.100:39798,0,52,16,
1669596156.561452,10.10.1.100:39802,0,41,16,
1669596156.563098,10.10.1.100:39800,0,45,16,
1669596156.566176,10.10.1.100:39798,0,52,16,
1669596156.641866,10.10.1.100:39802,0,41,16,
1669596156.643563,10.10.1.100:39800,0,45,16,
1669596156.646703,10.10.1.100:39798,0,52,16,
1669596156.721919,10.10.1.100:39802,0,41,16,
1669596156.723507,10.10.1.100:39800,0,45,16,
1669596156.726588,10.10.1.100:39798,0,52,16,
1669596156.801456,10.10.1.100:39802,0,41,16,
1669596156.803196,10.10.1.100:39800,0,45,16,
1669596156.806243,10.10.1.100:39798,0,52,16,
1669596156.882598,10.10.1.100:39802,0,41,16,
1669596156.884201,10.10.1.100:39800,0,45,16,
1669596156.887215,10.10.1.100:39798,0,52,16,
1669596156.963093,10.10.1.100:39802,0,41,16,
1669596156.964663,10.10.1.100:39800,0,45,16,
1669596156.967768,10.10.1.100:39798,0,52,16,
1669596157.043057,10.10.1.100:39802,0,41,16,
1669596157.044645,10.10.1.100:39800,0,45,16,
1669596157.047645,10.10.1.100:39798,0,52,16,
1669596157.127616,10.10.1.100:39802,0,41,16,
1669596157.130559,10.10.1.100:39800,0,45,16,
1669596157.135600,10.10.1.100:39798,0,52,16,
1669596157.269752,10.10.1.100:39802,0,41,16,
1669596157.272523,10.10.1.100:39800,0,45,16,
1669596157.277654,10.10.1.100:39798,0,52,16,
1669596157.374545,10.10.1.100:39802,0,41,16,
1669596157.376104,10.10.1.100:39800,0,45,16,
1669596157.378953,10.10.1.100:39798,0,52,16,
1669596157.454480,10.10.1.100:39802,0,41,16,
1669596157.455961,10.10.1.100:39800,0,45,16,
1669596157.458868,10.10.1.100:39798,0,52,16,
1669596157.534109,10.10.1.100:39802,0,41,16,
1669596157.535600,10.10.1.100:39800,0,45,16,
1669596157.538415,10.10.1.100:39798,0,52,16,
1669596157.613640,10.10.1.100:39802,0,41,16,
1669596157.615249,10.10.1.100:39800,0,45,16,
1669596157.618050,10.10.1.100:39798,0,52,16,
1669596157.694547,10.10.1.100:39802,0,41,16,
1669596157.696043,10.10.1.100:39800,0,45,16,
1669596157.698842,10.10.1.100:39798,0,52,16,
1669596157.774188,10.10.1.100:39802,0,41,16,
1669596157.775714,10.10.1.100:39800,0,45,16,
1669596157.778523,10.10.1.100:39798,0,52,16,
1669596157.853435,10.10.1.100:39802,0,41,16,
1669596157.855034,10.10.1.100:39800,0,45,16,
1669596157.858514,10.10.1.100:39798,0,52,16,
1669596157.933721,10.10.1.100:39802,0,41,16,
1669596157.935269,10.10.1.100:39800,0,45,16,
1669596157.938087,10.10.1.100:39798,0,52,16,
1669596158.013028,10.10.1.100:39802,0,41,16,
1669596158.014605,10.10.1.100:39800,0,45,16,
1669596158.017435,10.10.1.100:39798,0,52,16,
1669596158.092184,10.10.1.100:39802,0,41,16,
1669596158.093758,10.10.1.100:39800,0,45,16,
1669596158.096586,10.10.1.100:39798,0,52,16,
1669596158.172841,10.10.1.100:39802,0,41,16,
1669596158.174424,10.10.1.100:39800,0,45,16,
1669596158.177212,10.10.1.100:39798,0,52,16,
1669596158.252857,10.10.1.100:39802,0,41,16,
1669596158.254400,10.10.1.100:39800,0,45,16,
1669596158.257214,10.10.1.100:39798,0,52,16,
1669596158.332778,10.10.1.100:39802,0,41,16,
1669596158.334306,10.10.1.100:39800,0,45,16,
1669596158.337194,10.10.1.100:39798,0,52,16,
1669596158.413007,10.10.1.100:39802,0,41,16,
1669596158.414729,10.10.1.100:39800,0,45,16,
1669596158.417695,10.10.1.100:39798,0,52,16,
1669596158.493233,10.10.1.100:39802,0,41,16,
1669596158.494897,10.10.1.100:39800,0,45,16,
1669596158.497892,10.10.1.100:39798,0,52,16,
1669596158.572941,10.10.1.100:39802,0,41,16,
1669596158.574570,10.10.1.100:39800,0,45,16,
1669596158.577577,10.10.1.100:39798,0,52,16,
1669596158.673058,10.10.1.100:39802,0,41,16,
1669596158.676010,10.10.1.100:39800,0,45,16,
1669596158.681054,10.10.1.100:39798,0,52,16,
1669596158.815361,10.10.1.100:39802,0,41,16,
1669596158.818190,10.10.1.100:39800,0,45,16,
1669596158.823217,10.10.1.100:39798,0,52,16,
1669596158.901585,10.10.1.100:39802,0,41,16,
1669596158.903158,10.10.1.100:39800,0,45,16,
1669596158.906013,10.10.1.100:39798,0,52,16,
1669596158.981234,10.10.1.100:39802,0,41,16,
1669596158.982803,10.10.1.100:39800,0,45,16,
1669596158.985663,10.10.1.100:39798,0,52,16,
1669596159.060705,10.10.1.100:39802,0,41,16,
1669596159.062252,10.10.1.100:39800,0,45,16,
1669596159.065066,10.10.1.100:39798,0,52,16,
1669596159.140325,10.10.1.100:39802,0,41,16,
1669596159.141902,10.10.1.100:39800,0,45,16,
1669596159.144698,10.10.1.100:39798,0,52,16,
1669596159.220938,10.10.1.100:39802,0,41,16,
1669596159.222426,10.10.1.100:39800,0,45,14,
1669596159.225276,10.10.1.100:39798,0,52,14,
1669596159.300474,10.10.1.100:39802,0,41,16,
1669596159.301996,10.10.1.100:39800,0,45,14,
1669596159.304796,10.10.1.100:39798,0,52,14,
1669596159.380086,10.10.1.100:39802,0,41,16,
1669596159.381636,10.10.1.100:39800,0,45,14,
1669596159.384518,10.10.1.100:39798,0,52,14,
1669596159.460012,10.10.1.100:39802,0,41,16,
1669596159.461486,10.10.1.100:39800,0,45,14,
1669596159.464331,10.10.1.100:39798,0,52,14,
1669596159.539488,10.10.1.100:39802,0,41,16,
1669596159.541099,10.10.1.100:39800,0,45,14,
1669596159.543954,10.10.1.100:39798,0,52,14,
1669596159.619465,10.10.1.100:39802,0,41,16,
1669596159.620953,10.10.1.100:39800,0,45,14,
1669596159.623805,10.10.1.100:39798,0,52,14,
1669596159.699297,10.10.1.100:39802,0,41,16,
1669596159.700850,10.10.1.100:39800,0,45,14,
1669596159.704008,10.10.1.100:39798,0,52,14,
1669596159.779128,10.10.1.100:39802,0,41,16,
1669596159.780658,10.10.1.100:39800,0,45,14,
1669596159.783509,10.10.1.100:39798,0,52,14,
1669596159.860118,10.10.1.100:39802,0,41,16,
1669596159.861602,10.10.1.100:39800,0,45,14,
1669596159.864431,10.10.1.100:39798,0,52,14,
1669596159.939543,10.10.1.100:39802,0,41,16,
1669596159.941191,10.10.1.100:39800,0,45,14,
1669596159.944101,10.10.1.100:39798,0,52,14,
1669596160.019552,10.10.1.100:39802,0,41,16,
1669596160.021055,10.10.1.100:39800,0,45,14,
1669596160.023876,10.10.1.100:39798,0,52,14,
1669596160.099090,10.10.1.100:39802,0,41,14,
1669596160.100691,10.10.1.100:39800,0,45,14,
1669596160.103574,10.10.1.100:39798,0,52,14,
1669596160.179203,10.10.1.100:39802,0,41,14,
1669596160.180759,10.10.1.100:39800,0,45,14,
1669596160.183605,10.10.1.100:39798,0,52,14,
1669596160.259281,10.10.1.100:39802,0,41,14,
1669596160.260878,10.10.1.100:39800,0,45,14,
1669596160.261121,10.10.1.100:39798,0,52,14,
1669596160.352778,10.10.1.100:39802,0,41,14,
1669596160.355147,10.10.1.100:39800,0,45,14,
1669596160.358138,10.10.1.100:39798,0,52,14,
1669596160.437253,10.10.1.100:39802,0,41,14,
1669596160.438951,10.10.1.100:39800,0,45,14,
1669596160.442012,10.10.1.100:39798,0,52,14,
1669596160.518139,10.10.1.100:39802,0,41,14,
1669596160.519674,10.10.1.100:39800,0,45,14,
1669596160.522574,10.10.1.100:39798,0,52,14,
1669596160.598351,10.10.1.100:39802,0,41,14,
1669596160.599867,10.10.1.100:39800,0,45,14,
1669596160.602708,10.10.1.100:39798,0,52,14,
1669596160.677581,10.10.1.100:39802,0,41,14,
1669596160.679127,10.10.1.100:39800,0,45,14,
1669596160.682021,10.10.1.100:39798,0,52,14,
1669596160.758020,10.10.1.100:39802,0,41,14,
1669596160.759568,10.10.1.100:39800,0,45,14,
1669596160.762449,10.10.1.100:39798,0,52,14,
1669596160.838192,10.10.1.100:39802,0,41,14,
1669596160.839765,10.10.1.100:39800,0,45,14,
1669596160.842635,10.10.1.100:39798,0,52,14,
1669596160.918248,10.10.1.100:39802,0,41,14,
1669596160.919782,10.10.1.100:39800,0,45,14,
1669596160.922685,10.10.1.100:39798,0,52,14,
1669596160.998083,10.10.1.100:39802,0,41,14,
1669596160.999643,10.10.1.100:39800,0,45,14,
1669596161.002545,10.10.1.100:39798,0,52,14,
1669596161.077097,10.10.1.100:39802,0,41,14,
1669596161.079021,10.10.1.100:39800,0,45,14,
1669596161.081901,10.10.1.100:39798,0,52,14,
1669596161.156971,10.10.1.100:39802,0,41,14,
1669596161.158529,10.10.1.100:39800,0,45,14,
1669596161.161341,10.10.1.100:39798,0,52,14,
1669596161.236711,10.10.1.100:39802,0,41,14,
1669596161.238217,10.10.1.100:39800,0,45,14,
1669596161.241125,10.10.1.100:39798,0,52,14,
1669596161.316176,10.10.1.100:39802,0,41,14,
1669596161.317691,10.10.1.100:39800,0,45,14,
1669596161.320537,10.10.1.100:39798,0,52,14,
1669596161.395998,10.10.1.100:39802,0,41,14,
1669596161.397472,10.10.1.100:39800,0,45,14,
1669596161.400340,10.10.1.100:39798,0,52,14,
1669596161.476110,10.10.1.100:39802,0,41,14,
1669596161.477609,10.10.1.100:39800,0,45,14,
1669596161.480461,10.10.1.100:39798,0,52,14,
1669596161.555669,10.10.1.100:39802,0,41,14,
1669596161.557174,10.10.1.100:39800,0,45,14,
1669596161.560031,10.10.1.100:39798,0,52,14,
1669596161.635289,10.10.1.100:39802,0,41,14,
1669596161.636796,10.10.1.100:39800,0,45,14,
1669596161.639674,10.10.1.100:39798,0,52,14,
1669596161.715062,10.10.1.100:39802,0,41,14,
1669596161.716536,10.10.1.100:39800,0,45,14,
1669596161.719392,10.10.1.100:39798,0,52,14,
1669596161.795224,10.10.1.100:39802,0,41,14,
1669596161.796722,10.10.1.100:39800,0,45,14,
1669596161.799554,10.10.1.100:39798,0,52,14,
1669596161.875494,10.10.1.100:39802,0,41,14,
1669596161.877029,10.10.1.100:39800,0,45,14,
1669596161.879910,10.10.1.100:39798,0,52,14,
1669596161.955360,10.10.1.100:39802,0,41,14,
1669596161.956861,10.10.1.100:39800,0,45,14,
1669596161.959772,10.10.1.100:39798,0,52,14,
1669596162.074195,10.10.1.100:39802,0,41,14,
1669596162.076764,10.10.1.100:39800,0,45,14,
1669596162.082213,10.10.1.100:39798,0,52,14,
1669596162.210110,10.10.1.100:39802,0,41,14,
1669596162.211655,10.10.1.100:39800,0,45,14,
1669596162.214498,10.10.1.100:39798,0,52,14,
1669596162.338198,10.10.1.100:39802,0,41,14,
1669596162.340854,10.10.1.100:39800,0,45,14,
1669596162.345876,10.10.1.100:39798,0,52,14,
1669596162.468195,10.10.1.100:39802,0,41,4,
1669596162.469739,10.10.1.100:39800,0,45,14,
1669596162.472562,10.10.1.100:39798,0,52,14,
1669596162.547660,10.10.1.100:39802,0,41,4,
1669596162.549164,10.10.1.100:39800,0,45,4,
1669596162.551996,10.10.1.100:39798,0,52,4,
1669596162.627734,10.10.1.100:39802,0,41,4,
1669596162.629247,10.10.1.100:39800,0,45,4,
1669596162.632057,10.10.1.100:39798,0,52,4,
1669596162.707561,10.10.1.100:39802,0,41,4,
1669596162.709139,10.10.1.100:39800,0,45,4,
1669596162.712009,10.10.1.100:39798,0,52,4,
1669596162.787634,10.10.1.100:39802,0,41,4,
1669596162.789207,10.10.1.100:39800,0,45,4,
1669596162.792048,10.10.1.100:39798,0,52,4,
1669596162.868837,10.10.1.100:39802,0,41,4,
1669596162.870390,10.10.1.100:39800,0,45,4,
1669596162.873261,10.10.1.100:39798,0,52,4,
1669596162.948292,10.10.1.100:39802,0,41,16,
1669596162.949836,10.10.1.100:39800,0,45,4,
1669596162.952628,10.10.1.100:39798,0,52,4,
1669596163.027852,10.10.1.100:39802,0,41,14,
1669596163.029511,10.10.1.100:39800,0,45,14,
1669596163.032344,10.10.1.100:39798,0,52,14,
1669596163.107619,10.10.1.100:39802,0,41,14,
1669596163.109129,10.10.1.100:39800,0,45,14,
1669596163.112000,10.10.1.100:39798,0,52,14,
1669596163.187478,10.10.1.100:39802,0,41,14,
1669596163.189033,10.10.1.100:39800,0,45,14,
1669596163.191863,10.10.1.100:39798,0,52,14,
1669596163.267988,10.10.1.100:39802,0,41,14,
1669596163.269529,10.10.1.100:39800,0,45,14,
1669596163.272406,10.10.1.100:39798,0,52,14,
1669596163.348544,10.10.1.100:39802,0,41,16,
1669596163.350115,10.10.1.100:39800,0,45,14,
1669596163.352940,10.10.1.100:39798,0,52,14,
1669596163.428401,10.10.1.100:39802,0,41,16,
1669596163.429951,10.10.1.100:39800,0,45,14,
1669596163.432770,10.10.1.100:39798,0,52,14,
1669596163.508151,10.10.1.100:39802,0,41,16,
1669596163.509679,10.10.1.100:39800,0,45,14,
1669596163.512490,10.10.1.100:39798,0,52,14,
1669596163.588217,10.10.1.100:39802,0,41,16,
1669596163.589738,10.10.1.100:39800,0,45,14,
1669596163.592570,10.10.1.100:39798,0,52,14,
1669596163.668171,10.10.1.100:39802,0,41,16,
1669596163.669662,10.10.1.100:39800,0,45,14,
1669596163.672493,10.10.1.100:39798,0,52,14,
1669596163.748379,10.10.1.100:39802,0,41,16,
1669596163.749969,10.10.1.100:39800,0,45,14,
1669596163.752750,10.10.1.100:39798,0,52,14,
1669596163.829025,10.10.1.100:39802,0,41,16,
1669596163.830611,10.10.1.100:39800,0,45,14,
1669596163.833411,10.10.1.100:39798,0,52,14,
1669596163.910245,10.10.1.100:39802,0,41,16,
1669596163.911787,10.10.1.100:39800,0,45,14,
1669596163.914669,10.10.1.100:39798,0,52,14,
1669596163.992118,10.10.1.100:39802,0,41,16,
1669596163.993612,10.10.1.100:39800,0,45,14,
1669596163.996522,10.10.1.100:39798,0,52,14,
1669596164.071904,10.10.1.100:39802,0,41,16,
1669596164.073450,10.10.1.100:39800,0,45,14,
1669596164.076284,10.10.1.100:39798,0,52,14,
1669596164.152329,10.10.1.100:39802,0,41,16,
1669596164.153917,10.10.1.100:39800,0,45,14,
1669596164.156777,10.10.1.100:39798,0,52,14,
1669596164.232289,10.10.1.100:39802,0,41,16,
1669596164.233822,10.10.1.100:39800,0,45,14,
1669596164.236726,10.10.1.100:39798,0,52,14,
1669596164.313050,10.10.1.100:39802,0,41,16,
1669596164.314983,10.10.1.100:39800,0,45,14,
1669596164.318569,10.10.1.100:39798,0,52,14,
1669596164.395206,10.10.1.100:39802,0,41,16,
1669596164.396759,10.10.1.100:39800,0,45,14,
1669596164.399597,10.10.1.100:39798,0,52,14,
1669596164.476596,10.10.1.100:39802,0,41,16,
1669596164.478196,10.10.1.100:39800,0,45,14,
1669596164.481011,10.10.1.100:39798,0,52,14,
1669596164.555814,10.10.1.100:39802,0,41,16,
1669596164.557345,10.10.1.100:39800,0,45,14,
1669596164.560237,10.10.1.100:39798,0,52,14,
1669596164.635296,10.10.1.100:39802,0,41,16,
1669596164.636819,10.10.1.100:39800,0,45,14,
1669596164.639854,10.10.1.100:39798,0,52,14,
1669596164.715384,10.10.1.100:39802,0,41,16,
1669596164.716963,10.10.1.100:39800,0,45,14,
1669596164.719857,10.10.1.100:39798,0,52,14,
1669596164.795131,10.10.1.100:39802,0,41,16,
1669596164.796719,10.10.1.100:39800,0,45,14,
1669596164.799544,10.10.1.100:39798,0,52,14,
1669596164.875517,10.10.1.100:39802,0,41,16,
1669596164.877126,10.10.1.100:39800,0,45,14,
1669596164.879969,10.10.1.100:39798,0,52,14,
1669596164.955509,10.10.1.100:39802,0,41,16,
1669596164.957050,10.10.1.100:39800,0,45,14,
1669596164.959913,10.10.1.100:39798,0,52,14,
1669596165.034723,10.10.1.100:39802,0,41,16,
1669596165.036199,10.10.1.100:39800,0,45,14,
1669596165.039119,10.10.1.100:39798,0,52,14,
1669596165.114362,10.10.1.100:39802,0,41,16,
1669596165.115856,10.10.1.100:39800,0,45,14,
1669596165.118799,10.10.1.100:39798,0,52,14,
1669596165.194959,10.10.1.100:39802,0,41,16,
1669596165.196462,10.10.1.100:39800,0,45,14,
1669596165.199384,10.10.1.100:39798,0,52,14,
1669596165.274978,10.10.1.100:39802,0,41,16,
1669596165.276513,10.10.1.100:39800,0,45,14,
1669596165.279408,10.10.1.100:39798,0,52,14,
1669596165.356015,10.10.1.100:39802,0,41,16,
1669596165.357776,10.10.1.100:39800,0,45,14,
1669596165.360673,10.10.1.100:39798,0,52,14,
1669596165.436581,10.10.1.100:39802,0,41,16,
1669596165.438158,10.10.1.100:39800,0,45,14,
1669596165.441066,10.10.1.100:39798,0,52,14,
1669596165.517267,10.10.1.100:39802,0,41,16,
1669596165.518852,10.10.1.100:39800,0,45,14,
1669596165.521757,10.10.1.100:39798,0,52,14,
1669596165.597401,10.10.1.100:39802,0,41,16,
1669596165.598984,10.10.1.100:39800,0,45,14,
1669596165.602003,10.10.1.100:39798,0,52,16,
1669596165.676848,10.10.1.100:39802,0,41,16,
1669596165.678387,10.10.1.100:39800,0,45,14,
1669596165.681299,10.10.1.100:39798,0,52,16,
1669596165.756672,10.10.1.100:39802,0,41,16,
1669596165.758263,10.10.1.100:39800,0,45,14,
1669596165.761097,10.10.1.100:39798,0,52,16,
1669596165.836212,10.10.1.100:39802,0,41,16,
1669596165.837735,10.10.1.100:39800,0,45,14,
1669596165.840656,10.10.1.100:39798,0,52,16,
1669596165.915912,10.10.1.100:39802,0,41,16,
1669596165.917402,10.10.1.100:39800,0,45,14,
1669596165.920242,10.10.1.100:39798,0,52,16,
1669596165.994657,10.10.1.100:39802,0,41,16,
1669596165.996198,10.10.1.100:39800,0,45,14,
1669596165.999038,10.10.1.100:39798,0,52,16,
1669596166.073382,10.10.1.100:39802,0,41,16,
1669596166.075014,10.10.1.100:39800,0,45,14,
1669596166.077824,10.10.1.100:39798,0,52,16,
1669596166.153210,10.10.1.100:39802,0,41,16,
1669596166.154811,10.10.1.100:39800,0,45,14,
1669596166.157588,10.10.1.100:39798,0,52,16,
1669596166.233129,10.10.1.100:39802,0,41,16,
1669596166.234729,10.10.1.100:39800,0,45,14,
1669596166.237498,10.10.1.100:39798,0,52,16,
1669596166.312580,10.10.1.100:39802,0,41,16,
1669596166.314107,10.10.1.100:39800,0,45,14,
1669596166.316926,10.10.1.100:39798,0,52,16,
1669596166.392036,10.10.1.100:39802,0,41,16,
1669596166.393635,10.10.1.100:39800,0,45,14,
1669596166.396519,10.10.1.100:39798,0,52,16,
1669596166.471606,10.10.1.100:39802,0,41,16,
1669596166.473146,10.10.1.100:39800,0,45,14,
1669596166.475977,10.10.1.100:39798,0,52,16,
1669596166.550698,10.10.1.100:39802,0,41,16,
1669596166.552226,10.10.1.100:39800,0,45,14,
1669596166.553829,10.10.1.100:39798,0,52,16,
1669596166.645615,10.10.1.100:39802,0,41,16,
1669596166.647266,10.10.1.100:39800,0,45,14,
1669596166.650230,10.10.1.100:39798,0,52,16,
1669596166.728025,10.10.1.100:39802,0,41,16,
1669596166.729540,10.10.1.100:39800,0,45,14,
1669596166.732465,10.10.1.100:39798,0,52,16,
1669596166.807118,10.10.1.100:39802,0,41,16,
1669596166.808618,10.10.1.100:39800,0,45,14,
1669596166.811483,10.10.1.100:39798,0,52,16,
1669596166.886888,10.10.1.100:39802,0,41,16,
1669596166.888407,10.10.1.100:39800,0,45,14,
1669596166.891261,10.10.1.100:39798,0,52,16,
1669596166.966632,10.10.1.100:39802,0,41,16,
1669596166.968125,10.10.1.100:39800,0,45,14,
1669596166.970951,10.10.1.100:39798,0,52,16,
1669596167.045005,10.10.1.100:39802,0,41,16,
1669596167.046639,10.10.1.100:39800,0,45,14,
1669596167.049436,10.10.1.100:39798,0,52,16,
1669596167.124662,10.10.1.100:39802,0,41,16,
1669596167.126263,10.10.1.100:39800,0,45,14,
1669596167.129115,10.10.1.100:39798,0,52,16,
1669596167.204583,10.10.1.100:39802,0,41,16,
1669596167.206132,10.10.1.100:39800,0,45,14,
1669596167.208994,10.10.1.100:39798,0,52,16,
1669596167.284025,10.10.1.100:39802,0,41,16,
1669596167.285541,10.10.1.100:39800,0,45,14,
1669596167.288495,10.10.1.100:39798,0,52,16,
1669596167.363887,10.10.1.100:39802,0,41,16,
1669596167.365487,10.10.1.100:39800,0,45,14,
1669596167.368332,10.10.1.100:39798,0,52,16,
1669596167.443352,10.10.1.100:39802,0,41,16,
1669596167.444984,10.10.1.100:39800,0,45,14,
1669596167.447831,10.10.1.100:39798,0,52,16,
1669596167.527610,10.10.1.100:39802,0,41,16,
1669596167.530353,10.10.1.100:39800,0,45,14,
1669596167.535366,10.10.1.100:39798,0,52,16,
1669596167.669616,10.10.1.100:39802,0,41,16,
1669596167.672372,10.10.1.100:39800,0,45,14,
1669596167.677289,10.10.1.100:39798,0,52,16,
1669596167.764428,10.10.1.100:39802,0,41,16,
1669596167.765997,10.10.1.100:39800,0,45,14,
1669596167.768799,10.10.1.100:39798,0,52,16,
1669596167.844016,10.10.1.100:39802,0,41,16,
1669596167.845548,10.10.1.100:39800,0,45,14,
1669596167.848375,10.10.1.100:39798,0,52,16,
1669596167.923803,10.10.1.100:39802,0,41,16,
1669596167.925331,10.10.1.100:39800,0,45,14,
1669596167.928166,10.10.1.100:39798,0,52,16,
1669596168.003704,10.10.1.100:39802,0,41,16,
1669596168.005187,10.10.1.100:39800,0,45,14,
1669596168.008006,10.10.1.100:39798,0,52,16,
1669596168.083164,10.10.1.100:39802,0,41,16,
1669596168.084725,10.10.1.100:39800,0,45,14,
1669596168.087547,10.10.1.100:39798,0,52,16,
1669596168.162247,10.10.1.100:39802,0,41,16,
1669596168.163821,10.10.1.100:39800,0,45,14,
1669596168.166698,10.10.1.100:39798,0,52,16,
1669596168.241929,10.10.1.100:39802,0,41,16,
1669596168.243445,10.10.1.100:39800,0,45,14,
1669596168.246268,10.10.1.100:39798,0,52,16,
1669596168.322152,10.10.1.100:39802,0,41,16,
1669596168.323652,10.10.1.100:39800,0,45,14,
1669596168.326656,10.10.1.100:39798,0,52,16,
1669596168.402253,10.10.1.100:39802,0,41,16,
1669596168.403800,10.10.1.100:39800,0,45,14,
1669596168.406647,10.10.1.100:39798,0,52,16,
1669596168.481454,10.10.1.100:39802,0,41,16,
1669596168.483027,10.10.1.100:39800,0,45,14,
1669596168.485978,10.10.1.100:39798,0,52,16,
1669596168.561320,10.10.1.100:39802,0,41,16,
1669596168.562899,10.10.1.100:39800,0,45,14,
1669596168.565699,10.10.1.100:39798,0,52,16,
1669596168.640837,10.10.1.100:39802,0,41,16,
1669596168.642440,10.10.1.100:39800,0,45,14,
1669596168.645362,10.10.1.100:39798,0,52,16,
1669596168.721921,10.10.1.100:39802,0,41,16,
1669596168.723429,10.10.1.100:39800,0,45,14,
1669596168.726245,10.10.1.100:39798,0,52,16,
1669596168.801629,10.10.1.100:39802,0,41,16,
1669596168.803225,10.10.1.100:39800,0,45,14,
1669596168.806043,10.10.1.100:39798,0,52,16,
1669596168.881665,10.10.1.100:39802,0,41,16,
1669596168.883197,10.10.1.100:39800,0,45,14,
1669596168.886005,10.10.1.100:39798,0,52,16,
1669596168.961023,10.10.1.100:39802,0,41,16,
1669596168.962602,10.10.1.100:39800,0,45,14,
1669596168.965473,10.10.1.100:39798,0,52,16,
1669596169.102039,10.10.1.100:39802,0,41,16,
1669596169.105307,10.10.1.100:39800,0,45,14,
1669596169.111404,10.10.1.100:39798,0,52,16,
1669596169.245448,10.10.1.100:39802,0,41,16,
1669596169.248227,10.10.1.100:39800,0,45,14,
1669596169.253177,10.10.1.100:39798,0,52,16,
1669596169.362162,10.10.1.100:39802,0,41,16,
1669596169.363737,10.10.1.100:39800,0,45,14,
1669596169.366587,10.10.1.100:39798,0,52,16,
1669596169.441858,10.10.1.100:39802,0,41,16,
1669596169.443358,10.10.1.100:39800,0,45,14,
1669596169.446160,10.10.1.100:39798,0,52,16,
1669596169.521573,10.10.1.100:39802,0,41,16,
1669596169.523162,10.10.1.100:39800,0,45,14,
1669596169.525977,10.10.1.100:39798,0,52,16,
1669596169.601323,10.10.1.100:39802,0,41,16,
1669596169.602850,10.10.1.100:39800,0,45,14,
1669596169.605653,10.10.1.100:39798,0,52,16,
1669596169.705950,10.10.1.100:39802,0,41,16,
1669596169.708742,10.10.1.100:39800,0,45,14,
1669596169.713701,10.10.1.100:39798,0,52,16,
1669596169.845461,10.10.1.100:39802,0,41,16,
1669596169.847996,10.10.1.100:39800,0,45,14,
1669596169.852649,10.10.1.100:39798,0,52,16,
1669596169.985575,10.10.1.100:39802,0,41,16,
1669596169.988273,10.10.1.100:39800,0,45,14,
1669596169.990802,10.10.1.100:39796,,,10,
1669596169.993193,10.10.1.100:39798,0,52,16,
1669596170.105828,10.10.1.100:39802,0,41,16,
1669596170.107375,10.10.1.100:39800,0,45,14,
1669596170.108798,10.10.1.100:39796,,,10,
1669596170.110227,10.10.1.100:39798,0,52,16,
1669596170.185184,10.10.1.100:39802,0,41,16,
1669596170.186744,10.10.1.100:39800,0,45,14,
1669596170.188193,10.10.1.100:39796,0,1,10,
1669596170.189645,10.10.1.100:39798,0,52,16,
1669596170.265055,10.10.1.100:39802,0,41,16,
1669596170.266698,10.10.1.100:39800,0,45,14,
1669596170.268094,10.10.1.100:39796,0,1,10,
1669596170.269495,10.10.1.100:39798,0,52,16,
1669596170.345223,10.10.1.100:39802,0,41,16,
1669596170.346797,10.10.1.100:39800,0,45,14,
1669596170.348196,10.10.1.100:39796,1,2,1,7
1669596170.349626,10.10.1.100:39798,0,52,16,
1669596170.475677,10.10.1.100:39802,0,41,16,
1669596170.478931,10.10.1.100:39800,0,45,14,
1669596170.481441,10.10.1.100:39796,1,2,1,7
1669596170.483920,10.10.1.100:39798,0,52,16,
1669596170.602150,10.10.1.100:39796,0,2,10,
1669596170.678024,10.10.1.100:39796,0,2,10,
1669596170.753213,10.10.1.100:39796,0,2,10,
1669596170.829059,10.10.1.100:39796,0,2,10,
1669596170.903992,10.10.1.100:39796,0,2,10,
1669596170.981620,10.10.1.100:39796,0,2,10,
